timestamp,temperature,humidity,pressure,sensor_id
2024-01-01 00:00:00,21.0,66.97,1010.25,S2
2024-01-01 01:00:00,18.43,74.78,1009.02,S2
2024-01-01 02:00:00,22.08,68.96,1015.1,S3
2024-01-01 03:00:00,18.41,75.7,1010.88,S3
2024-01-01 04:00:00,23.53,71.2,1016.66,S2
2024-01-01 05:00:00,16.09,74.75,1005.84,S2
2024-01-01 06:00:00,18.95,65.94,1011.27,S1
2024-01-01 07:00:00,21.29,79.56,1010.94,S1
2024-01-01 08:00:00,22.41,80.48,1030.9,S1
2024-01-01 09:00:00,18.71,72.24,1016.13,S1
2024-01-01 10:00:00,18.36,89.01,1021.45,S1
2024-01-01 11:00:00,20.38,78.8,1031.41,S3
2024-01-01 12:00:00,23.9,73.71,1015.52,S1
2024-01-01 13:00:00,17.02,72.54,1010.71,S2
2024-01-01 14:00:00,19.47,71.09,1003.13,S3
2024-01-01 15:00:00,20.63,72.05,1000.67,S1
2024-01-01 16:00:00,18.52,74.45,991.42,S1
2024-01-01 17:00:00,18.52,74.78,1021.85,S1
2024-01-01 18:00:00,19.66,67.98,1017.58,S2
2024-01-01 19:00:00,20.72,81.77,1010.67,S1
2024-01-01 20:00:00,19.75,78.93,1010.42,S2
2024-01-01 21:00:00,23.08,84.23,1003.0,S2
2024-01-01 22:00:00,21.34,76.84,1017.96,S1
2024-01-01 23:00:00,20.93,80.23,1006.98,S1
2024-01-02 00:00:00,22.23,68.75,1010.37,S3
2024-01-02 01:00:00,20.98,78.01,1001.9,S3
2024-01-02 02:00:00,19.3,66.04,1003.64,S3
2024-01-02 03:00:00,19.67,70.14,1022.31,S2
2024-01-02 04:00:00,17.94,87.53,1024.13,S1
2024-01-02 05:00:00,24.22,73.25,1000.63,S3
2024-01-02 06:00:00,22.08,74.9,1018.94,S2
2024-01-02 07:00:00,15.1,78.51,1005.6,S3
2024-01-02 08:00:00,22.9,74.8,1008.01,S3
2024-01-02 09:00:00,17.3,69.89,1025.01,S1
2024-01-02 10:00:00,21.29,70.01,1010.14,S1
2024-01-02 11:00:00,15.84,79.0,1010.06,S2
2024-01-02 12:00:00,19.4,76.49,996.58,S1
2024-01-02 13:00:00,22.95,79.18,1009.62,S3
2024-01-02 14:00:00,23.07,77.93,1006.74,S2
2024-01-02 15:00:00,20.89,75.3,1017.59,S2
2024-01-02 16:00:00,21.86,75.06,1007.58,S2
2024-01-02 17:00:00,17.47,75.48,1025.24,S2
2024-01-02 18:00:00,21.38,73.17,1016.96,S1
2024-01-02 19:00:00,22.01,73.23,1014.97,S3
2024-01-02 20:00:00,25.46,77.5,1020.03,S1
2024-01-02 21:00:00,19.08,82.2,1015.01,S1
2024-01-02 22:00:00,20.36,66.61,1020.27,S2
2024-01-02 23:00:00,20.49,86.93,1011.53,S1
2024-01-03 00:00:00,21.74,78.45,1012.12,S1
2024-01-03 01:00:00,22.11,77.17,1004.95,S3
2024-01-03 02:00:00,22.48,69.95,1005.86,S2
2024-01-03 03:00:00,22.34,71.43,1026.0,S1
2024-01-03 04:00:00,17.41,78.05,1017.67,S2
2024-01-03 05:00:00,15.15,76.24,997.61,S3
2024-01-03 06:00:00,19.36,68.53,1023.58,S1
2024-01-03 07:00:00,20.32,70.68,1014.25,S3
2024-01-03 08:00:00,19.18,71.29,1005.07,S3
2024-01-03 09:00:00,19.49,70.86,1030.86,S2
2024-01-03 10:00:00,19.74,76.34,1025.59,S2
2024-01-03 11:00:00,21.58,69.87,1020.55,S2
2024-01-03 12:00:00,18.36,78.88,1014.59,S1
2024-01-03 13:00:00,20.28,67.56,1016.4,S2
2024-01-03 14:00:00,20.3,79.87,991.33,S1
2024-01-03 15:00:00,21.56,90.28,1020.48,S3
2024-01-03 16:00:00,22.78,78.88,1014.81,S2
2024-01-03 17:00:00,23.83,72.26,1015.42,S3
2024-01-03 18:00:00,18.98,72.48,1015.21,S2
2024-01-03 19:00:00,16.48,69.37,1008.31,S3
2024-01-03 20:00:00,20.0,80.37,1003.51,S1
2024-01-03 21:00:00,17.32,75.8,1013.93,S3
2024-01-03 22:00:00,25.97,65.93,999.67,S1
2024-01-03 23:00:00,18.76,67.71,1015.82,S2
2024-01-04 00:00:00,21.64,66.19,1002.72,S2
2024-01-04 01:00:00,22.39,78.79,1022.66,S2
2024-01-04 02:00:00,21.21,69.97,998.74,S1
2024-01-04 03:00:00,24.69,79.15,1012.56,S2
2024-01-04 04:00:00,20.14,72.19,1013.75,S1
2024-01-04 05:00:00,18.88,78.94,1025.19,S1
2024-01-04 06:00:00,18.79,73.69,1015.56,S3
2024-01-04 07:00:00,22.07,79.73,1004.87,S2
2024-01-04 08:00:00,20.19,71.01,1004.08,S3
2024-01-04 09:00:00,18.81,71.3,1027.47,S1
2024-01-04 10:00:00,21.47,72.7,1012.63,S3
2024-01-04 11:00:00,22.01,79.14,1011.06,S2
2024-01-04 12:00:00,21.14,69.56,1006.05,S1
2024-01-04 13:00:00,22.41,72.09,1000.87,S3
2024-01-04 14:00:00,20.79,73.72,1032.01,S2
2024-01-04 15:00:00,19.44,76.97,1013.63,S2
2024-01-04 16:00:00,22.25,72.99,1001.99,S3
2024-01-04 17:00:00,18.86,77.86,1020.42,S1
2024-01-04 18:00:00,18.39,71.23,1018.97,S2
2024-01-04 19:00:00,22.96,79.91,1000.51,S1
2024-01-04 20:00:00,19.96,78.75,1007.15,S2
2024-01-04 21:00:00,24.0,72.1,1017.59,S1
2024-01-04 22:00:00,22.39,78.57,1020.25,S1
2024-01-04 23:00:00,19.83,69.51,1005.38,S2
2024-01-05 00:00:00,21.66,75.77,994.35,S3
2024-01-05 01:00:00,25.75,71.02,1015.46,S3
2024-01-05 02:00:00,22.21,76.53,1021.57,S3
2024-01-05 03:00:00,21.87,74.11,1012.42,S1
2024-01-05 04:00:00,19.53,71.17,1009.94,S3
2024-01-05 05:00:00,24.41,67.1,1028.87,S3
2024-01-05 06:00:00,23.37,73.88,992.88,S2
2024-01-05 07:00:00,19.57,80.92,1020.24,S1
2024-01-05 08:00:00,24.51,76.38,1020.83,S3
2024-01-05 09:00:00,21.08,67.14,1005.28,S2
2024-01-05 10:00:00,19.08,73.79,989.87,S1
2024-01-05 11:00:00,19.57,80.9,1020.58,S2
2024-01-05 12:00:00,22.53,73.41,1016.22,S3
2024-01-05 13:00:00,19.11,70.09,1027.21,S1
2024-01-05 14:00:00,18.58,83.69,1007.35,S1
2024-01-05 15:00:00,19.92,69.55,1014.75,S3
2024-01-05 16:00:00,20.22,73.82,996.22,S2
2024-01-05 17:00:00,19.46,71.88,1020.23,S1
2024-01-05 18:00:00,19.91,78.21,997.68,S1
2024-01-05 19:00:00,22.66,77.36,1012.63,S1
2024-01-05 20:00:00,21.34,70.47,1002.59,S3
2024-01-05 21:00:00,19.81,71.45,1016.38,S2
2024-01-05 22:00:00,19.99,75.64,1011.11,S3
2024-01-05 23:00:00,20.59,76.04,1010.72,S1
2024-01-06 00:00:00,20.71,73.8,1012.38,S2
2024-01-06 01:00:00,20.73,73.41,1013.32,S2
2024-01-06 02:00:00,22.63,68.8,1027.06,S3
2024-01-06 03:00:00,21.28,84.19,1017.72,S3
2024-01-06 04:00:00,21.34,78.13,1006.16,S1
2024-01-06 05:00:00,23.75,74.97,1006.95,S3
2024-01-06 06:00:00,24.66,79.82,1023.14,S3
2024-01-06 07:00:00,18.45,73.92,1002.29,S3
2024-01-06 08:00:00,17.76,70.86,1013.12,S3
2024-01-06 09:00:00,20.23,76.67,996.12,S3
2024-01-06 10:00:00,22.5,75.63,1011.83,S1
2024-01-06 11:00:00,21.69,83.34,1001.97,S2
2024-01-06 12:00:00,23.05,71.25,1006.51,S3
2024-01-06 13:00:00,20.17,70.12,1014.89,S2
2024-01-06 14:00:00,17.05,85.44,1019.05,S2
2024-01-06 15:00:00,18.23,80.85,1005.85,S3
2024-01-06 16:00:00,22.1,78.11,1024.22,S3
2024-01-06 17:00:00,23.1,71.51,1001.15,S2
2024-01-06 18:00:00,17.17,77.02,1020.83,S1
2024-01-06 19:00:00,23.82,68.47,1008.82,S2
2024-01-06 20:00:00,21.93,72.36,1022.56,S1
2024-01-06 21:00:00,20.87,69.11,1008.81,S2
2024-01-06 22:00:00,19.76,71.16,1006.05,S3
2024-01-06 23:00:00,24.21,68.96,1019.09,S1
2024-01-07 00:00:00,22.83,78.4,1017.41,S2
2024-01-07 01:00:00,22.02,83.86,1007.59,S1
2024-01-07 02:00:00,19.58,79.8,1018.42,S3
2024-01-07 03:00:00,24.28,78.66,1011.68,S1
2024-01-07 04:00:00,21.12,73.23,1014.47,S3
2024-01-07 05:00:00,21.66,75.88,1016.37,S3
2024-01-07 06:00:00,21.22,69.55,998.94,S1
2024-01-07 07:00:00,19.55,68.42,1013.03,S3
2024-01-07 08:00:00,21.73,67.65,998.37,S3
2024-01-07 09:00:00,22.49,68.81,1002.51,S3
2024-01-07 10:00:00,20.22,78.34,1011.91,S1
2024-01-07 11:00:00,21.58,78.89,1022.78,S3
2024-01-07 12:00:00,21.23,70.4,1010.66,S2
2024-01-07 13:00:00,22.95,76.37,1009.46,S3
2024-01-07 14:00:00,20.53,80.61,1008.48,S2
2024-01-07 15:00:00,21.59,74.14,1016.92,S1
2024-01-07 16:00:00,22.02,71.18,1001.81,S2
2024-01-07 17:00:00,20.51,72.82,998.95,S3
2024-01-07 18:00:00,19.51,82.05,1026.52,S3
2024-01-07 19:00:00,19.84,74.55,1017.14,S3
2024-01-07 20:00:00,21.99,85.57,1005.98,S3
2024-01-07 21:00:00,20.71,71.56,1006.58,S3
2024-01-07 22:00:00,20.69,72.36,1007.44,S3
2024-01-07 23:00:00,22.4,67.87,999.94,S1
2024-01-08 00:00:00,23.24,80.25,1009.87,S3
2024-01-08 01:00:00,23.59,75.36,1013.23,S2
2024-01-08 02:00:00,19.99,70.39,1026.55,S2
2024-01-08 03:00:00,23.07,73.09,1014.06,S2
2024-01-08 04:00:00,25.4,77.31,1020.42,S1
2024-01-08 05:00:00,21.49,70.75,1010.09,S2
2024-01-08 06:00:00,21.1,76.59,1008.41,S2
2024-01-08 07:00:00,20.69,79.38,1012.94,S2
2024-01-08 08:00:00,19.13,72.71,1021.56,S1
2024-01-08 09:00:00,22.95,65.57,1007.01,S2
2024-01-08 10:00:00,21.14,73.53,1015.22,S2
2024-01-08 11:00:00,20.98,72.36,1014.95,S1
2024-01-08 12:00:00,22.66,68.65,1012.75,S3
2024-01-08 13:00:00,22.85,77.81,1021.63,S2
2024-01-08 14:00:00,20.1,78.0,1013.42,S3
2024-01-08 15:00:00,20.15,75.96,1011.59,S2
2024-01-08 16:00:00,20.07,72.7,1012.47,S1
2024-01-08 17:00:00,25.55,75.54,991.82,S3
2024-01-08 18:00:00,24.28,71.62,1011.41,S1
2024-01-08 19:00:00,22.75,78.29,1002.35,S3
2024-01-08 20:00:00,20.59,72.68,1010.93,S1
2024-01-08 21:00:00,20.84,73.6,1012.76,S3
2024-01-08 22:00:00,22.09,74.02,1017.59,S3
2024-01-08 23:00:00,25.78,91.2,1033.14,S3
2024-01-09 00:00:00,21.95,69.76,1026.45,S2
2024-01-09 01:00:00,22.4,72.5,1012.89,S3
2024-01-09 02:00:00,16.29,66.84,1018.59,S3
2024-01-09 03:00:00,21.91,76.12,1009.0,S2
2024-01-09 04:00:00,18.61,83.51,1014.92,S2
2024-01-09 05:00:00,20.43,73.71,1015.14,S1
2024-01-09 06:00:00,21.51,71.64,1003.2,S1
2024-01-09 07:00:00,20.82,74.54,1008.39,S2
2024-01-09 08:00:00,20.16,80.02,996.03,S2
2024-01-09 09:00:00,20.18,81.75,1011.25,S2
2024-01-09 10:00:00,21.02,69.61,1012.64,S2
2024-01-09 11:00:00,20.94,78.13,1012.27,S2
2024-01-09 12:00:00,21.5,74.33,1002.99,S1
2024-01-09 13:00:00,21.36,82.05,1012.2,S2
2024-01-09 14:00:00,24.03,86.31,1014.62,S2
2024-01-09 15:00:00,17.38,83.94,1017.62,S1
2024-01-09 16:00:00,21.98,69.9,1015.68,S3
2024-01-09 17:00:00,21.64,70.62,1009.87,S1
2024-01-09 18:00:00,21.23,83.3,1011.58,S1
2024-01-09 19:00:00,20.1,74.31,1015.56,S2
2024-01-09 20:00:00,21.22,70.98,1008.76,S3
2024-01-09 21:00:00,18.25,68.01,1004.47,S1
2024-01-09 22:00:00,21.94,75.52,1009.22,S3
2024-01-09 23:00:00,22.31,72.76,1016.87,S1
2024-01-10 00:00:00,20.13,76.77,1020.22,S2
2024-01-10 01:00:00,25.43,75.77,1022.32,S1
2024-01-10 02:00:00,21.32,68.74,1004.52,S1
2024-01-10 03:00:00,21.65,70.73,1032.25,S1
2024-01-10 04:00:00,24.24,79.54,1005.93,S3
2024-01-10 05:00:00,25.86,79.98,1010.73,S3
2024-01-10 06:00:00,19.34,72.95,1024.9,S2
2024-01-10 07:00:00,20.44,75.69,996.33,S3
2024-01-10 08:00:00,21.39,69.6,1014.31,S3
2024-01-10 09:00:00,20.12,74.54,1010.12,S3
2024-01-10 10:00:00,23.31,80.33,999.05,S2
2024-01-10 11:00:00,19.92,83.14,999.2,S2
2024-01-10 12:00:00,24.16,74.17,1024.22,S2
2024-01-10 13:00:00,22.88,73.23,1018.16,S2
2024-01-10 14:00:00,23.97,67.61,1022.48,S1
2024-01-10 15:00:00,19.95,71.8,1002.6,S2
2024-01-10 16:00:00,20.89,74.45,1015.88,S2
2024-01-10 17:00:00,23.46,73.92,1035.58,S1
2024-01-10 18:00:00,23.1,71.95,1010.63,S1
2024-01-10 19:00:00,21.1,80.72,1013.5,S3
2024-01-10 20:00:00,21.4,76.86,1013.11,S3
2024-01-10 21:00:00,20.82,73.96,1011.91,S2
2024-01-10 22:00:00,21.36,78.2,1005.21,S3
2024-01-10 23:00:00,19.78,74.65,1013.44,S1
2024-01-11 00:00:00,19.45,82.54,1029.28,S3
2024-01-11 01:00:00,23.73,70.8,1012.5,S3
2024-01-11 02:00:00,21.32,76.42,1025.21,S2
2024-01-11 03:00:00,24.04,64.14,1041.56,S1
2024-01-11 04:00:00,22.93,72.81,1004.86,S1
2024-01-11 05:00:00,22.37,75.53,1018.4,S3
2024-01-11 06:00:00,20.33,73.16,1001.36,S3
2024-01-11 07:00:00,19.34,69.24,1011.59,S3
2024-01-11 08:00:00,20.86,71.29,1037.95,S2
2024-01-11 09:00:00,24.84,69.73,1019.47,S3
2024-01-11 10:00:00,23.56,74.16,1016.06,S3
2024-01-11 11:00:00,20.69,78.68,1001.17,S2
2024-01-11 12:00:00,20.91,73.02,1006.95,S1
2024-01-11 13:00:00,19.95,83.8,1004.65,S2
2024-01-11 14:00:00,18.72,75.9,1002.7,S3
2024-01-11 15:00:00,22.02,64.51,1021.29,S3
2024-01-11 16:00:00,25.28,76.41,1019.9,S1
2024-01-11 17:00:00,25.31,74.49,1011.35,S2
2024-01-11 18:00:00,23.06,81.63,1007.54,S3
2024-01-11 19:00:00,20.64,74.66,1020.26,S1
2024-01-11 20:00:00,18.96,73.47,1029.85,S3
2024-01-11 21:00:00,23.96,85.1,1022.91,S1
2024-01-11 22:00:00,22.76,64.21,1014.09,S3
2024-01-11 23:00:00,21.24,73.01,1022.22,S3
2024-01-12 00:00:00,20.92,76.06,1022.68,S1
2024-01-12 01:00:00,23.09,72.73,1014.53,S1
2024-01-12 02:00:00,20.24,64.22,1014.52,S3
2024-01-12 03:00:00,22.38,76.75,1007.72,S1
2024-01-12 04:00:00,19.47,72.43,1021.29,S3
2024-01-12 05:00:00,26.37,74.04,1011.31,S3
2024-01-12 06:00:00,20.55,81.01,1003.21,S2
2024-01-12 07:00:00,23.23,76.24,1003.55,S3
2024-01-12 08:00:00,19.54,71.62,1012.6,S3
2024-01-12 09:00:00,21.62,76.68,1003.55,S1
2024-01-12 10:00:00,23.72,72.59,1040.2,S2
2024-01-12 11:00:00,24.16,73.19,1017.88,S1
2024-01-12 12:00:00,23.49,78.49,1008.06,S1
2024-01-12 13:00:00,21.7,71.5,1014.84,S3
2024-01-12 14:00:00,20.65,77.51,1020.36,S3
2024-01-12 15:00:00,19.83,73.55,1015.18,S3
2024-01-12 16:00:00,25.0,72.16,1003.4,S1
2024-01-12 17:00:00,22.21,72.17,1011.9,S1
2024-01-12 18:00:00,22.59,71.62,1010.6,S3
2024-01-12 19:00:00,24.35,75.14,1008.45,S1
2024-01-12 20:00:00,23.2,73.32,1004.71,S2
2024-01-12 21:00:00,21.78,81.54,1021.76,S2
2024-01-12 22:00:00,23.53,70.25,1017.71,S2
2024-01-12 23:00:00,20.8,77.4,1017.63,S1
2024-01-13 00:00:00,18.95,80.4,994.48,S2
2024-01-13 01:00:00,24.88,83.33,1009.01,S3
2024-01-13 02:00:00,20.99,70.62,1025.5,S3
2024-01-13 03:00:00,21.46,79.8,1016.93,S3
2024-01-13 04:00:00,21.65,75.7,1001.36,S2
2024-01-13 05:00:00,20.88,79.93,1029.67,S2
2024-01-13 06:00:00,24.3,71.44,988.76,S1
2024-01-13 07:00:00,22.85,74.08,1014.28,S3
2024-01-13 08:00:00,21.5,72.84,1030.16,S1
2024-01-13 09:00:00,19.56,72.41,997.32,S2
2024-01-13 10:00:00,22.73,74.86,1008.24,S1
2024-01-13 11:00:00,17.23,87.13,998.94,S3
2024-01-13 12:00:00,22.6,78.0,1027.12,S1
2024-01-13 13:00:00,24.83,72.9,1004.81,S1
2024-01-13 14:00:00,22.28,73.19,1022.94,S2
2024-01-13 15:00:00,24.57,77.46,1026.89,S2
2024-01-13 16:00:00,19.7,73.71,1000.15,S2
2024-01-13 17:00:00,26.25,73.73,998.04,S2
2024-01-13 18:00:00,24.37,69.09,1017.79,S3
2024-01-13 19:00:00,23.14,74.4,1020.76,S3
2024-01-13 20:00:00,20.99,62.01,1012.29,S1
2024-01-13 21:00:00,20.67,65.79,1013.26,S3
2024-01-13 22:00:00,22.06,72.88,1027.8,S1
2024-01-13 23:00:00,24.62,77.93,1010.6,S2
2024-01-14 00:00:00,19.59,82.68,1026.76,S1
2024-01-14 01:00:00,22.25,76.63,1007.24,S1
2024-01-14 02:00:00,23.7,77.29,1036.98,S3
2024-01-14 03:00:00,24.1,75.18,1004.15,S1
2024-01-14 04:00:00,23.71,78.81,1024.84,S3
2024-01-14 05:00:00,19.42,75.68,1003.34,S1
2024-01-14 06:00:00,24.52,76.47,1020.87,S3
2024-01-14 07:00:00,22.4,66.79,1012.92,S2
2024-01-14 08:00:00,20.1,75.92,1015.78,S3
2024-01-14 09:00:00,22.23,74.72,1019.66,S2
2024-01-14 10:00:00,18.37,72.52,1015.46,S3
2024-01-14 11:00:00,23.45,72.89,1014.58,S2
2024-01-14 12:00:00,22.05,67.93,994.42,S2
2024-01-14 13:00:00,19.77,77.29,1026.79,S3
2024-01-14 14:00:00,21.74,75.77,1028.29,S2
2024-01-14 15:00:00,20.91,74.94,1011.93,S1
2024-01-14 16:00:00,21.04,75.74,1018.57,S1
2024-01-14 17:00:00,17.82,68.35,1026.66,S2
2024-01-14 18:00:00,19.0,83.4,1019.01,S2
2024-01-14 19:00:00,21.89,79.29,1007.68,S2
2024-01-14 20:00:00,21.56,77.68,1000.99,S3
2024-01-14 21:00:00,24.31,82.0,1019.34,S1
2024-01-14 22:00:00,21.11,75.63,1014.39,S2
2024-01-14 23:00:00,21.33,73.16,1012.95,S2
2024-01-15 00:00:00,21.43,75.94,1005.38,S3
2024-01-15 01:00:00,22.0,82.2,1009.59,S1
2024-01-15 02:00:00,22.58,70.09,1016.37,S2
2024-01-15 03:00:00,21.59,82.13,1010.06,S1
2024-01-15 04:00:00,23.56,67.8,1013.33,S3
2024-01-15 05:00:00,27.02,77.22,1012.69,S1
2024-01-15 06:00:00,20.78,79.6,1019.57,S2
2024-01-15 07:00:00,23.22,77.77,998.64,S2
2024-01-15 08:00:00,22.5,79.78,1009.44,S1
2024-01-15 09:00:00,24.54,73.91,1001.98,S3
2024-01-15 10:00:00,22.86,68.17,1014.56,S3
2024-01-15 11:00:00,21.01,79.79,1004.9,S3
2024-01-15 12:00:00,20.14,83.78,1022.39,S3
2024-01-15 13:00:00,23.7,73.71,1008.89,S2
2024-01-15 14:00:00,20.32,77.94,1007.24,S1
2024-01-15 15:00:00,24.86,70.4,1004.67,S2
2024-01-15 16:00:00,23.6,70.02,1015.51,S1
2024-01-15 17:00:00,22.68,75.06,1000.31,S1
2024-01-15 18:00:00,19.89,70.88,1012.07,S3
2024-01-15 19:00:00,23.87,75.0,1011.84,S3
2024-01-15 20:00:00,25.76,89.67,1007.78,S1
2024-01-15 21:00:00,21.68,70.98,1015.19,S1
2024-01-15 22:00:00,21.06,76.22,1008.37,S1
2024-01-15 23:00:00,22.36,65.71,1015.85,S2
2024-01-16 00:00:00,23.49,77.12,1007.55,S1
2024-01-16 01:00:00,21.5,70.97,1005.56,S2
2024-01-16 02:00:00,24.37,75.96,1015.56,S1
2024-01-16 03:00:00,26.4,75.82,1021.07,S3
2024-01-16 04:00:00,23.24,75.19,1041.57,S1
2024-01-16 05:00:00,21.94,69.75,1009.6,S1
2024-01-16 06:00:00,23.48,73.07,1020.72,S2
2024-01-16 07:00:00,24.96,75.66,1008.55,S1
2024-01-16 08:00:00,22.93,73.27,1020.56,S2
2024-01-16 09:00:00,23.59,81.49,1026.02,S2
2024-01-16 10:00:00,24.03,74.68,1014.29,S3
2024-01-16 11:00:00,20.88,69.51,1020.11,S3
2024-01-16 12:00:00,23.55,76.63,1017.45,S3
2024-01-16 13:00:00,19.96,62.23,1013.11,S3
2024-01-16 14:00:00,21.33,84.27,1008.73,S2
2024-01-16 15:00:00,24.95,65.86,1009.49,S1
2024-01-16 16:00:00,24.41,78.94,999.77,S2
2024-01-16 17:00:00,22.13,78.16,1023.38,S3
2024-01-16 18:00:00,26.09,68.8,1031.71,S1
2024-01-16 19:00:00,20.06,77.25,998.9,S2
2024-01-16 20:00:00,22.28,71.0,1023.38,S1
2024-01-16 21:00:00,23.25,73.62,1012.56,S2
2024-01-16 22:00:00,17.09,76.79,1006.6,S1
2024-01-16 23:00:00,22.4,74.2,1014.43,S1
2024-01-17 00:00:00,20.47,69.43,1004.97,S3
2024-01-17 01:00:00,20.52,76.48,1015.34,S3
2024-01-17 02:00:00,22.19,73.39,1010.06,S1
2024-01-17 03:00:00,19.09,73.87,1009.56,S1
2024-01-17 04:00:00,21.13,74.17,1024.77,S3
2024-01-17 05:00:00,19.15,67.69,995.5,S2
2024-01-17 06:00:00,23.01,68.8,1007.32,S1
2024-01-17 07:00:00,22.98,71.47,993.2,S2
2024-01-17 08:00:00,22.08,76.46,1014.31,S3
2024-01-17 09:00:00,24.77,69.76,1008.05,S1
2024-01-17 10:00:00,22.2,80.35,1005.78,S2
2024-01-17 11:00:00,22.75,75.41,1015.83,S3
2024-01-17 12:00:00,20.99,76.22,1019.12,S1
2024-01-17 13:00:00,18.2,72.74,1024.83,S2
2024-01-17 14:00:00,22.53,66.41,1042.31,S1
2024-01-17 15:00:00,22.27,77.05,1007.31,S2
2024-01-17 16:00:00,26.25,70.78,1006.25,S2
2024-01-17 17:00:00,24.17,66.92,1013.05,S1
2024-01-17 18:00:00,22.02,70.21,1013.87,S3
2024-01-17 19:00:00,23.13,73.98,1030.33,S1
2024-01-17 20:00:00,24.67,62.48,1018.22,S3
2024-01-17 21:00:00,23.9,72.69,1003.56,S2
2024-01-17 22:00:00,26.21,79.41,1002.99,S2
2024-01-17 23:00:00,21.3,74.53,1019.81,S2
2024-01-18 00:00:00,24.83,80.36,1010.92,S3
2024-01-18 01:00:00,22.05,72.34,1027.16,S2
2024-01-18 02:00:00,23.29,80.12,1018.15,S1
2024-01-18 03:00:00,21.79,67.64,1002.55,S2
2024-01-18 04:00:00,22.63,77.35,1001.24,S3
2024-01-18 05:00:00,23.34,73.81,1016.45,S3
2024-01-18 06:00:00,24.11,81.12,1009.58,S1
2024-01-18 07:00:00,23.06,72.28,1024.39,S1
2024-01-18 08:00:00,17.97,69.07,1016.39,S3
2024-01-18 09:00:00,22.79,76.87,1016.2,S3
2024-01-18 10:00:00,25.89,82.57,1000.71,S1
2024-01-18 11:00:00,22.79,75.51,1008.23,S1
2024-01-18 12:00:00,25.96,74.11,1012.53,S1
2024-01-18 13:00:00,22.73,68.25,994.26,S1
2024-01-18 14:00:00,19.84,79.05,1019.23,S3
2024-01-18 15:00:00,22.12,74.06,1021.54,S2
2024-01-18 16:00:00,21.88,77.82,1007.71,S3
2024-01-18 17:00:00,22.54,75.29,1025.69,S1
2024-01-18 18:00:00,20.64,84.51,1025.25,S3
2024-01-18 19:00:00,23.0,71.51,1018.24,S1
2024-01-18 20:00:00,22.37,71.69,1012.39,S3
2024-01-18 21:00:00,25.6,79.36,1022.96,S1
2024-01-18 22:00:00,20.62,79.48,998.1,S1
2024-01-18 23:00:00,23.53,79.64,1013.75,S3
2024-01-19 00:00:00,23.87,74.22,1004.56,S1
2024-01-19 01:00:00,24.61,75.32,1006.37,S2
2024-01-19 02:00:00,22.34,67.54,1017.5,S1
2024-01-19 03:00:00,23.51,73.47,1004.96,S1
2024-01-19 04:00:00,23.78,75.66,997.7,S1
2024-01-19 05:00:00,19.79,75.66,1035.2,S2
2024-01-19 06:00:00,22.43,70.48,1006.96,S3
2024-01-19 07:00:00,23.03,68.77,1004.56,S2
2024-01-19 08:00:00,23.27,79.48,1024.94,S2
2024-01-19 09:00:00,23.26,78.69,1006.98,S2
2024-01-19 10:00:00,23.99,73.09,1000.3,S3
2024-01-19 11:00:00,27.0,79.41,1003.85,S1
2024-01-19 12:00:00,21.94,78.94,1008.69,S2
2024-01-19 13:00:00,23.9,65.85,1002.29,S1
2024-01-19 14:00:00,25.75,73.72,1004.67,S2
2024-01-19 15:00:00,19.55,80.93,1008.53,S2
2024-01-19 16:00:00,23.69,66.28,1022.72,S2
2024-01-19 17:00:00,19.8,66.98,1033.72,S2
2024-01-19 18:00:00,27.54,77.36,1024.09,S2
2024-01-19 19:00:00,24.22,80.68,1010.72,S2
2024-01-19 20:00:00,23.96,72.82,998.89,S3
2024-01-19 21:00:00,19.45,71.87,1020.01,S1
2024-01-19 22:00:00,22.19,65.72,1002.77,S1
2024-01-19 23:00:00,22.21,72.72,1009.31,S3
2024-01-20 00:00:00,26.75,66.85,1029.16,S2
2024-01-20 01:00:00,24.68,72.43,1030.04,S3
2024-01-20 02:00:00,19.92,80.75,1014.78,S3
2024-01-20 03:00:00,24.17,67.72,1025.27,S3
2024-01-20 04:00:00,20.23,72.93,1024.92,S1
2024-01-20 05:00:00,19.99,78.49,1019.57,S3
2024-01-20 06:00:00,24.16,70.3,1010.29,S2
2024-01-20 07:00:00,24.75,76.22,1007.44,S3
2024-01-20 08:00:00,24.18,78.23,1013.44,S1
2024-01-20 09:00:00,27.03,74.57,1000.17,S1
2024-01-20 10:00:00,24.02,74.66,1008.23,S2
2024-01-20 11:00:00,23.63,68.68,1018.98,S3
2024-01-20 12:00:00,20.86,72.17,1006.7,S2
2024-01-20 13:00:00,25.02,74.97,1028.45,S3
2024-01-20 14:00:00,20.0,64.65,1015.46,S2
2024-01-20 15:00:00,27.36,62.92,1020.83,S2
2024-01-20 16:00:00,25.06,73.38,1010.87,S2
2024-01-20 17:00:00,28.91,76.04,1019.32,S1
2024-01-20 18:00:00,24.11,74.58,1001.71,S1
2024-01-20 19:00:00,25.18,66.03,1017.23,S3
2024-01-20 20:00:00,22.79,79.65,1018.17,S1
2024-01-20 21:00:00,23.27,74.65,1025.83,S2
2024-01-20 22:00:00,21.26,78.98,992.93,S1
2024-01-20 23:00:00,20.47,70.93,1006.28,S1
2024-01-21 00:00:00,23.75,75.44,995.2,S3
2024-01-21 01:00:00,23.28,76.72,1004.6,S2
2024-01-21 02:00:00,21.24,79.14,1011.93,S1
2024-01-21 03:00:00,21.6,78.71,1018.9,S1
2024-01-21 04:00:00,23.47,70.1,1035.47,S3
2024-01-21 05:00:00,21.22,73.52,1026.5,S3
2024-01-21 06:00:00,24.13,71.48,1008.12,S2
2024-01-21 07:00:00,21.3,74.81,1020.21,S3
2024-01-21 08:00:00,23.94,66.9,1025.25,S2
2024-01-21 09:00:00,21.13,66.14,1012.0,S2
2024-01-21 10:00:00,21.15,86.01,1012.37,S1
2024-01-21 11:00:00,18.72,83.76,1010.7,S1
2024-01-21 12:00:00,23.14,79.91,1017.83,S1
2024-01-21 13:00:00,26.37,76.49,1017.14,S1
2024-01-21 14:00:00,26.26,77.95,1014.42,S1
2024-01-21 15:00:00,24.12,77.96,1030.37,S2
2024-01-21 16:00:00,19.48,82.33,1023.04,S1
2024-01-21 17:00:00,25.18,71.59,996.81,S1
2024-01-21 18:00:00,23.95,70.27,995.01,S1
2024-01-21 19:00:00,22.69,73.97,1017.17,S2
2024-01-21 20:00:00,25.92,77.02,1011.99,S3
2024-01-21 21:00:00,24.75,72.77,995.5,S3
2024-01-21 22:00:00,27.45,71.27,994.0,S1
2024-01-21 23:00:00,20.72,81.22,1010.51,S3
2024-01-22 00:00:00,20.88,69.85,1015.57,S2
2024-01-22 01:00:00,21.23,81.37,1015.94,S1
2024-01-22 02:00:00,22.98,78.84,1006.94,S2
2024-01-22 03:00:00,26.73,83.58,1007.43,S2
2024-01-22 04:00:00,22.32,84.93,1007.97,S1
2024-01-22 05:00:00,22.37,75.86,1017.93,S2
2024-01-22 06:00:00,24.41,84.4,997.71,S1
2024-01-22 07:00:00,25.27,76.53,1013.19,S2
2024-01-22 08:00:00,19.12,75.98,1023.19,S3
2024-01-22 09:00:00,25.68,74.96,1009.48,S3
2024-01-22 10:00:00,22.29,71.82,1014.6,S3
2024-01-22 11:00:00,23.41,77.79,1017.16,S2
2024-01-22 12:00:00,26.45,79.74,1006.42,S1
2024-01-22 13:00:00,23.19,66.99,1011.98,S3
2024-01-22 14:00:00,20.57,86.78,1000.0,S1
2024-01-22 15:00:00,20.69,82.1,1017.86,S3
2024-01-22 16:00:00,23.59,71.06,1014.63,S3
2024-01-22 17:00:00,22.98,76.78,1024.66,S2
2024-01-22 18:00:00,23.78,73.74,1021.78,S3
2024-01-22 19:00:00,22.86,75.62,1024.81,S1
2024-01-22 20:00:00,26.15,73.27,1025.29,S1
2024-01-22 21:00:00,23.73,76.56,1005.76,S3
2024-01-22 22:00:00,20.16,68.6,1017.8,S1
2024-01-22 23:00:00,25.32,84.89,1019.74,S1
2024-01-23 00:00:00,27.51,68.97,1006.76,S1
2024-01-23 01:00:00,24.01,76.7,1025.33,S1
2024-01-23 02:00:00,24.18,70.54,1011.91,S1
2024-01-23 03:00:00,22.16,73.14,1019.4,S3
2024-01-23 04:00:00,23.24,76.23,1024.03,S1
2024-01-23 05:00:00,24.74,74.41,1017.28,S1
2024-01-23 06:00:00,26.0,74.56,1031.14,S3
2024-01-23 07:00:00,24.64,72.07,1037.18,S2
2024-01-23 08:00:00,27.39,70.45,1013.18,S1
2024-01-23 09:00:00,23.95,77.22,1022.57,S2
2024-01-23 10:00:00,21.52,69.63,1036.69,S2
2024-01-23 11:00:00,21.58,70.64,1006.82,S3
2024-01-23 12:00:00,26.25,70.7,985.13,S2
2024-01-23 13:00:00,25.8,72.23,1022.64,S2
2024-01-23 14:00:00,20.5,66.78,1009.14,S2
2024-01-23 15:00:00,23.38,66.85,1000.97,S3
2024-01-23 16:00:00,23.46,76.59,1005.87,S1
2024-01-23 17:00:00,22.31,76.64,997.4,S3
2024-01-23 18:00:00,21.0,75.42,1029.99,S3
2024-01-23 19:00:00,22.28,80.74,1027.54,S3
2024-01-23 20:00:00,21.92,69.45,1010.7,S1
2024-01-23 21:00:00,21.06,65.23,1011.55,S2
2024-01-23 22:00:00,25.5,77.77,1014.95,S1
2024-01-23 23:00:00,24.42,65.11,1029.72,S2
2024-01-24 00:00:00,22.93,73.16,1002.4,S1
2024-01-24 01:00:00,19.72,75.23,1011.34,S3
2024-01-24 02:00:00,23.27,84.14,1025.48,S3
2024-01-24 03:00:00,24.92,71.09,1009.65,S2
2024-01-24 04:00:00,22.41,71.46,1004.65,S3
2024-01-24 05:00:00,21.59,77.12,1014.66,S3
2024-01-24 06:00:00,23.65,76.82,995.17,S1
2024-01-24 07:00:00,24.57,72.09,1016.72,S2
2024-01-24 08:00:00,19.91,74.73,1010.48,S1
2024-01-24 09:00:00,26.62,70.12,1019.36,S1
2024-01-24 10:00:00,21.42,76.03,1006.06,S3
2024-01-24 11:00:00,23.08,65.83,1017.53,S1
2024-01-24 12:00:00,26.3,88.33,1015.11,S2
2024-01-24 13:00:00,24.19,77.39,1001.19,S3
2024-01-24 14:00:00,26.14,68.27,1003.56,S2
2024-01-24 15:00:00,27.06,72.44,1025.29,S2
2024-01-24 16:00:00,21.04,68.51,1022.58,S2
2024-01-24 17:00:00,25.77,69.67,995.7,S2
2024-01-24 18:00:00,26.63,74.82,1008.65,S1
2024-01-24 19:00:00,23.23,80.72,1016.16,S3
2024-01-24 20:00:00,23.4,73.25,1018.33,S1
2024-01-24 21:00:00,20.17,64.3,1015.75,S3
2024-01-24 22:00:00,25.56,70.68,1016.79,S1
2024-01-24 23:00:00,18.94,71.0,1009.4,S3
2024-01-25 00:00:00,25.95,74.18,1014.74,S2
2024-01-25 01:00:00,21.19,73.03,1003.21,S2
2024-01-25 02:00:00,26.81,62.73,1009.33,S1
2024-01-25 03:00:00,24.83,69.1,992.15,S1
2024-01-25 04:00:00,26.06,68.18,1002.43,S2
2024-01-25 05:00:00,22.42,78.2,1004.2,S1
2024-01-25 06:00:00,21.39,72.29,1004.7,S1
2024-01-25 07:00:00,20.53,63.71,1020.29,S3
2024-01-25 08:00:00,26.25,69.36,997.28,S3
2024-01-25 09:00:00,25.4,79.57,1006.61,S3
2024-01-25 10:00:00,25.48,70.7,1019.44,S1
2024-01-25 11:00:00,24.67,70.29,999.75,S2
2024-01-25 12:00:00,25.18,72.83,1025.69,S2
2024-01-25 13:00:00,23.52,74.81,1014.79,S2
2024-01-25 14:00:00,24.85,72.96,1019.89,S2
2024-01-25 15:00:00,22.4,78.79,1003.56,S3
2024-01-25 16:00:00,23.43,72.95,1005.4,S3
2024-01-25 17:00:00,30.21,77.03,1011.57,S1
2024-01-25 18:00:00,24.21,74.64,1021.12,S2
2024-01-25 19:00:00,20.2,67.19,1020.82,S1
2024-01-25 20:00:00,23.33,82.58,1016.97,S2
2024-01-25 21:00:00,22.04,79.42,1010.81,S2
2024-01-25 22:00:00,24.48,70.81,1005.31,S1
2024-01-25 23:00:00,22.39,73.08,1023.51,S3
2024-01-26 00:00:00,23.75,76.71,1009.46,S1
2024-01-26 01:00:00,22.7,74.53,997.59,S1
2024-01-26 02:00:00,24.58,74.16,1003.39,S2
2024-01-26 03:00:00,22.94,76.15,1005.96,S3
2024-01-26 04:00:00,24.91,75.38,1009.58,S1
2024-01-26 05:00:00,28.1,75.4,1012.27,S3
2024-01-26 06:00:00,21.9,74.06,999.32,S3
2024-01-26 07:00:00,25.67,76.8,1008.15,S3
2024-01-26 08:00:00,19.32,74.64,1009.43,S3
2024-01-26 09:00:00,23.76,74.77,1010.98,S2
2024-01-26 10:00:00,24.69,80.46,1005.22,S2
2024-01-26 11:00:00,22.75,75.75,1037.72,S2
2024-01-26 12:00:00,20.68,75.23,1009.44,S2
2024-01-26 13:00:00,24.18,69.13,1007.05,S2
2024-01-26 14:00:00,27.33,69.38,1002.02,S1
2024-01-26 15:00:00,23.98,79.27,1020.63,S3
2024-01-26 16:00:00,25.39,76.41,994.45,S2
2024-01-26 17:00:00,26.54,78.14,995.21,S3
2024-01-26 18:00:00,29.23,74.54,1012.66,S2
2024-01-26 19:00:00,22.19,75.53,1017.65,S2
2024-01-26 20:00:00,22.4,72.81,1012.11,S1
2024-01-26 21:00:00,23.72,73.4,1033.29,S3
2024-01-26 22:00:00,25.55,71.45,1007.8,S2
2024-01-26 23:00:00,19.68,80.2,1009.97,S2
2024-01-27 00:00:00,25.64,69.96,1012.6,S1
2024-01-27 01:00:00,24.63,75.06,1013.42,S3
2024-01-27 02:00:00,23.27,72.73,1011.77,S3
2024-01-27 03:00:00,25.2,78.27,1011.26,S2
2024-01-27 04:00:00,26.13,74.64,999.94,S1
2024-01-27 05:00:00,26.42,75.81,1019.89,S1
2024-01-27 06:00:00,24.4,74.53,1022.79,S2
2024-01-27 07:00:00,25.03,68.53,1008.28,S3
2024-01-27 08:00:00,24.96,76.24,1012.56,S2
2024-01-27 09:00:00,26.85,72.98,1028.55,S3
2024-01-27 10:00:00,25.15,69.67,1005.47,S1
2024-01-27 11:00:00,25.69,66.42,1015.05,S2
2024-01-27 12:00:00,26.19,69.38,1013.99,S2
2024-01-27 13:00:00,28.33,77.28,1029.04,S2
2024-01-27 14:00:00,23.25,82.27,1031.58,S3
2024-01-27 15:00:00,27.68,74.04,1020.96,S3
2024-01-27 16:00:00,29.37,68.46,1048.43,S1
2024-01-27 17:00:00,23.39,75.52,1013.29,S3
2024-01-27 18:00:00,24.01,78.82,968.35,S3
2024-01-27 19:00:00,23.59,83.04,1007.89,S2
2024-01-27 20:00:00,25.77,79.75,1008.49,S1
2024-01-27 21:00:00,20.74,74.54,1028.5,S1
2024-01-27 22:00:00,23.47,76.29,1011.13,S2
2024-01-27 23:00:00,23.93,69.8,1026.26,S3
2024-01-28 00:00:00,23.76,77.39,1021.04,S3
2024-01-28 01:00:00,23.75,78.07,1015.94,S2
2024-01-28 02:00:00,23.52,60.91,1017.03,S2
2024-01-28 03:00:00,26.06,74.11,1015.84,S3
2024-01-28 04:00:00,25.58,80.84,1024.38,S1
2024-01-28 05:00:00,27.92,70.03,1010.5,S2
2024-01-28 06:00:00,26.08,62.75,1009.18,S3
2024-01-28 07:00:00,22.33,73.24,1017.1,S2
2024-01-28 08:00:00,24.19,78.75,1014.95,S1
2024-01-28 09:00:00,23.99,75.37,1010.92,S1
2024-01-28 10:00:00,25.06,73.49,1034.85,S3
2024-01-28 11:00:00,26.74,68.73,1020.14,S1
2024-01-28 12:00:00,24.93,67.86,1007.41,S2
2024-01-28 13:00:00,24.94,74.26,1018.99,S1
2024-01-28 14:00:00,24.59,73.05,1003.59,S3
2024-01-28 15:00:00,26.2,77.6,1001.54,S2
2024-01-28 16:00:00,23.45,75.53,1021.02,S1
2024-01-28 17:00:00,21.68,69.61,1004.41,S1
2024-01-28 18:00:00,25.89,74.6,1013.41,S1
2024-01-28 19:00:00,25.35,73.77,1002.6,S3
2024-01-28 20:00:00,27.26,64.99,1010.1,S3
2024-01-28 21:00:00,19.76,71.21,1008.68,S1
2024-01-28 22:00:00,24.42,73.6,1012.05,S2
2024-01-28 23:00:00,24.84,72.73,1036.07,S1
2024-01-29 00:00:00,21.61,74.87,1025.82,S2
2024-01-29 01:00:00,24.47,73.68,1011.87,S2
2024-01-29 02:00:00,27.02,74.98,1010.94,S3
2024-01-29 03:00:00,28.83,74.11,1005.95,S1
2024-01-29 04:00:00,26.63,73.15,1002.63,S3
2024-01-29 05:00:00,24.02,74.06,1011.51,S1
2024-01-29 06:00:00,27.2,71.45,1026.33,S2
2024-01-29 07:00:00,26.5,71.18,981.41,S3
2024-01-29 08:00:00,23.72,73.74,1023.22,S3
2024-01-29 09:00:00,23.53,63.2,1024.48,S3
2024-01-29 10:00:00,24.36,71.39,991.67,S2
2024-01-29 11:00:00,22.6,69.7,1013.37,S3
2024-01-29 12:00:00,24.09,69.08,1008.64,S1
2024-01-29 13:00:00,25.69,71.65,1011.33,S1
2024-01-29 14:00:00,26.8,66.52,1015.14,S2
2024-01-29 15:00:00,23.97,71.66,1016.18,S3
2024-01-29 16:00:00,27.51,74.37,999.29,S1
2024-01-29 17:00:00,26.04,78.46,1029.27,S3
2024-01-29 18:00:00,26.14,84.2,1008.24,S1
2024-01-29 19:00:00,22.92,64.05,1039.3,S2
2024-01-29 20:00:00,28.38,68.52,1003.58,S1
2024-01-29 21:00:00,25.88,71.63,1002.42,S1
2024-01-29 22:00:00,24.11,73.87,1016.24,S1
2024-01-29 23:00:00,23.76,75.0,1021.99,S2
2024-01-30 00:00:00,24.17,70.12,1025.74,S1
2024-01-30 01:00:00,22.76,60.53,1003.12,S2
2024-01-30 02:00:00,26.78,78.33,1009.66,S2
2024-01-30 03:00:00,22.97,75.67,1031.66,S1
2024-01-30 04:00:00,25.39,76.71,1009.31,S3
2024-01-30 05:00:00,23.92,72.07,1021.9,S1
2024-01-30 06:00:00,26.17,74.89,994.06,S2
2024-01-30 07:00:00,26.44,63.13,996.87,S3
2024-01-30 08:00:00,23.55,67.78,1022.66,S1
2024-01-30 09:00:00,24.78,79.09,1011.52,S1
2024-01-30 10:00:00,21.96,73.27,1020.56,S1
2024-01-30 11:00:00,28.26,82.46,1006.72,S1
2024-01-30 12:00:00,27.0,68.23,996.44,S1
2024-01-30 13:00:00,22.08,85.86,1013.93,S3
2024-01-30 14:00:00,23.14,86.57,999.03,S1
2024-01-30 15:00:00,24.61,69.87,1014.25,S2
2024-01-30 16:00:00,24.97,70.81,1003.34,S2
2024-01-30 17:00:00,23.52,79.34,1019.52,S3
2024-01-30 18:00:00,22.61,70.26,1010.3,S2
2024-01-30 19:00:00,25.7,71.74,1009.98,S3
2024-01-30 20:00:00,28.39,69.4,1016.42,S2
2024-01-30 21:00:00,25.03,69.53,1022.29,S3
2024-01-30 22:00:00,24.34,73.64,1014.82,S1
2024-01-30 23:00:00,24.14,71.68,1030.82,S2
2024-01-31 00:00:00,22.74,62.6,1030.41,S2
2024-01-31 01:00:00,23.6,80.24,1005.98,S3
2024-01-31 02:00:00,27.22,81.03,1001.83,S3
2024-01-31 03:00:00,20.81,75.59,1000.78,S3
2024-01-31 04:00:00,25.1,73.65,1031.03,S2
2024-01-31 05:00:00,25.02,68.34,1000.82,S3
2024-01-31 06:00:00,25.21,70.7,1009.11,S1
2024-01-31 07:00:00,26.44,78.45,1013.11,S3
2024-01-31 08:00:00,25.11,75.99,1030.71,S1
2024-01-31 09:00:00,24.09,75.27,999.9,S1
2024-01-31 10:00:00,23.69,75.48,1023.87,S3
2024-01-31 11:00:00,27.6,78.3,1013.14,S1
2024-01-31 12:00:00,27.09,77.54,1011.72,S1
2024-01-31 13:00:00,30.77,76.42,1012.73,S1
2024-01-31 14:00:00,24.46,71.23,1005.96,S3
2024-01-31 15:00:00,23.75,81.39,1008.84,S3
2024-01-31 16:00:00,25.94,70.53,1005.76,S1
2024-01-31 17:00:00,25.9,68.61,999.89,S2
2024-01-31 18:00:00,26.32,70.13,1001.23,S1
2024-01-31 19:00:00,26.75,66.99,1024.83,S3
2024-01-31 20:00:00,26.32,75.85,1009.5,S1
2024-01-31 21:00:00,27.22,72.86,1019.71,S1
2024-01-31 22:00:00,27.49,78.57,1011.22,S3
2024-01-31 23:00:00,27.53,60.69,1011.05,S3
2024-02-01 00:00:00,20.56,73.97,1012.24,S2
2024-02-01 01:00:00,25.56,71.62,1020.31,S1
2024-02-01 02:00:00,23.25,71.18,1006.14,S1
2024-02-01 03:00:00,27.22,67.69,1011.46,S1
2024-02-01 04:00:00,20.55,73.11,1022.04,S2
2024-02-01 05:00:00,28.06,69.06,1023.84,S2
2024-02-01 06:00:00,23.39,80.48,1027.85,S1
2024-02-01 07:00:00,22.94,76.01,1003.38,S3
2024-02-01 08:00:00,25.85,77.78,1006.6,S1
2024-02-01 09:00:00,24.4,64.16,1011.01,S1
2024-02-01 10:00:00,28.71,77.29,999.85,S1
2024-02-01 11:00:00,27.88,76.81,1021.72,S3
2024-02-01 12:00:00,24.14,70.82,1015.88,S2
2024-02-01 13:00:00,27.25,71.91,1011.45,S2
2024-02-01 14:00:00,24.08,67.92,1023.3,S1
2024-02-01 15:00:00,24.07,71.29,1005.45,S1
2024-02-01 16:00:00,26.61,75.65,1024.29,S1
2024-02-01 17:00:00,28.1,69.47,1030.42,S3
2024-02-01 18:00:00,24.32,73.0,1016.08,S1
2024-02-01 19:00:00,24.47,85.54,1012.93,S3
2024-02-01 20:00:00,25.81,67.91,1014.68,S1
2024-02-01 21:00:00,23.43,74.46,999.11,S1
2024-02-01 22:00:00,28.35,67.62,1011.04,S1
2024-02-01 23:00:00,23.42,65.36,1033.58,S2
2024-02-02 00:00:00,23.97,76.78,1034.25,S1
2024-02-02 01:00:00,28.77,70.74,1013.91,S1
2024-02-02 02:00:00,25.68,80.77,1007.55,S1
2024-02-02 03:00:00,29.14,75.6,1023.29,S1
2024-02-02 04:00:00,24.82,68.83,1012.64,S3
2024-02-02 05:00:00,30.3,68.37,1022.46,S3
2024-02-02 06:00:00,26.5,76.35,1005.57,S1
2024-02-02 07:00:00,23.77,67.48,1016.06,S3
2024-02-02 08:00:00,23.75,67.33,1009.39,S1
2024-02-02 09:00:00,22.37,64.13,1012.94,S1
2024-02-02 10:00:00,22.6,75.84,1007.29,S3
2024-02-02 11:00:00,23.98,68.67,1011.6,S3
2024-02-02 12:00:00,23.32,74.51,1016.03,S1
2024-02-02 13:00:00,20.16,66.2,1019.96,S2
2024-02-02 14:00:00,27.0,64.51,1011.39,S1
2024-02-02 15:00:00,26.88,76.29,1027.5,S1
2024-02-02 16:00:00,25.95,71.9,1000.13,S2
2024-02-02 17:00:00,23.07,69.29,998.04,S3
2024-02-02 18:00:00,28.64,70.25,1007.06,S2
2024-02-02 19:00:00,24.99,70.26,1013.11,S1
2024-02-02 20:00:00,23.69,82.84,1029.24,S3
2024-02-02 21:00:00,25.83,73.99,1011.14,S2
2024-02-02 22:00:00,25.72,73.35,1003.54,S2
2024-02-02 23:00:00,20.37,68.88,1006.58,S1
2024-02-03 00:00:00,25.32,76.58,1013.81,S2
2024-02-03 01:00:00,25.63,66.88,1002.23,S1
2024-02-03 02:00:00,24.63,75.23,1032.3,S3
2024-02-03 03:00:00,22.76,75.25,989.58,S2
2024-02-03 04:00:00,22.82,77.71,1005.37,S3
2024-02-03 05:00:00,26.44,62.77,1007.38,S3
2024-02-03 06:00:00,26.94,78.25,1003.25,S1
2024-02-03 07:00:00,24.53,74.37,1019.73,S2
2024-02-03 08:00:00,26.19,68.83,1006.44,S3
2024-02-03 09:00:00,24.52,61.8,1019.2,S2
2024-02-03 10:00:00,23.73,70.55,1028.8,S2
2024-02-03 11:00:00,25.88,73.51,1025.37,S2
2024-02-03 12:00:00,23.15,64.97,1014.6,S2
2024-02-03 13:00:00,29.25,68.31,1013.02,S3
2024-02-03 14:00:00,22.59,66.25,1021.84,S2
2024-02-03 15:00:00,26.04,70.38,1010.14,S1
2024-02-03 16:00:00,25.78,67.11,1008.12,S1
2024-02-03 17:00:00,25.61,83.4,1003.09,S2
2024-02-03 18:00:00,28.46,76.86,1016.09,S2
2024-02-03 19:00:00,20.12,67.01,1002.44,S1
2024-02-03 20:00:00,26.32,67.73,1005.92,S2
2024-02-03 21:00:00,24.96,65.12,1034.04,S3
2024-02-03 22:00:00,26.68,71.76,1019.74,S2
2024-02-03 23:00:00,25.63,81.39,1017.04,S2
2024-02-04 00:00:00,25.37,78.49,1005.79,S3
2024-02-04 01:00:00,23.12,73.49,1020.71,S2
2024-02-04 02:00:00,24.19,71.02,1002.83,S3
2024-02-04 03:00:00,31.81,75.24,997.75,S3
2024-02-04 04:00:00,26.73,73.88,1007.47,S1
2024-02-04 05:00:00,27.66,74.64,1001.2,S1
2024-02-04 06:00:00,24.86,73.45,1017.65,S2
2024-02-04 07:00:00,23.85,74.69,1016.66,S1
2024-02-04 08:00:00,27.12,65.35,1015.28,S2
2024-02-04 09:00:00,21.77,71.85,1018.84,S2
2024-02-04 10:00:00,24.28,73.61,1018.4,S1
2024-02-04 11:00:00,24.88,70.26,1006.23,S1
2024-02-04 12:00:00,27.49,66.19,1017.8,S2
2024-02-04 13:00:00,26.43,72.45,1016.14,S2
2024-02-04 14:00:00,24.66,93.16,1006.84,S2
2024-02-04 15:00:00,26.35,68.3,1009.42,S3
2024-02-04 16:00:00,25.01,71.7,1021.52,S2
2024-02-04 17:00:00,27.77,78.71,999.85,S2
2024-02-04 18:00:00,26.1,81.26,1016.33,S2
2024-02-04 19:00:00,29.11,69.47,1011.92,S1
2024-02-04 20:00:00,25.09,77.21,1012.72,S1
2024-02-04 21:00:00,28.1,76.33,1010.16,S3
2024-02-04 22:00:00,25.84,69.84,1017.21,S2
2024-02-04 23:00:00,24.27,75.49,997.23,S2
2024-02-05 00:00:00,30.87,71.49,1015.52,S2
2024-02-05 01:00:00,28.29,69.22,1002.51,S2
2024-02-05 02:00:00,26.15,80.94,1023.32,S2
2024-02-05 03:00:00,27.22,75.59,1000.07,S2
2024-02-05 04:00:00,23.53,63.93,989.04,S1
2024-02-05 05:00:00,23.6,71.69,996.02,S3
2024-02-05 06:00:00,27.93,69.72,1012.43,S1
2024-02-05 07:00:00,25.72,71.26,997.47,S1
2024-02-05 08:00:00,25.4,74.89,999.94,S1
2024-02-05 09:00:00,25.14,73.77,1006.02,S3
2024-02-05 10:00:00,26.03,79.47,1018.29,S2
2024-02-05 11:00:00,25.22,78.4,1005.33,S3
2024-02-05 12:00:00,21.67,66.22,1010.9,S1
2024-02-05 13:00:00,28.58,71.79,1010.74,S1
2024-02-05 14:00:00,25.53,62.54,998.55,S1
2024-02-05 15:00:00,29.42,67.28,1017.07,S1
2024-02-05 16:00:00,22.24,61.78,1035.52,S2
2024-02-05 17:00:00,22.23,64.41,995.72,S1
2024-02-05 18:00:00,25.22,79.25,1004.17,S1
2024-02-05 19:00:00,27.73,76.01,1000.27,S2
2024-02-05 20:00:00,23.35,75.32,1011.02,S1
2024-02-05 21:00:00,23.27,78.11,998.49,S2
2024-02-05 22:00:00,26.54,75.29,1025.53,S3
2024-02-05 23:00:00,25.18,71.79,1027.14,S2
2024-02-06 00:00:00,26.9,69.26,1019.92,S1
2024-02-06 01:00:00,25.22,80.68,1022.36,S2
2024-02-06 02:00:00,26.59,78.73,1014.15,S1
2024-02-06 03:00:00,28.56,71.09,1023.8,S1
2024-02-06 04:00:00,23.4,76.0,1009.97,S3
2024-02-06 05:00:00,28.21,58.22,1007.64,S1
2024-02-06 06:00:00,22.43,76.24,1019.64,S1
2024-02-06 07:00:00,27.07,69.66,1009.15,S1
2024-02-06 08:00:00,28.69,85.72,1034.38,S2
2024-02-06 09:00:00,24.81,77.91,1023.54,S1
2024-02-06 10:00:00,27.16,62.28,1007.42,S1
2024-02-06 11:00:00,24.9,68.59,1011.31,S1
2024-02-06 12:00:00,27.05,72.44,1011.59,S3
2024-02-06 13:00:00,21.37,71.92,1005.49,S3
2024-02-06 14:00:00,26.21,71.68,1021.88,S2
2024-02-06 15:00:00,26.69,77.04,1004.27,S3
2024-02-06 16:00:00,28.59,69.41,1012.07,S3
2024-02-06 17:00:00,27.76,71.74,1005.3,S2
2024-02-06 18:00:00,25.59,79.73,1007.53,S3
2024-02-06 19:00:00,26.45,79.8,1020.69,S1
2024-02-06 20:00:00,23.03,76.97,1019.78,S1
2024-02-06 21:00:00,29.22,70.33,1009.5,S1
2024-02-06 22:00:00,27.32,68.54,1024.37,S3
2024-02-06 23:00:00,22.22,71.86,1018.73,S2
2024-02-07 00:00:00,26.44,72.2,1014.17,S3
2024-02-07 01:00:00,26.6,71.88,1022.08,S2
2024-02-07 02:00:00,24.41,74.83,1027.19,S1
2024-02-07 03:00:00,26.16,73.84,1017.4,S2
2024-02-07 04:00:00,24.22,73.63,1015.73,S1
2024-02-07 05:00:00,23.17,69.69,993.79,S3
2024-02-07 06:00:00,24.76,66.03,1015.62,S3
2024-02-07 07:00:00,26.33,75.49,1017.65,S2
2024-02-07 08:00:00,27.85,72.31,1016.14,S3
2024-02-07 09:00:00,26.14,74.05,1003.99,S2
2024-02-07 10:00:00,27.88,74.18,1006.13,S3
2024-02-07 11:00:00,27.31,61.85,1020.22,S3
2024-02-07 12:00:00,23.95,80.59,1009.12,S3
2024-02-07 13:00:00,27.3,69.15,1014.78,S2
2024-02-07 14:00:00,27.37,78.84,991.97,S2
2024-02-07 15:00:00,29.52,74.09,1012.84,S2
2024-02-07 16:00:00,26.86,66.56,1021.06,S3
2024-02-07 17:00:00,23.58,68.41,1016.02,S1
2024-02-07 18:00:00,24.94,68.5,1011.61,S2
2024-02-07 19:00:00,22.35,68.78,1002.5,S1
2024-02-07 20:00:00,27.08,63.08,995.07,S2
2024-02-07 21:00:00,29.38,67.93,1005.19,S2
2024-02-07 22:00:00,21.29,76.75,1023.4,S1
2024-02-07 23:00:00,29.47,77.26,1012.46,S1
2024-02-08 00:00:00,27.08,68.52,1019.91,S3
2024-02-08 01:00:00,23.94,62.53,1027.35,S1
2024-02-08 02:00:00,26.61,75.05,1014.24,S2
2024-02-08 03:00:00,24.01,66.49,1021.46,S1
2024-02-08 04:00:00,26.99,66.87,1024.35,S1
2024-02-08 05:00:00,26.24,70.46,999.01,S1
2024-02-08 06:00:00,26.78,69.98,1005.38,S1
2024-02-08 07:00:00,24.29,67.91,996.16,S3
2024-02-08 08:00:00,24.58,68.35,994.8,S2
2024-02-08 09:00:00,27.14,69.33,1008.01,S2
2024-02-08 10:00:00,25.14,68.27,1010.44,S2
2024-02-08 11:00:00,26.45,68.58,994.28,S3
2024-02-08 12:00:00,27.06,70.3,1017.55,S1
2024-02-08 13:00:00,25.71,73.58,1008.14,S2
2024-02-08 14:00:00,28.47,73.06,1027.35,S2
2024-02-08 15:00:00,25.8,69.09,1014.84,S1
2024-02-08 16:00:00,25.74,70.21,1014.76,S2
2024-02-08 17:00:00,24.92,78.51,1010.95,S1
2024-02-08 18:00:00,28.27,76.72,1011.81,S3
2024-02-08 19:00:00,24.78,74.52,1016.7,S2
2024-02-08 20:00:00,28.71,62.91,1022.06,S2
2024-02-08 21:00:00,26.53,72.3,999.67,S1
2024-02-08 22:00:00,31.57,68.38,1004.63,S3
2024-02-08 23:00:00,24.89,66.97,1015.94,S2
2024-02-09 00:00:00,28.77,69.95,1012.61,S1
2024-02-09 01:00:00,27.25,76.97,1020.92,S3
2024-02-09 02:00:00,25.2,76.17,1006.28,S1
2024-02-09 03:00:00,27.28,68.63,1025.64,S2
2024-02-09 04:00:00,27.19,72.14,1007.83,S2
2024-02-09 05:00:00,25.58,69.6,1009.83,S2
2024-02-09 06:00:00,27.11,70.5,1023.95,S1
2024-02-09 07:00:00,28.59,76.69,1018.71,S3
2024-02-09 08:00:00,27.29,71.38,1032.82,S2
2024-02-09 09:00:00,25.43,62.9,1022.49,S2
2024-02-09 10:00:00,25.33,72.37,1025.9,S1
2024-02-09 11:00:00,26.11,80.75,1010.03,S2
2024-02-09 12:00:00,28.51,68.16,1026.03,S1
2024-02-09 13:00:00,24.79,79.4,1013.69,S2
2024-02-09 14:00:00,27.08,74.74,990.8,S3
2024-02-09 15:00:00,23.18,77.52,1017.74,S2
2024-02-09 16:00:00,27.5,76.01,1018.6,S1
2024-02-09 17:00:00,27.82,72.52,1002.08,S2
2024-02-09 18:00:00,30.38,68.56,1016.6,S1
2024-02-09 19:00:00,28.18,72.49,1014.16,S1
2024-02-09 20:00:00,25.53,72.78,1025.13,S1
2024-02-09 21:00:00,23.27,76.46,1017.38,S3
2024-02-09 22:00:00,27.37,60.34,1013.0,S3
2024-02-09 23:00:00,25.69,64.44,999.69,S2
2024-02-10 00:00:00,27.02,72.76,993.34,S1
2024-02-10 01:00:00,24.92,73.24,1025.66,S3
2024-02-10 02:00:00,26.02,67.23,1016.94,S1
2024-02-10 03:00:00,22.97,73.35,1010.6,S2
2024-02-10 04:00:00,24.28,74.95,1018.55,S1
2024-02-10 05:00:00,24.01,70.57,1010.63,S3
2024-02-10 06:00:00,28.13,78.69,992.99,S3
2024-02-10 07:00:00,24.74,79.62,1023.13,S1
2024-02-10 08:00:00,29.15,72.14,1024.41,S1
2024-02-10 09:00:00,24.77,75.72,1009.71,S1
2024-02-10 10:00:00,30.6,63.03,1012.58,S1
2024-02-10 11:00:00,22.52,76.87,1006.87,S1
2024-02-10 12:00:00,27.27,78.83,1031.45,S1
2024-02-10 13:00:00,26.5,66.42,1025.04,S2
2024-02-10 14:00:00,24.01,74.57,1004.88,S2
2024-02-10 15:00:00,25.34,62.11,1019.05,S3
2024-02-10 16:00:00,25.92,67.54,1004.23,S1
2024-02-10 17:00:00,26.95,68.86,1004.87,S2
2024-02-10 18:00:00,24.58,64.08,1008.57,S1
2024-02-10 19:00:00,27.31,70.26,1006.92,S3
2024-02-10 20:00:00,26.7,69.92,997.41,S2
2024-02-10 21:00:00,28.03,74.52,1026.26,S1
2024-02-10 22:00:00,24.75,63.86,1015.11,S1
2024-02-10 23:00:00,25.66,74.54,1028.54,S1
2024-02-11 00:00:00,29.37,67.47,1011.34,S1
2024-02-11 01:00:00,24.68,65.02,998.32,S1
2024-02-11 02:00:00,23.71,70.42,1023.25,S1
2024-02-11 03:00:00,25.24,75.16,1015.61,S3
2024-02-11 04:00:00,22.96,68.97,1010.35,S1
2024-02-11 05:00:00,29.86,73.95,1025.05,S1
2024-02-11 06:00:00,25.95,72.77,999.57,S2
2024-02-11 07:00:00,25.98,87.04,1022.81,S1
2024-02-11 08:00:00,28.01,69.8,1020.18,S1
2024-02-11 09:00:00,25.08,70.52,1015.31,S2
2024-02-11 10:00:00,26.11,76.89,998.22,S2
2024-02-11 11:00:00,25.04,71.08,1022.38,S1
2024-02-11 12:00:00,23.04,72.59,1020.44,S3
2024-02-11 13:00:00,26.66,62.54,1015.66,S2
2024-02-11 14:00:00,28.61,70.71,1012.45,S2
2024-02-11 15:00:00,26.73,67.79,1001.71,S1
2024-02-11 16:00:00,28.41,68.91,1001.8,S2
2024-02-11 17:00:00,24.39,72.58,1005.25,S1
2024-02-11 18:00:00,25.08,71.02,997.25,S3
2024-02-11 19:00:00,24.0,75.14,997.58,S3
2024-02-11 20:00:00,27.33,76.05,1008.56,S1
2024-02-11 21:00:00,25.96,70.38,999.67,S3
2024-02-11 22:00:00,25.9,72.76,1010.68,S1
2024-02-11 23:00:00,27.95,61.09,1013.66,S2
2024-02-12 00:00:00,25.67,72.82,998.51,S2
2024-02-12 01:00:00,28.78,76.51,1021.28,S1
2024-02-12 02:00:00,27.1,66.68,1023.11,S1
2024-02-12 03:00:00,25.9,75.0,991.14,S2
2024-02-12 04:00:00,23.53,68.96,1026.53,S1
2024-02-12 05:00:00,27.97,68.33,1018.59,S2
2024-02-12 06:00:00,27.21,78.33,1013.94,S1
2024-02-12 07:00:00,27.32,71.03,1027.62,S2
2024-02-12 08:00:00,27.39,75.52,1014.06,S3
2024-02-12 09:00:00,25.61,61.42,1005.2,S3
2024-02-12 10:00:00,26.37,68.13,998.07,S2
2024-02-12 11:00:00,25.76,74.73,1011.82,S2
2024-02-12 12:00:00,29.18,71.78,1011.79,S2
2024-02-12 13:00:00,26.14,70.24,995.96,S2
2024-02-12 14:00:00,25.45,74.17,1009.42,S2
2024-02-12 15:00:00,29.33,66.98,1028.35,S3
2024-02-12 16:00:00,29.12,77.22,1018.04,S2
2024-02-12 17:00:00,27.18,70.06,999.52,S1
2024-02-12 18:00:00,26.45,67.04,1016.04,S3
2024-02-12 19:00:00,25.96,67.36,1020.02,S2
2024-02-12 20:00:00,26.64,70.7,1023.3,S1
2024-02-12 21:00:00,24.98,68.96,1018.84,S3
2024-02-12 22:00:00,27.7,73.72,1024.62,S1
2024-02-12 23:00:00,30.04,70.85,1020.56,S2
2024-02-13 00:00:00,27.87,69.29,1010.56,S1
2024-02-13 01:00:00,24.54,72.83,1016.3,S1
2024-02-13 02:00:00,27.67,68.41,1010.71,S3
2024-02-13 03:00:00,27.15,73.51,1017.03,S1
2024-02-13 04:00:00,27.66,72.68,1020.35,S1
2024-02-13 05:00:00,25.13,72.46,1012.24,S3
2024-02-13 06:00:00,26.78,69.24,1016.04,S2
2024-02-13 07:00:00,28.55,67.88,1008.17,S1
2024-02-13 08:00:00,24.65,75.06,1009.95,S2
2024-02-13 09:00:00,25.89,74.08,1012.31,S3
2024-02-13 10:00:00,26.22,65.96,1007.4,S2
2024-02-13 11:00:00,28.8,68.83,1026.27,S1
2024-02-13 12:00:00,29.1,77.69,1018.97,S1
2024-02-13 13:00:00,22.98,75.9,1020.4,S2
2024-02-13 14:00:00,28.81,65.12,1018.6,S2
2024-02-13 15:00:00,29.18,71.02,1014.7,S1
2024-02-13 16:00:00,29.06,73.05,1000.83,S3
2024-02-13 17:00:00,25.77,75.92,1024.22,S1
2024-02-13 18:00:00,26.38,71.58,1033.81,S1
2024-02-13 19:00:00,23.71,73.36,1019.62,S2
2024-02-13 20:00:00,22.66,75.59,1005.13,S1
2024-02-13 21:00:00,26.13,76.25,1018.94,S2
2024-02-13 22:00:00,27.01,70.01,1005.0,S3
2024-02-13 23:00:00,27.22,71.13,1008.23,S1
2024-02-14 00:00:00,28.51,67.11,988.8,S3
2024-02-14 01:00:00,33.0,69.53,1026.7,S3
2024-02-14 02:00:00,26.09,68.85,1016.17,S1
2024-02-14 03:00:00,24.78,69.93,1018.73,S2
2024-02-14 04:00:00,27.98,70.4,1020.89,S2
2024-02-14 05:00:00,27.34,74.93,1017.77,S1
2024-02-14 06:00:00,25.75,72.6,1022.77,S2
2024-02-14 07:00:00,28.73,64.45,1026.65,S2
2024-02-14 08:00:00,25.29,73.59,1012.64,S3
2024-02-14 09:00:00,26.66,68.09,996.39,S2
2024-02-14 10:00:00,26.78,65.38,1004.56,S2
2024-02-14 11:00:00,25.03,65.11,1019.19,S1
2024-02-14 12:00:00,23.51,71.66,1002.73,S3
2024-02-14 13:00:00,27.38,76.11,1012.37,S2
2024-02-14 14:00:00,29.68,69.74,1038.01,S1
2024-02-14 15:00:00,28.87,75.47,1023.45,S2
2024-02-14 16:00:00,29.01,71.21,992.88,S3
2024-02-14 17:00:00,25.36,59.99,1036.31,S3
2024-02-14 18:00:00,27.39,73.83,1026.67,S3
2024-02-14 19:00:00,24.12,68.05,1019.63,S3
2024-02-14 20:00:00,27.31,66.7,1014.35,S3
2024-02-14 21:00:00,29.76,73.83,999.21,S3
2024-02-14 22:00:00,29.82,71.4,1009.27,S1
2024-02-14 23:00:00,31.05,70.39,993.17,S3
2024-02-15 00:00:00,28.97,71.21,1022.52,S2
2024-02-15 01:00:00,27.95,66.48,1014.85,S2
2024-02-15 02:00:00,28.75,79.55,1005.57,S2
2024-02-15 03:00:00,28.37,71.56,1023.1,S2
2024-02-15 04:00:00,25.4,71.48,1016.33,S3
2024-02-15 05:00:00,23.99,70.25,1029.39,S3
2024-02-15 06:00:00,28.79,62.59,1008.56,S1
2024-02-15 07:00:00,31.22,67.29,1026.93,S3
2024-02-15 08:00:00,28.88,64.54,1015.25,S2
2024-02-15 09:00:00,23.26,64.05,1005.25,S1
2024-02-15 10:00:00,26.01,62.94,1018.94,S1
2024-02-15 11:00:00,26.66,67.46,1013.75,S1
2024-02-15 12:00:00,23.34,70.73,1017.56,S1
2024-02-15 13:00:00,24.31,63.51,1003.14,S3
2024-02-15 14:00:00,26.99,74.11,989.9,S1
2024-02-15 15:00:00,27.59,72.09,1008.05,S3
2024-02-15 16:00:00,25.1,69.44,1018.72,S1
2024-02-15 17:00:00,24.24,81.4,1018.42,S3
2024-02-15 18:00:00,29.47,69.38,1008.46,S3
2024-02-15 19:00:00,26.33,74.57,1015.34,S2
2024-02-15 20:00:00,26.62,71.62,1009.08,S3
2024-02-15 21:00:00,26.01,77.75,1011.66,S1
2024-02-15 22:00:00,25.56,75.98,1025.62,S1
2024-02-15 23:00:00,29.72,69.05,999.66,S3
2024-02-16 00:00:00,25.36,69.22,1031.87,S3
2024-02-16 01:00:00,27.48,63.82,1014.74,S3
2024-02-16 02:00:00,27.14,71.1,1033.19,S3
2024-02-16 03:00:00,23.24,73.79,1031.61,S2
2024-02-16 04:00:00,27.62,70.2,990.26,S2
2024-02-16 05:00:00,24.05,77.5,1014.84,S2
2024-02-16 06:00:00,28.42,71.22,1003.19,S2
2024-02-16 07:00:00,24.78,76.72,1011.65,S2
2024-02-16 08:00:00,28.2,69.66,1017.57,S3
2024-02-16 09:00:00,26.3,64.67,1027.57,S2
2024-02-16 10:00:00,25.82,67.34,1002.15,S2
2024-02-16 11:00:00,27.59,70.29,1038.29,S3
2024-02-16 12:00:00,24.23,66.7,1007.19,S3
2024-02-16 13:00:00,27.04,62.16,999.57,S1
2024-02-16 14:00:00,28.75,60.42,1023.95,S1
2024-02-16 15:00:00,29.28,75.49,1014.28,S1
2024-02-16 16:00:00,26.27,72.34,1035.11,S2
2024-02-16 17:00:00,26.57,71.79,1003.16,S3
2024-02-16 18:00:00,24.22,71.24,1014.84,S1
2024-02-16 19:00:00,25.71,67.65,1025.7,S1
2024-02-16 20:00:00,24.1,74.36,1004.54,S2
2024-02-16 21:00:00,28.1,61.68,1025.82,S1
2024-02-16 22:00:00,28.91,59.95,1016.98,S3
2024-02-16 23:00:00,26.32,69.35,1002.94,S3
2024-02-17 00:00:00,25.12,71.0,1025.63,S1
2024-02-17 01:00:00,27.86,65.92,1011.04,S3
2024-02-17 02:00:00,25.51,62.37,1024.88,S1
2024-02-17 03:00:00,28.6,73.28,1005.97,S1
2024-02-17 04:00:00,31.13,68.26,998.48,S3
2024-02-17 05:00:00,25.49,73.78,1008.6,S3
2024-02-17 06:00:00,25.78,76.83,1011.78,S2
2024-02-17 07:00:00,24.35,62.28,1014.95,S2
2024-02-17 08:00:00,27.57,71.36,1018.34,S1
2024-02-17 09:00:00,27.44,71.53,1032.6,S3
2024-02-17 10:00:00,26.74,74.0,1011.97,S1
2024-02-17 11:00:00,27.32,67.6,1030.82,S2
2024-02-17 12:00:00,25.21,70.54,1023.25,S1
2024-02-17 13:00:00,23.97,73.92,1012.19,S3
2024-02-17 14:00:00,25.79,72.43,1016.07,S3
2024-02-17 15:00:00,23.48,78.03,1016.96,S2
2024-02-17 16:00:00,25.55,65.89,1023.26,S1
2024-02-17 17:00:00,27.94,71.25,1024.78,S1
2024-02-17 18:00:00,27.44,69.78,999.0,S3
2024-02-17 19:00:00,23.78,69.17,1022.79,S2
2024-02-17 20:00:00,29.43,73.14,1017.08,S3
2024-02-17 21:00:00,26.95,70.77,1016.93,S3
2024-02-17 22:00:00,24.75,64.85,1011.67,S2
2024-02-17 23:00:00,26.62,74.94,1020.04,S3
2024-02-18 00:00:00,26.19,73.12,1021.88,S1
2024-02-18 01:00:00,25.62,77.53,1014.12,S1
2024-02-18 02:00:00,28.99,73.78,1023.22,S1
2024-02-18 03:00:00,25.16,69.07,1006.69,S3
2024-02-18 04:00:00,27.74,69.1,1013.12,S2
2024-02-18 05:00:00,24.7,75.3,1016.61,S2
2024-02-18 06:00:00,27.31,66.28,1009.91,S2
2024-02-18 07:00:00,27.92,65.58,1009.69,S2
2024-02-18 08:00:00,27.93,71.2,1003.7,S2
2024-02-18 09:00:00,27.56,62.62,1017.32,S3
2024-02-18 10:00:00,26.92,71.83,1032.45,S2
2024-02-18 11:00:00,25.28,72.43,1019.02,S1
2024-02-18 12:00:00,25.31,68.84,1011.32,S3
2024-02-18 13:00:00,28.01,77.1,1026.16,S1
2024-02-18 14:00:00,24.9,75.69,1012.66,S2
2024-02-18 15:00:00,24.45,66.15,1020.5,S2
2024-02-18 16:00:00,30.29,73.32,1018.6,S1
2024-02-18 17:00:00,26.92,74.95,998.07,S1
2024-02-18 18:00:00,28.71,70.43,1014.0,S3
2024-02-18 19:00:00,29.19,67.85,1034.43,S2
2024-02-18 20:00:00,27.55,64.46,1007.58,S2
2024-02-18 21:00:00,26.7,67.21,1028.93,S2
2024-02-18 22:00:00,26.74,64.56,1023.13,S1
2024-02-18 23:00:00,30.68,74.54,1008.51,S2
2024-02-19 00:00:00,26.35,68.7,1014.05,S3
2024-02-19 01:00:00,27.83,72.57,1003.42,S3
2024-02-19 02:00:00,28.83,76.26,1022.5,S1
2024-02-19 03:00:00,27.99,71.01,1003.55,S1
2024-02-19 04:00:00,29.66,75.83,1018.03,S3
2024-02-19 05:00:00,26.72,68.18,1032.28,S1
2024-02-19 06:00:00,28.84,71.86,1007.53,S1
2024-02-19 07:00:00,23.91,70.94,1017.45,S2
2024-02-19 08:00:00,30.2,66.4,999.05,S3
2024-02-19 09:00:00,29.76,68.35,1014.42,S2
2024-02-19 10:00:00,26.91,76.97,1003.87,S3
2024-02-19 11:00:00,28.4,68.16,1016.45,S2
2024-02-19 12:00:00,29.31,61.56,1008.64,S3
2024-02-19 13:00:00,25.46,68.14,1004.09,S3
2024-02-19 14:00:00,27.25,66.1,1012.63,S3
2024-02-19 15:00:00,24.93,72.13,987.48,S1
2024-02-19 16:00:00,29.82,72.92,1003.45,S2
2024-02-19 17:00:00,29.2,71.63,1037.71,S1
2024-02-19 18:00:00,26.99,67.78,1011.7,S1
2024-02-19 19:00:00,26.77,70.12,1009.24,S3
2024-02-19 20:00:00,27.27,68.23,1017.73,S3
2024-02-19 21:00:00,25.77,62.57,1024.59,S1
2024-02-19 22:00:00,27.23,69.23,1030.5,S1
2024-02-19 23:00:00,25.5,82.97,1013.51,S1
2024-02-20 00:00:00,29.38,64.63,1012.1,S3
2024-02-20 01:00:00,29.86,60.5,1018.02,S3
2024-02-20 02:00:00,29.48,76.88,1014.76,S3
2024-02-20 03:00:00,25.21,72.0,1012.51,S2
2024-02-20 04:00:00,27.18,71.24,1020.2,S1
2024-02-20 05:00:00,28.78,67.94,1020.05,S1
2024-02-20 06:00:00,29.15,70.86,1014.77,S2
2024-02-20 07:00:00,23.94,69.98,1038.3,S1
2024-02-20 08:00:00,29.1,76.27,1033.24,S1
2024-02-20 09:00:00,25.14,74.29,1019.73,S1
2024-02-20 10:00:00,27.32,72.71,1025.76,S2
2024-02-20 11:00:00,30.15,66.27,1007.43,S2
2024-02-20 12:00:00,29.88,70.83,1014.48,S1
2024-02-20 13:00:00,30.3,66.59,1021.48,S3
2024-02-20 14:00:00,25.52,75.81,1028.13,S1
2024-02-20 15:00:00,26.01,66.08,1003.83,S1
2024-02-20 16:00:00,26.53,68.97,1007.6,S3
2024-02-20 17:00:00,27.37,64.21,1014.97,S1
2024-02-20 18:00:00,28.1,67.14,1029.43,S1
2024-02-20 19:00:00,30.23,67.08,1014.95,S2
2024-02-20 20:00:00,25.82,68.85,1025.71,S1
2024-02-20 21:00:00,26.42,65.11,1012.59,S3
2024-02-20 22:00:00,30.53,75.68,1021.48,S2
2024-02-20 23:00:00,25.37,68.65,1003.29,S2
2024-02-21 00:00:00,29.15,66.91,1006.64,S3
2024-02-21 01:00:00,27.52,73.42,1011.67,S3
2024-02-21 02:00:00,28.48,80.38,1002.2,S2
2024-02-21 03:00:00,26.09,67.54,1001.62,S1
2024-02-21 04:00:00,29.13,68.32,1009.65,S1
2024-02-21 05:00:00,26.41,65.85,999.03,S2
2024-02-21 06:00:00,24.88,72.84,1012.35,S1
2024-02-21 07:00:00,28.69,74.3,1016.35,S2
2024-02-21 08:00:00,22.72,69.28,1005.12,S3
2024-02-21 09:00:00,26.6,67.31,1009.95,S1
2024-02-21 10:00:00,28.32,72.17,1009.68,S1
2024-02-21 11:00:00,29.26,73.19,1028.89,S2
2024-02-21 12:00:00,30.2,77.25,1014.6,S2
2024-02-21 13:00:00,31.31,66.56,1035.57,S1
2024-02-21 14:00:00,30.7,73.73,1008.87,S1
2024-02-21 15:00:00,28.15,69.99,1008.85,S1
2024-02-21 16:00:00,30.02,60.78,1024.5,S3
2024-02-21 17:00:00,28.12,77.05,987.79,S1
2024-02-21 18:00:00,29.15,70.92,1020.81,S1
2024-02-21 19:00:00,26.58,72.46,1012.07,S2
2024-02-21 20:00:00,28.71,74.15,1014.13,S3
2024-02-21 21:00:00,26.84,72.39,1009.64,S2
2024-02-21 22:00:00,27.45,64.56,1018.9,S1
2024-02-21 23:00:00,28.73,72.76,994.54,S3
2024-02-22 00:00:00,31.99,71.86,1005.56,S1
2024-02-22 01:00:00,28.6,61.02,1032.59,S3
2024-02-22 02:00:00,27.79,77.69,1013.64,S3
2024-02-22 03:00:00,26.15,67.47,1001.18,S3
2024-02-22 04:00:00,29.61,74.33,1013.62,S3
2024-02-22 05:00:00,27.15,67.66,1020.47,S3
2024-02-22 06:00:00,28.58,66.66,1013.97,S3
2024-02-22 07:00:00,29.24,68.93,1011.87,S2
2024-02-22 08:00:00,30.37,79.92,1007.1,S2
2024-02-22 09:00:00,29.53,79.37,1000.34,S1
2024-02-22 10:00:00,25.4,66.62,994.3,S3
2024-02-22 11:00:00,24.42,75.53,1004.69,S3
2024-02-22 12:00:00,29.26,69.4,1026.13,S2
2024-02-22 13:00:00,28.03,79.36,1008.75,S1
2024-02-22 14:00:00,28.65,75.03,1011.37,S1
2024-02-22 15:00:00,31.31,70.65,997.77,S2
2024-02-22 16:00:00,26.64,69.65,1013.06,S2
2024-02-22 17:00:00,30.46,72.28,1008.97,S3
2024-02-22 18:00:00,26.67,71.65,1009.67,S2
2024-02-22 19:00:00,31.02,63.71,1007.06,S3
2024-02-22 20:00:00,29.39,70.25,1007.2,S1
2024-02-22 21:00:00,24.88,65.95,1010.57,S3
2024-02-22 22:00:00,27.07,66.55,1012.69,S2
2024-02-22 23:00:00,31.74,74.76,990.4,S3
2024-02-23 00:00:00,31.49,70.2,996.19,S3
2024-02-23 01:00:00,29.12,66.9,1007.73,S2
2024-02-23 02:00:00,28.63,63.1,1022.22,S3
2024-02-23 03:00:00,28.4,65.27,998.84,S1
2024-02-23 04:00:00,28.8,68.85,1018.81,S3
2024-02-23 05:00:00,27.65,77.56,1029.57,S2
2024-02-23 06:00:00,30.36,63.88,1010.33,S2
2024-02-23 07:00:00,29.1,70.59,1008.51,S2
2024-02-23 08:00:00,26.01,71.15,1018.38,S3
2024-02-23 09:00:00,29.26,75.21,1014.09,S1
2024-02-23 10:00:00,28.28,69.72,1006.78,S2
2024-02-23 11:00:00,27.33,71.12,1015.73,S2
2024-02-23 12:00:00,31.76,74.99,1006.14,S1
2024-02-23 13:00:00,28.17,65.18,1026.76,S2
2024-02-23 14:00:00,24.06,73.01,1010.85,S3
2024-02-23 15:00:00,27.49,62.08,1017.23,S2
2024-02-23 16:00:00,29.97,69.36,1029.65,S2
2024-02-23 17:00:00,26.13,67.85,1011.19,S3
2024-02-23 18:00:00,29.91,65.41,1005.49,S1
2024-02-23 19:00:00,26.0,73.88,1007.28,S1
2024-02-23 20:00:00,30.67,74.15,1012.97,S2
2024-02-23 21:00:00,26.86,74.34,1011.57,S3
2024-02-23 22:00:00,27.3,70.89,1011.22,S3
2024-02-23 23:00:00,27.16,62.82,1016.5,S1
2024-02-24 00:00:00,29.21,67.33,1014.22,S1
2024-02-24 01:00:00,31.71,73.99,1008.38,S1
2024-02-24 02:00:00,28.05,73.92,1013.11,S3
2024-02-24 03:00:00,28.0,74.93,1006.1,S3
2024-02-24 04:00:00,26.88,70.51,1008.16,S3
2024-02-24 05:00:00,24.78,68.02,989.67,S2
2024-02-24 06:00:00,27.09,59.09,1004.67,S2
2024-02-24 07:00:00,25.53,73.23,1021.16,S1
2024-02-24 08:00:00,24.27,68.41,1019.29,S1
2024-02-24 09:00:00,27.9,62.63,1020.31,S2
2024-02-24 10:00:00,26.97,72.7,1017.25,S2
2024-02-24 11:00:00,30.81,75.98,1008.15,S2
2024-02-24 12:00:00,26.35,73.21,1000.35,S2
2024-02-24 13:00:00,29.41,72.23,1009.83,S1
2024-02-24 14:00:00,29.37,73.52,982.04,S2
2024-02-24 15:00:00,30.75,55.19,1024.42,S2
2024-02-24 16:00:00,27.71,77.44,1015.05,S3
2024-02-24 17:00:00,30.72,64.87,1021.55,S1
2024-02-24 18:00:00,29.21,65.3,1007.87,S1
2024-02-24 19:00:00,30.37,66.45,996.94,S3
2024-02-24 20:00:00,32.89,67.02,1014.84,S1
2024-02-24 21:00:00,27.86,76.29,1014.72,S1
2024-02-24 22:00:00,28.45,71.5,1011.63,S2
2024-02-24 23:00:00,27.39,65.38,1015.85,S2
2024-02-25 00:00:00,31.2,66.13,1008.22,S1
2024-02-25 01:00:00,33.33,81.23,1014.99,S3
2024-02-25 02:00:00,29.59,70.51,1017.69,S3
2024-02-25 03:00:00,24.91,66.58,1029.76,S1
2024-02-25 04:00:00,26.37,60.62,1020.66,S1
2024-02-25 05:00:00,30.46,60.34,1000.61,S1
2024-02-25 06:00:00,25.85,63.13,1009.1,S1
2024-02-25 07:00:00,26.94,69.18,1004.45,S2
2024-02-25 08:00:00,26.88,74.24,1026.71,S2
2024-02-25 09:00:00,28.0,71.77,1008.1,S1
2024-02-25 10:00:00,28.67,74.55,1010.36,S3
2024-02-25 11:00:00,24.38,71.5,1011.88,S2
2024-02-25 12:00:00,25.11,62.53,1017.03,S1
2024-02-25 13:00:00,25.16,70.77,1001.1,S3
2024-02-25 14:00:00,25.41,70.98,1012.89,S2
2024-02-25 15:00:00,28.21,68.03,1022.39,S2
2024-02-25 16:00:00,28.57,67.09,1009.71,S1
2024-02-25 17:00:00,30.21,67.87,1031.29,S3
2024-02-25 18:00:00,29.3,60.87,1004.16,S1
2024-02-25 19:00:00,27.03,61.94,1007.95,S2
2024-02-25 20:00:00,28.66,81.3,1020.74,S3
2024-02-25 21:00:00,30.31,62.32,1013.33,S2
2024-02-25 22:00:00,27.75,59.74,1010.71,S1
2024-02-25 23:00:00,27.59,64.96,1001.81,S1
2024-02-26 00:00:00,26.32,70.85,1007.17,S2
2024-02-26 01:00:00,26.61,71.35,1031.31,S1
2024-02-26 02:00:00,29.59,63.42,1016.19,S1
2024-02-26 03:00:00,28.22,69.01,1018.76,S2
2024-02-26 04:00:00,32.15,65.8,1006.76,S3
2024-02-26 05:00:00,26.88,69.46,1014.95,S2
2024-02-26 06:00:00,29.76,67.03,1010.24,S2
2024-02-26 07:00:00,29.02,65.02,1000.53,S3
2024-02-26 08:00:00,28.07,65.24,1005.66,S1
2024-02-26 09:00:00,27.38,57.48,1007.8,S3
2024-02-26 10:00:00,29.46,67.36,1033.95,S2
2024-02-26 11:00:00,29.34,68.07,1031.71,S3
2024-02-26 12:00:00,28.67,61.4,996.26,S1
2024-02-26 13:00:00,29.12,66.75,1004.74,S3
2024-02-26 14:00:00,28.34,67.15,1011.18,S3
2024-02-26 15:00:00,24.99,59.15,1013.26,S2
2024-02-26 16:00:00,28.45,64.55,1011.68,S3
2024-02-26 17:00:00,27.75,64.39,1031.5,S2
2024-02-26 18:00:00,32.18,69.29,1008.28,S1
2024-02-26 19:00:00,29.56,74.61,1031.16,S3
2024-02-26 20:00:00,28.7,68.61,1022.62,S3
2024-02-26 21:00:00,29.23,74.17,1012.37,S2
2024-02-26 22:00:00,26.26,67.25,1006.55,S2
2024-02-26 23:00:00,27.09,70.21,1006.4,S1
2024-02-27 00:00:00,27.64,68.67,1032.43,S2
2024-02-27 01:00:00,29.09,80.39,1020.21,S2
2024-02-27 02:00:00,27.45,67.56,1015.95,S1
2024-02-27 03:00:00,27.32,72.23,991.04,S2
2024-02-27 04:00:00,26.19,69.32,1008.06,S2
2024-02-27 05:00:00,28.38,73.92,1009.3,S2
2024-02-27 06:00:00,28.67,71.45,1015.18,S2
2024-02-27 07:00:00,29.2,69.98,1011.63,S1
2024-02-27 08:00:00,26.95,62.56,1009.16,S1
2024-02-27 09:00:00,29.09,62.99,1016.22,S2
2024-02-27 10:00:00,26.27,65.17,1021.99,S3
2024-02-27 11:00:00,27.92,66.78,1007.03,S1
2024-02-27 12:00:00,28.96,68.79,1003.1,S3
2024-02-27 13:00:00,27.85,65.15,1007.37,S2
2024-02-27 14:00:00,25.24,58.33,1003.4,S2
2024-02-27 15:00:00,25.49,73.34,1010.34,S1
2024-02-27 16:00:00,28.82,70.43,1033.04,S3
2024-02-27 17:00:00,29.54,68.49,1009.6,S1
2024-02-27 18:00:00,29.06,74.45,1001.99,S1
2024-02-27 19:00:00,29.59,64.15,1008.58,S1
2024-02-27 20:00:00,27.83,67.51,1028.61,S2
2024-02-27 21:00:00,29.87,68.95,1010.22,S3
2024-02-27 22:00:00,29.07,66.07,1004.92,S2
2024-02-27 23:00:00,27.12,64.16,995.69,S2
2024-02-28 00:00:00,29.44,72.5,1009.66,S2
2024-02-28 01:00:00,29.0,69.54,998.52,S1
2024-02-28 02:00:00,31.76,71.23,1015.16,S2
2024-02-28 03:00:00,31.18,63.98,1008.79,S2
2024-02-28 04:00:00,28.24,72.24,992.07,S2
2024-02-28 05:00:00,27.59,64.96,1029.63,S2
2024-02-28 06:00:00,31.55,69.31,1034.38,S2
2024-02-28 07:00:00,29.54,77.96,1015.57,S2
2024-02-28 08:00:00,28.09,72.31,1028.36,S3
2024-02-28 09:00:00,24.46,69.74,1015.29,S1
2024-02-28 10:00:00,26.93,74.79,993.53,S2
2024-02-28 11:00:00,26.8,65.18,1010.45,S1
2024-02-28 12:00:00,28.16,70.47,1006.68,S3
2024-02-28 13:00:00,29.69,63.85,998.03,S3
2024-02-28 14:00:00,30.0,66.19,1013.02,S1
2024-02-28 15:00:00,31.46,75.94,1005.55,S3
2024-02-28 16:00:00,30.33,69.35,1014.88,S2
2024-02-28 17:00:00,25.87,75.01,1020.33,S3
2024-02-28 18:00:00,30.54,67.45,1029.98,S2
2024-02-28 19:00:00,31.95,74.06,1012.67,S1
2024-02-28 20:00:00,31.85,68.2,1001.78,S1
2024-02-28 21:00:00,26.06,68.6,1007.63,S1
2024-02-28 22:00:00,28.11,68.05,1008.8,S1
2024-02-28 23:00:00,30.42,69.72,1035.99,S1
2024-02-29 00:00:00,26.18,66.61,1011.93,S1
2024-02-29 01:00:00,25.05,60.95,1018.09,S2
2024-02-29 02:00:00,29.13,67.71,1023.88,S1
2024-02-29 03:00:00,27.16,68.54,1026.76,S3
2024-02-29 04:00:00,25.25,76.04,1015.06,S2
2024-02-29 05:00:00,30.98,56.56,1009.5,S2
2024-02-29 06:00:00,28.85,75.94,1008.09,S2
2024-02-29 07:00:00,27.48,73.08,1000.17,S2
2024-02-29 08:00:00,26.6,71.26,1021.88,S1
2024-02-29 09:00:00,28.88,68.59,1040.4,S1
2024-02-29 10:00:00,29.57,62.71,1026.52,S1
2024-02-29 11:00:00,29.19,77.56,1013.21,S3
2024-02-29 12:00:00,25.51,73.97,1000.15,S1
2024-02-29 13:00:00,29.5,69.04,1007.46,S1
2024-02-29 14:00:00,29.94,69.21,1017.03,S3
2024-02-29 15:00:00,27.87,67.22,1009.6,S1
2024-02-29 16:00:00,30.64,70.73,1011.73,S1
2024-02-29 17:00:00,26.86,67.53,1016.85,S2
2024-02-29 18:00:00,31.15,69.28,1015.13,S1
2024-02-29 19:00:00,28.83,69.92,1036.24,S3
2024-02-29 20:00:00,27.58,79.87,1035.77,S2
2024-02-29 21:00:00,27.94,63.16,1009.91,S3
2024-02-29 22:00:00,30.58,68.5,1023.32,S3
2024-02-29 23:00:00,29.06,73.83,999.08,S1
2024-03-01 00:00:00,29.88,71.82,1022.41,S2
2024-03-01 01:00:00,30.74,71.06,1017.84,S1
2024-03-01 02:00:00,27.54,82.72,1003.98,S2
2024-03-01 03:00:00,28.85,73.1,1024.53,S2
2024-03-01 04:00:00,28.15,64.52,1002.75,S2
2024-03-01 05:00:00,30.64,63.94,1011.67,S3
2024-03-01 06:00:00,27.84,67.44,1014.46,S1
2024-03-01 07:00:00,28.71,65.44,996.1,S2
2024-03-01 08:00:00,33.21,68.01,1014.59,S2
2024-03-01 09:00:00,31.19,69.29,1003.98,S3
2024-03-01 10:00:00,26.55,68.96,1008.87,S2
2024-03-01 11:00:00,30.43,55.3,1012.03,S2
2024-03-01 12:00:00,30.01,63.8,996.04,S1
2024-03-01 13:00:00,26.43,71.15,1007.92,S3
2024-03-01 14:00:00,28.42,75.77,1011.25,S3
2024-03-01 15:00:00,26.75,65.53,1009.33,S2
2024-03-01 16:00:00,23.86,65.54,1003.47,S2
2024-03-01 17:00:00,28.36,67.08,999.45,S3
2024-03-01 18:00:00,27.64,76.14,1002.81,S2
2024-03-01 19:00:00,26.45,67.78,993.62,S2
2024-03-01 20:00:00,28.64,56.29,1004.53,S3
2024-03-01 21:00:00,24.42,76.43,1025.28,S2
2024-03-01 22:00:00,28.75,70.94,997.55,S1
2024-03-01 23:00:00,28.7,61.01,1022.09,S2
2024-03-02 00:00:00,30.03,64.91,999.58,S3
2024-03-02 01:00:00,25.47,63.48,1018.04,S1
2024-03-02 02:00:00,32.96,66.4,1039.3,S2
2024-03-02 03:00:00,32.2,74.87,1018.9,S1
2024-03-02 04:00:00,27.14,58.09,1011.08,S3
2024-03-02 05:00:00,31.61,65.7,1011.38,S1
2024-03-02 06:00:00,30.41,67.96,1021.88,S2
2024-03-02 07:00:00,27.82,67.05,1016.94,S2
2024-03-02 08:00:00,27.49,63.4,1015.66,S3
2024-03-02 09:00:00,27.64,73.33,1008.31,S1
2024-03-02 10:00:00,34.36,66.58,1016.3,S1
2024-03-02 11:00:00,31.43,65.92,995.08,S3
2024-03-02 12:00:00,28.31,69.08,1007.02,S3
2024-03-02 13:00:00,28.49,65.94,1030.89,S3
2024-03-02 14:00:00,30.42,64.56,1021.72,S3
2024-03-02 15:00:00,30.33,62.69,1011.71,S2
2024-03-02 16:00:00,26.82,78.26,1002.08,S2
2024-03-02 17:00:00,29.33,71.27,1033.14,S3
2024-03-02 18:00:00,27.63,65.38,1006.77,S3
2024-03-02 19:00:00,29.05,73.64,1003.42,S1
2024-03-02 20:00:00,28.65,69.89,1014.74,S2
2024-03-02 21:00:00,30.78,67.46,1007.6,S1
2024-03-02 22:00:00,28.22,62.11,992.87,S1
2024-03-02 23:00:00,28.99,63.11,998.59,S2
2024-03-03 00:00:00,25.0,72.08,1011.02,S3
2024-03-03 01:00:00,29.41,70.99,1001.71,S2
2024-03-03 02:00:00,27.21,60.35,997.48,S1
2024-03-03 03:00:00,25.74,65.17,998.35,S2
2024-03-03 04:00:00,31.03,70.6,1011.14,S3
2024-03-03 05:00:00,28.69,72.75,1011.71,S2
2024-03-03 06:00:00,24.63,69.75,1021.4,S3
2024-03-03 07:00:00,27.22,64.89,1000.98,S3
2024-03-03 08:00:00,28.8,68.34,1011.15,S1
2024-03-03 09:00:00,28.86,66.1,1006.29,S1
2024-03-03 10:00:00,27.79,69.05,1018.51,S3
2024-03-03 11:00:00,22.07,74.52,1013.17,S3
2024-03-03 12:00:00,27.7,63.21,1016.43,S1
2024-03-03 13:00:00,30.95,68.52,1025.32,S3
2024-03-03 14:00:00,31.61,66.62,1014.98,S2
2024-03-03 15:00:00,27.6,65.78,1023.96,S3
2024-03-03 16:00:00,32.58,66.39,999.9,S3
2024-03-03 17:00:00,25.58,73.64,998.4,S1
2024-03-03 18:00:00,27.2,69.96,1026.24,S1
2024-03-03 19:00:00,30.61,64.66,1015.8,S1
2024-03-03 20:00:00,30.3,70.3,1018.96,S2
2024-03-03 21:00:00,28.81,64.24,1024.69,S3
2024-03-03 22:00:00,26.6,58.08,1005.43,S3
2024-03-03 23:00:00,26.59,55.5,1006.84,S1
2024-03-04 00:00:00,27.39,69.51,1021.21,S3
2024-03-04 01:00:00,26.69,65.58,1009.55,S3
2024-03-04 02:00:00,29.11,71.98,1007.44,S2
2024-03-04 03:00:00,28.67,68.92,1000.3,S3
2024-03-04 04:00:00,26.53,68.27,1021.94,S2
2024-03-04 05:00:00,28.15,64.71,1007.56,S3
2024-03-04 06:00:00,23.56,69.56,1021.81,S1
2024-03-04 07:00:00,29.54,74.7,1017.95,S1
2024-03-04 08:00:00,30.3,56.84,1026.93,S3
2024-03-04 09:00:00,27.05,66.18,996.1,S1
2024-03-04 10:00:00,27.3,73.64,984.32,S2
2024-03-04 11:00:00,29.39,61.18,1030.54,S1
2024-03-04 12:00:00,29.09,67.56,1023.12,S2
2024-03-04 13:00:00,30.43,63.47,1002.75,S3
2024-03-04 14:00:00,27.33,65.54,1004.78,S3
2024-03-04 15:00:00,27.57,58.0,1013.47,S1
2024-03-04 16:00:00,28.45,71.78,1010.98,S3
2024-03-04 17:00:00,26.76,67.6,1006.36,S3
2024-03-04 18:00:00,28.42,59.62,1004.53,S2
2024-03-04 19:00:00,26.8,68.92,1008.21,S2
2024-03-04 20:00:00,29.74,67.86,1017.93,S3
2024-03-04 21:00:00,27.04,63.37,1013.16,S1
2024-03-04 22:00:00,29.42,76.64,1008.09,S1
2024-03-04 23:00:00,31.83,69.37,1006.32,S1
2024-03-05 00:00:00,29.78,73.23,1034.44,S3
2024-03-05 01:00:00,29.27,65.97,1007.23,S1
2024-03-05 02:00:00,26.2,58.64,1018.21,S1
2024-03-05 03:00:00,31.71,55.13,1037.64,S3
2024-03-05 04:00:00,31.16,61.67,1019.91,S2
2024-03-05 05:00:00,28.62,73.47,1017.74,S2
2024-03-05 06:00:00,28.17,64.17,1025.35,S3
2024-03-05 07:00:00,27.31,71.92,1026.92,S2
2024-03-05 08:00:00,32.52,60.87,1012.73,S1
2024-03-05 09:00:00,30.52,63.38,999.72,S3
2024-03-05 10:00:00,27.44,64.09,1011.45,S3
2024-03-05 11:00:00,31.15,67.8,1018.8,S2
2024-03-05 12:00:00,31.64,59.9,1009.55,S3
2024-03-05 13:00:00,28.92,62.68,1010.68,S3
2024-03-05 14:00:00,28.28,65.48,1029.18,S1
2024-03-05 15:00:00,26.98,59.92,1020.86,S3
2024-03-05 16:00:00,30.39,57.83,1018.91,S3
2024-03-05 17:00:00,28.12,66.76,1002.64,S3
2024-03-05 18:00:00,28.04,59.97,1010.54,S3
2024-03-05 19:00:00,28.96,72.67,1016.83,S2
2024-03-05 20:00:00,27.35,72.8,1019.52,S3
2024-03-05 21:00:00,32.04,63.66,1028.88,S1
2024-03-05 22:00:00,30.93,69.58,1019.69,S2
2024-03-05 23:00:00,29.15,66.9,1007.61,S3
2024-03-06 00:00:00,27.29,71.89,1031.81,S2
2024-03-06 01:00:00,27.4,64.25,1010.22,S3
2024-03-06 02:00:00,27.32,69.08,1022.16,S3
2024-03-06 03:00:00,26.54,68.08,1007.24,S2
2024-03-06 04:00:00,29.65,67.82,1005.23,S2
2024-03-06 05:00:00,27.73,63.42,999.45,S2
2024-03-06 06:00:00,27.62,72.42,1000.16,S2
2024-03-06 07:00:00,27.39,64.44,1008.25,S1
2024-03-06 08:00:00,31.03,64.4,1026.08,S2
2024-03-06 09:00:00,27.51,62.86,1015.63,S1
2024-03-06 10:00:00,31.57,63.15,995.23,S3
2024-03-06 11:00:00,28.46,65.24,1021.31,S3
2024-03-06 12:00:00,26.54,68.68,1012.96,S2
2024-03-06 13:00:00,29.98,70.34,1028.17,S3
2024-03-06 14:00:00,30.81,67.06,1008.08,S1
2024-03-06 15:00:00,27.33,73.49,1003.95,S1
2024-03-06 16:00:00,29.17,66.98,1030.33,S2
2024-03-06 17:00:00,29.69,57.41,1023.03,S2
2024-03-06 18:00:00,29.24,60.6,995.9,S2
2024-03-06 19:00:00,28.14,69.87,1016.61,S1
2024-03-06 20:00:00,30.82,64.73,995.92,S2
2024-03-06 21:00:00,28.56,64.38,1022.55,S1
2024-03-06 22:00:00,27.85,61.51,1001.87,S1
2024-03-06 23:00:00,25.54,64.32,1000.46,S3
2024-03-07 00:00:00,25.56,64.39,1026.87,S3
2024-03-07 01:00:00,29.5,68.76,1017.14,S2
2024-03-07 02:00:00,28.92,65.07,1020.36,S2
2024-03-07 03:00:00,30.85,72.67,1008.16,S2
2024-03-07 04:00:00,31.34,63.0,1012.19,S2
2024-03-07 05:00:00,28.59,67.29,1028.68,S1
2024-03-07 06:00:00,30.99,57.98,1016.21,S2
2024-03-07 07:00:00,27.97,69.54,1036.3,S3
2024-03-07 08:00:00,28.79,59.13,1011.04,S2
2024-03-07 09:00:00,28.74,69.08,1022.6,S1
2024-03-07 10:00:00,32.26,57.02,1024.09,S3
2024-03-07 11:00:00,26.55,61.04,1014.97,S3
2024-03-07 12:00:00,29.22,70.39,1026.62,S2
2024-03-07 13:00:00,27.72,74.01,1007.65,S3
2024-03-07 14:00:00,28.51,52.6,1021.63,S3
2024-03-07 15:00:00,28.43,60.72,1002.61,S2
2024-03-07 16:00:00,29.26,75.31,1000.36,S2
2024-03-07 17:00:00,31.81,66.86,1013.39,S1
2024-03-07 18:00:00,32.93,60.98,1011.71,S3
2024-03-07 19:00:00,30.44,73.52,1001.93,S2
2024-03-07 20:00:00,27.17,69.05,1020.65,S3
2024-03-07 21:00:00,28.78,66.66,1028.62,S2
2024-03-07 22:00:00,29.66,56.52,1009.76,S1
2024-03-07 23:00:00,28.32,76.57,1023.41,S2
2024-03-08 00:00:00,28.59,67.39,1006.65,S2
2024-03-08 01:00:00,29.0,64.52,1011.01,S1
2024-03-08 02:00:00,30.69,73.37,1012.51,S2
2024-03-08 03:00:00,30.21,61.47,1021.34,S1
2024-03-08 04:00:00,27.93,60.57,1012.18,S3
2024-03-08 05:00:00,30.34,61.17,993.02,S3
2024-03-08 06:00:00,32.61,64.12,1025.0,S3
2024-03-08 07:00:00,26.14,66.15,1014.14,S2
2024-03-08 08:00:00,28.29,69.2,990.02,S1
2024-03-08 09:00:00,28.14,59.74,1027.21,S2
2024-03-08 10:00:00,29.33,67.5,1027.74,S2
2024-03-08 11:00:00,25.53,62.96,1002.21,S2
2024-03-08 12:00:00,31.9,65.42,998.82,S1
2024-03-08 13:00:00,29.27,72.0,1024.43,S2
2024-03-08 14:00:00,29.78,68.41,1024.44,S2
2024-03-08 15:00:00,29.55,68.81,1017.82,S1
2024-03-08 16:00:00,28.15,62.84,1008.55,S1
2024-03-08 17:00:00,30.59,75.54,1005.08,S3
2024-03-08 18:00:00,29.2,69.26,1019.0,S1
2024-03-08 19:00:00,25.03,63.77,1006.59,S3
2024-03-08 20:00:00,28.98,71.59,1006.65,S3
2024-03-08 21:00:00,28.65,68.72,1020.84,S2
2024-03-08 22:00:00,30.6,59.55,1022.82,S2
2024-03-08 23:00:00,34.61,66.85,1028.01,S2
2024-03-09 00:00:00,29.97,61.0,994.81,S2
2024-03-09 01:00:00,33.45,55.63,1008.01,S2
2024-03-09 02:00:00,27.84,63.66,1009.58,S2
2024-03-09 03:00:00,27.97,71.48,1012.82,S2
2024-03-09 04:00:00,28.73,73.18,1000.28,S3
2024-03-09 05:00:00,30.07,63.24,1018.67,S3
2024-03-09 06:00:00,27.95,64.36,1031.89,S2
2024-03-09 07:00:00,26.01,72.76,1001.08,S2
2024-03-09 08:00:00,29.28,69.12,1014.89,S3
2024-03-09 09:00:00,26.95,68.2,1025.55,S3
2024-03-09 10:00:00,31.47,66.44,1010.62,S1
2024-03-09 11:00:00,30.53,69.36,1005.67,S1
2024-03-09 12:00:00,27.72,65.58,1014.78,S2
2024-03-09 13:00:00,30.16,73.36,1020.34,S2
2024-03-09 14:00:00,28.15,65.11,1000.37,S2
2024-03-09 15:00:00,29.15,65.02,1023.36,S3
2024-03-09 16:00:00,29.17,55.41,1010.88,S2
2024-03-09 17:00:00,28.59,70.97,1006.33,S2
2024-03-09 18:00:00,30.92,60.85,997.67,S2
2024-03-09 19:00:00,27.02,53.81,1006.47,S1
2024-03-09 20:00:00,30.34,64.75,1006.93,S1
2024-03-09 21:00:00,29.88,63.94,1001.05,S2
2024-03-09 22:00:00,26.46,67.87,1017.74,S3
2024-03-09 23:00:00,27.68,68.86,1014.47,S1
2024-03-10 00:00:00,27.09,61.47,1022.81,S2
2024-03-10 01:00:00,28.55,79.2,1020.15,S1
2024-03-10 02:00:00,29.38,64.58,1006.6,S3
2024-03-10 03:00:00,27.43,57.13,1009.86,S3
2024-03-10 04:00:00,31.22,73.48,1005.55,S3
2024-03-10 05:00:00,31.4,69.2,997.03,S3
2024-03-10 06:00:00,31.76,67.59,1016.84,S2
2024-03-10 07:00:00,23.86,63.36,1014.66,S3
2024-03-10 08:00:00,33.19,65.75,1006.92,S2
2024-03-10 09:00:00,29.63,54.67,1021.05,S3
2024-03-10 10:00:00,29.4,64.15,1009.6,S2
2024-03-10 11:00:00,29.1,77.78,1025.33,S3
2024-03-10 12:00:00,26.66,60.71,1011.45,S2
2024-03-10 13:00:00,30.03,66.36,1000.05,S1
2024-03-10 14:00:00,32.54,57.04,1028.23,S2
2024-03-10 15:00:00,29.62,62.85,1016.65,S2
2024-03-10 16:00:00,27.09,59.12,1003.53,S3
2024-03-10 17:00:00,26.27,67.57,1008.98,S3
2024-03-10 18:00:00,28.73,66.5,1004.7,S1
2024-03-10 19:00:00,27.84,58.9,1022.91,S3
2024-03-10 20:00:00,30.73,65.85,992.18,S2
2024-03-10 21:00:00,32.07,66.01,1015.78,S3
2024-03-10 22:00:00,30.27,66.26,995.82,S3
2024-03-10 23:00:00,29.17,69.65,994.15,S2
2024-03-11 00:00:00,29.07,73.19,1017.11,S1
2024-03-11 01:00:00,29.48,62.29,1000.89,S3
2024-03-11 02:00:00,27.02,63.81,1019.97,S3
2024-03-11 03:00:00,30.55,64.47,1022.64,S2
2024-03-11 04:00:00,27.19,58.81,1008.53,S1
2024-03-11 05:00:00,31.58,60.28,1017.89,S1
2024-03-11 06:00:00,28.63,68.12,1027.74,S3
2024-03-11 07:00:00,31.02,74.92,1003.42,S2
2024-03-11 08:00:00,26.41,60.09,1021.62,S3
2024-03-11 09:00:00,31.01,76.74,1005.22,S2
2024-03-11 10:00:00,32.09,62.43,1013.03,S2
2024-03-11 11:00:00,26.8,71.31,1006.77,S3
2024-03-11 12:00:00,29.14,67.39,1007.14,S2
2024-03-11 13:00:00,30.04,66.21,1009.4,S3
2024-03-11 14:00:00,30.14,63.09,1007.01,S1
2024-03-11 15:00:00,28.7,65.29,1011.69,S1
2024-03-11 16:00:00,28.35,61.65,1024.69,S3
2024-03-11 17:00:00,29.89,69.92,999.23,S1
2024-03-11 18:00:00,30.09,70.77,1017.29,S1
2024-03-11 19:00:00,28.13,61.92,1002.22,S1
2024-03-11 20:00:00,27.74,56.96,1002.83,S1
2024-03-11 21:00:00,31.81,63.51,994.45,S2
2024-03-11 22:00:00,29.61,75.09,1023.76,S3
2024-03-11 23:00:00,24.85,66.29,1010.59,S3
2024-03-12 00:00:00,31.83,70.89,1004.01,S1
2024-03-12 01:00:00,28.21,60.47,1014.3,S3
2024-03-12 02:00:00,29.54,62.67,1009.51,S3
2024-03-12 03:00:00,30.16,63.54,1024.01,S3
2024-03-12 04:00:00,26.44,59.23,1002.82,S2
2024-03-12 05:00:00,28.83,65.91,1011.59,S1
2024-03-12 06:00:00,32.05,60.97,1021.5,S3
2024-03-12 07:00:00,31.59,69.8,1002.35,S2
2024-03-12 08:00:00,28.84,65.49,1008.39,S1
2024-03-12 09:00:00,30.85,72.44,1000.22,S2
2024-03-12 10:00:00,31.12,56.64,1004.32,S2
2024-03-12 11:00:00,31.02,62.36,997.46,S2
2024-03-12 12:00:00,27.14,62.96,1002.39,S3
2024-03-12 13:00:00,32.71,67.31,999.9,S1
2024-03-12 14:00:00,28.5,62.87,1006.32,S1
2024-03-12 15:00:00,29.65,73.58,1022.72,S3
2024-03-12 16:00:00,28.73,64.04,1015.8,S1
2024-03-12 17:00:00,29.9,60.42,1025.97,S1
2024-03-12 18:00:00,27.71,64.14,1009.13,S2
2024-03-12 19:00:00,28.99,63.3,1004.03,S3
2024-03-12 20:00:00,29.81,69.56,1011.73,S2
2024-03-12 21:00:00,31.9,62.85,1006.92,S1
2024-03-12 22:00:00,31.66,57.3,1017.11,S1
2024-03-12 23:00:00,31.76,65.78,997.95,S3
2024-03-13 00:00:00,31.19,61.63,1012.28,S2
2024-03-13 01:00:00,33.15,59.1,1028.04,S2
2024-03-13 02:00:00,28.88,64.97,1003.79,S2
2024-03-13 03:00:00,29.15,64.19,1008.59,S3
2024-03-13 04:00:00,29.07,63.74,995.73,S2
2024-03-13 05:00:00,29.35,66.13,1024.09,S2
2024-03-13 06:00:00,26.6,61.92,1012.02,S1
2024-03-13 07:00:00,30.0,65.39,1007.8,S1
2024-03-13 08:00:00,30.47,61.85,1013.47,S2
2024-03-13 09:00:00,28.96,68.9,1012.29,S2
2024-03-13 10:00:00,25.96,64.66,1005.99,S1
2024-03-13 11:00:00,29.52,73.52,998.95,S3
2024-03-13 12:00:00,26.89,62.28,1014.54,S1
2024-03-13 13:00:00,30.34,66.53,1013.15,S2
2024-03-13 14:00:00,29.73,70.39,1009.12,S3
2024-03-13 15:00:00,29.93,67.41,1009.94,S2
2024-03-13 16:00:00,27.37,65.42,1023.81,S2
2024-03-13 17:00:00,32.02,66.39,1015.91,S2
2024-03-13 18:00:00,29.84,67.23,999.74,S3
2024-03-13 19:00:00,27.67,66.18,1025.89,S2
2024-03-13 20:00:00,30.66,64.6,1019.81,S3
2024-03-13 21:00:00,29.7,68.35,1019.09,S1
2024-03-13 22:00:00,33.18,64.23,1005.07,S3
2024-03-13 23:00:00,28.4,59.72,1021.54,S2
2024-03-14 00:00:00,27.02,74.93,1014.81,S2
2024-03-14 01:00:00,30.09,69.01,1001.38,S1
2024-03-14 02:00:00,31.54,60.06,1015.88,S1
2024-03-14 03:00:00,34.16,63.38,1022.52,S1
2024-03-14 04:00:00,36.36,61.75,1018.68,S3
2024-03-14 05:00:00,26.42,62.09,995.0,S3
2024-03-14 06:00:00,29.25,68.91,1017.0,S3
2024-03-14 07:00:00,27.04,62.91,1009.36,S3
2024-03-14 08:00:00,29.03,74.13,994.15,S1
2024-03-14 09:00:00,34.48,55.71,1019.49,S2
2024-03-14 10:00:00,27.89,64.38,1019.83,S2
2024-03-14 11:00:00,29.49,57.87,1012.69,S3
2024-03-14 12:00:00,28.38,66.15,1002.8,S1
2024-03-14 13:00:00,27.53,66.74,1026.94,S1
2024-03-14 14:00:00,33.13,68.99,1018.48,S1
2024-03-14 15:00:00,26.46,58.35,1019.04,S2
2024-03-14 16:00:00,29.38,66.63,1022.22,S2
2024-03-14 17:00:00,29.72,60.09,1025.12,S3
2024-03-14 18:00:00,29.48,64.93,1016.23,S2
2024-03-14 19:00:00,28.92,62.23,1001.62,S1
2024-03-14 20:00:00,32.78,58.11,1006.14,S2
2024-03-14 21:00:00,25.33,68.03,1007.8,S2
2024-03-14 22:00:00,30.43,63.12,1025.16,S2
2024-03-14 23:00:00,30.52,68.69,1015.15,S3
2024-03-15 00:00:00,30.14,69.03,1006.16,S2
2024-03-15 01:00:00,27.9,70.94,1011.01,S3
2024-03-15 02:00:00,31.98,61.83,1026.23,S2
2024-03-15 03:00:00,31.88,59.71,1019.14,S3
2024-03-15 04:00:00,27.84,70.35,1023.43,S1
2024-03-15 05:00:00,27.18,64.85,1001.84,S1
2024-03-15 06:00:00,26.79,71.07,1010.91,S1
2024-03-15 07:00:00,30.03,58.4,1006.59,S3
2024-03-15 08:00:00,29.67,67.75,1028.02,S1
2024-03-15 09:00:00,28.86,64.51,1011.62,S3
2024-03-15 10:00:00,33.75,64.08,1007.26,S3
2024-03-15 11:00:00,28.66,62.67,992.94,S3
2024-03-15 12:00:00,29.96,58.71,1027.11,S1
2024-03-15 13:00:00,29.2,67.57,1027.59,S3
2024-03-15 14:00:00,33.52,62.28,992.47,S2
2024-03-15 15:00:00,25.61,65.29,1015.13,S1
2024-03-15 16:00:00,28.98,73.89,1022.47,S2
2024-03-15 17:00:00,30.83,61.53,1017.77,S1
2024-03-15 18:00:00,29.15,62.71,1008.64,S3
2024-03-15 19:00:00,26.99,63.38,1003.54,S3
2024-03-15 20:00:00,29.96,62.21,1024.68,S3
2024-03-15 21:00:00,26.36,62.36,1020.71,S1
2024-03-15 22:00:00,30.95,67.65,1019.38,S1
2024-03-15 23:00:00,28.78,70.77,1024.71,S3
2024-03-16 00:00:00,28.45,64.79,1034.86,S1
2024-03-16 01:00:00,31.71,67.83,1009.74,S2
2024-03-16 02:00:00,27.61,63.26,1009.76,S3
2024-03-16 03:00:00,26.53,63.12,1008.96,S2
2024-03-16 04:00:00,27.8,62.1,1003.77,S2
2024-03-16 05:00:00,33.72,60.27,1024.94,S1
2024-03-16 06:00:00,27.62,70.26,1026.44,S2
2024-03-16 07:00:00,30.36,61.56,1023.65,S3
2024-03-16 08:00:00,31.31,67.11,1029.67,S2
2024-03-16 09:00:00,27.75,59.86,1014.01,S1
2024-03-16 10:00:00,27.75,64.27,1016.76,S1
2024-03-16 11:00:00,29.99,64.02,1019.52,S3
2024-03-16 12:00:00,30.09,59.87,1008.8,S3
2024-03-16 13:00:00,32.33,62.27,1002.3,S3
2024-03-16 14:00:00,28.1,58.65,1014.45,S3
2024-03-16 15:00:00,28.89,64.07,1008.33,S3
2024-03-16 16:00:00,35.32,55.17,1034.69,S2
2024-03-16 17:00:00,26.06,63.68,998.11,S2
2024-03-16 18:00:00,25.65,67.21,1012.41,S1
2024-03-16 19:00:00,26.88,63.88,1015.89,S2
2024-03-16 20:00:00,31.85,60.43,1004.7,S3
2024-03-16 21:00:00,28.78,60.68,1008.41,S3
2024-03-16 22:00:00,28.78,69.95,1013.6,S1
2024-03-16 23:00:00,27.73,64.69,1001.4,S3
2024-03-17 00:00:00,31.49,68.12,1017.08,S1
2024-03-17 01:00:00,26.92,68.6,1028.78,S2
2024-03-17 02:00:00,28.5,61.64,1009.21,S2
2024-03-17 03:00:00,27.81,58.85,1020.68,S2
2024-03-17 04:00:00,24.32,67.08,1030.08,S1
2024-03-17 05:00:00,28.71,59.55,1023.07,S3
2024-03-17 06:00:00,29.55,60.88,1005.73,S1
2024-03-17 07:00:00,28.12,64.34,997.62,S2
2024-03-17 08:00:00,29.14,62.55,1009.89,S1
2024-03-17 09:00:00,29.19,52.23,1013.59,S3
2024-03-17 10:00:00,29.41,57.62,992.3,S1
2024-03-17 11:00:00,27.57,68.82,1013.28,S2
2024-03-17 12:00:00,27.46,63.36,1004.73,S3
2024-03-17 13:00:00,29.78,67.42,1011.81,S2
2024-03-17 14:00:00,26.73,59.69,1009.88,S3
2024-03-17 15:00:00,29.26,58.18,1010.93,S3
2024-03-17 16:00:00,32.96,67.34,1020.52,S2
2024-03-17 17:00:00,29.61,70.2,1003.01,S2
2024-03-17 18:00:00,26.04,59.34,994.7,S2
2024-03-17 19:00:00,30.05,68.78,1021.3,S1
2024-03-17 20:00:00,31.33,58.8,1019.47,S2
2024-03-17 21:00:00,28.1,55.49,1018.38,S3
2024-03-17 22:00:00,29.1,66.59,1004.15,S1
2024-03-17 23:00:00,27.94,58.88,1019.11,S1
2024-03-18 00:00:00,28.78,57.59,1000.2,S1
2024-03-18 01:00:00,28.37,57.69,1009.99,S1
2024-03-18 02:00:00,30.58,61.88,1028.17,S1
2024-03-18 03:00:00,33.02,55.11,1018.98,S1
2024-03-18 04:00:00,29.82,66.57,1012.27,S2
2024-03-18 05:00:00,26.63,66.0,1011.56,S3
2024-03-18 06:00:00,34.77,65.98,1001.98,S2
2024-03-18 07:00:00,30.88,69.61,1029.2,S3
2024-03-18 08:00:00,31.29,68.41,1023.11,S1
2024-03-18 09:00:00,29.59,59.01,1020.98,S2
2024-03-18 10:00:00,30.18,66.91,1012.07,S2
2024-03-18 11:00:00,29.04,69.08,1009.36,S2
2024-03-18 12:00:00,31.53,67.59,1005.41,S3
2024-03-18 13:00:00,28.77,67.95,1027.31,S1
2024-03-18 14:00:00,30.7,62.74,994.87,S1
2024-03-18 15:00:00,31.67,60.25,1018.67,S1
2024-03-18 16:00:00,32.22,62.3,997.24,S3
2024-03-18 17:00:00,31.79,59.97,1010.97,S2
2024-03-18 18:00:00,27.68,68.47,1012.75,S3
2024-03-18 19:00:00,32.88,64.38,1000.2,S1
2024-03-18 20:00:00,31.06,67.55,1004.45,S3
2024-03-18 21:00:00,30.35,56.18,1020.29,S3
2024-03-18 22:00:00,30.58,61.18,1027.79,S3
2024-03-18 23:00:00,29.42,58.28,1016.12,S1
2024-03-19 00:00:00,28.81,55.26,1006.13,S2
2024-03-19 01:00:00,29.01,64.88,1003.32,S1
2024-03-19 02:00:00,32.32,58.05,1005.59,S3
2024-03-19 03:00:00,29.91,61.5,1012.78,S2
2024-03-19 04:00:00,30.31,58.49,1015.58,S2
2024-03-19 05:00:00,29.87,61.3,1025.28,S1
2024-03-19 06:00:00,28.41,66.27,1012.27,S1
2024-03-19 07:00:00,25.46,58.53,1006.37,S2
2024-03-19 08:00:00,31.29,61.04,1001.73,S3
2024-03-19 09:00:00,31.08,65.94,1010.91,S1
2024-03-19 10:00:00,29.73,66.7,996.51,S2
2024-03-19 11:00:00,27.58,61.31,1006.96,S2
2024-03-19 12:00:00,33.4,64.74,1000.4,S3
2024-03-19 13:00:00,29.08,67.34,1010.41,S2
2024-03-19 14:00:00,30.26,57.96,1017.56,S1
2024-03-19 15:00:00,28.36,59.67,1016.8,S2
2024-03-19 16:00:00,27.07,61.35,1019.84,S3
2024-03-19 17:00:00,30.95,65.45,1003.75,S3
2024-03-19 18:00:00,26.77,64.14,1027.18,S3
2024-03-19 19:00:00,30.23,63.52,1019.66,S1
2024-03-19 20:00:00,30.24,58.04,1019.29,S1
2024-03-19 21:00:00,27.53,67.53,1024.26,S1
2024-03-19 22:00:00,27.18,60.67,1014.77,S2
2024-03-19 23:00:00,28.24,61.82,1011.84,S3
2024-03-20 00:00:00,28.52,64.12,1026.48,S3
2024-03-20 01:00:00,26.72,72.99,1004.64,S3
2024-03-20 02:00:00,27.53,59.91,1010.88,S1
2024-03-20 03:00:00,29.93,59.65,1024.57,S3
2024-03-20 04:00:00,33.76,61.22,1010.91,S2
2024-03-20 05:00:00,31.8,68.89,1007.13,S2
2024-03-20 06:00:00,30.11,63.82,1003.56,S1
2024-03-20 07:00:00,32.05,64.95,1015.38,S1
2024-03-20 08:00:00,32.1,67.09,1008.71,S1
2024-03-20 09:00:00,29.18,68.68,1017.89,S3
2024-03-20 10:00:00,30.31,59.69,1029.42,S3
2024-03-20 11:00:00,31.75,65.64,1023.73,S3
2024-03-20 12:00:00,32.03,68.78,989.76,S2
2024-03-20 13:00:00,32.05,64.03,1020.17,S2
2024-03-20 14:00:00,27.74,58.9,1020.87,S3
2024-03-20 15:00:00,32.15,57.91,1010.02,S2
2024-03-20 16:00:00,33.52,65.23,1025.44,S2
2024-03-20 17:00:00,32.79,57.2,1015.95,S1
2024-03-20 18:00:00,27.63,58.88,993.56,S3
2024-03-20 19:00:00,27.13,60.49,1014.42,S2
2024-03-20 20:00:00,30.74,64.33,1010.28,S2
2024-03-20 21:00:00,32.76,65.84,1006.71,S3
2024-03-20 22:00:00,30.26,59.36,1016.63,S3
2024-03-20 23:00:00,29.34,56.41,1019.51,S1
2024-03-21 00:00:00,29.63,66.97,1019.69,S1
2024-03-21 01:00:00,31.86,66.25,1020.0,S3
2024-03-21 02:00:00,29.17,65.21,1001.44,S2
2024-03-21 03:00:00,30.78,64.73,1002.39,S1
2024-03-21 04:00:00,29.56,60.86,1015.69,S3
2024-03-21 05:00:00,28.04,61.95,1023.78,S1
2024-03-21 06:00:00,27.89,63.2,1016.54,S2
2024-03-21 07:00:00,30.87,58.6,991.94,S2
2024-03-21 08:00:00,24.41,64.72,1018.47,S3
2024-03-21 09:00:00,30.78,63.39,997.42,S1
2024-03-21 10:00:00,29.49,62.1,1019.86,S2
2024-03-21 11:00:00,31.72,67.33,1007.42,S2
2024-03-21 12:00:00,31.03,62.25,1016.02,S1
2024-03-21 13:00:00,29.92,66.05,1034.04,S3
2024-03-21 14:00:00,27.7,56.8,1009.47,S1
2024-03-21 15:00:00,27.81,66.93,1005.45,S1
2024-03-21 16:00:00,28.54,65.74,1008.66,S1
2024-03-21 17:00:00,31.57,73.52,997.97,S1
2024-03-21 18:00:00,33.37,70.7,1002.96,S1
2024-03-21 19:00:00,30.5,67.37,1023.65,S2
2024-03-21 20:00:00,28.66,59.98,993.27,S3
2024-03-21 21:00:00,28.87,58.24,1006.72,S3
2024-03-21 22:00:00,28.96,59.03,1015.4,S2
2024-03-21 23:00:00,31.92,65.19,1008.9,S3
2024-03-22 00:00:00,28.93,69.1,1026.5,S3
2024-03-22 01:00:00,29.76,56.57,1011.33,S1
2024-03-22 02:00:00,32.54,58.39,1009.61,S3
2024-03-22 03:00:00,28.71,62.77,1014.49,S1
2024-03-22 04:00:00,30.96,56.91,1015.72,S3
2024-03-22 05:00:00,31.65,60.47,1013.0,S2
2024-03-22 06:00:00,29.98,68.79,1012.28,S3
2024-03-22 07:00:00,33.76,66.17,993.46,S2
2024-03-22 08:00:00,33.19,66.7,1001.7,S1
2024-03-22 09:00:00,30.38,57.62,1018.77,S1
2024-03-22 10:00:00,28.25,53.8,1023.08,S1
2024-03-22 11:00:00,28.35,60.37,1025.77,S1
2024-03-22 12:00:00,30.28,50.87,998.56,S2
2024-03-22 13:00:00,27.68,64.76,1004.63,S3
2024-03-22 14:00:00,30.4,66.22,1027.96,S1
2024-03-22 15:00:00,33.24,58.55,1009.19,S1
2024-03-22 16:00:00,29.99,65.37,1019.18,S1
2024-03-22 17:00:00,29.83,65.34,1046.67,S2
2024-03-22 18:00:00,31.57,56.84,1023.5,S2
2024-03-22 19:00:00,30.92,60.43,1010.84,S2
2024-03-22 20:00:00,27.57,60.08,1011.59,S3
2024-03-22 21:00:00,28.96,67.07,1018.27,S3
2024-03-22 22:00:00,33.66,66.06,993.79,S1
2024-03-22 23:00:00,30.52,65.25,1017.41,S2
2024-03-23 00:00:00,27.86,59.57,1010.23,S3
2024-03-23 01:00:00,29.49,69.2,1012.23,S3
2024-03-23 02:00:00,26.31,63.26,1014.06,S2
2024-03-23 03:00:00,26.16,64.82,1028.66,S3
2024-03-23 04:00:00,31.84,70.99,1015.56,S2
2024-03-23 05:00:00,29.87,65.64,1015.35,S2
2024-03-23 06:00:00,30.92,61.72,1020.15,S2
2024-03-23 07:00:00,32.2,59.81,1013.73,S1
2024-03-23 08:00:00,30.56,53.62,1019.62,S3
2024-03-23 09:00:00,31.35,54.45,1011.87,S1
2024-03-23 10:00:00,30.4,66.55,1024.63,S2
2024-03-23 11:00:00,32.46,52.38,1025.78,S3
2024-03-23 12:00:00,33.43,67.31,1019.73,S3
2024-03-23 13:00:00,30.29,66.26,990.07,S1
2024-03-23 14:00:00,30.2,57.9,1014.75,S1
2024-03-23 15:00:00,30.53,63.13,993.76,S3
2024-03-23 16:00:00,29.68,65.09,1016.82,S1
2024-03-23 17:00:00,29.09,62.66,1029.03,S1
2024-03-23 18:00:00,31.99,68.34,1024.42,S2
2024-03-23 19:00:00,29.1,55.22,1010.31,S3
2024-03-23 20:00:00,28.98,64.69,1011.4,S2
2024-03-23 21:00:00,31.69,59.11,994.61,S2
2024-03-23 22:00:00,31.85,53.45,1013.13,S3
2024-03-23 23:00:00,34.57,56.33,1010.95,S3
2024-03-24 00:00:00,32.34,59.5,1000.44,S2
2024-03-24 01:00:00,31.55,62.23,1003.19,S3
2024-03-24 02:00:00,31.84,57.6,1001.02,S2
2024-03-24 03:00:00,29.61,59.56,1034.48,S2
2024-03-24 04:00:00,31.03,60.1,1014.19,S1
2024-03-24 05:00:00,31.12,57.67,1020.54,S2
2024-03-24 06:00:00,28.82,59.23,1022.16,S3
2024-03-24 07:00:00,29.81,64.91,1029.12,S2
2024-03-24 08:00:00,31.81,70.28,1028.8,S2
2024-03-24 09:00:00,29.87,63.07,1022.44,S3
2024-03-24 10:00:00,31.13,62.67,997.79,S3
2024-03-24 11:00:00,31.7,61.6,1022.53,S1
2024-03-24 12:00:00,31.61,60.04,1009.0,S3
2024-03-24 13:00:00,33.37,64.86,1000.37,S2
2024-03-24 14:00:00,28.75,66.89,1009.28,S3
2024-03-24 15:00:00,33.2,56.16,1014.53,S3
2024-03-24 16:00:00,30.86,67.14,987.35,S1
2024-03-24 17:00:00,31.58,70.07,1017.01,S2
2024-03-24 18:00:00,31.31,56.89,1024.37,S1
2024-03-24 19:00:00,31.21,66.52,1013.87,S1
2024-03-24 20:00:00,28.64,70.09,1002.18,S2
2024-03-24 21:00:00,31.51,65.48,1019.1,S3
2024-03-24 22:00:00,27.04,61.01,1012.73,S2
2024-03-24 23:00:00,34.11,65.77,1030.41,S1
2024-03-25 00:00:00,30.69,57.8,990.02,S1
2024-03-25 01:00:00,32.24,60.29,987.24,S2
2024-03-25 02:00:00,31.29,58.18,1012.01,S1
2024-03-25 03:00:00,30.0,55.1,1008.39,S3
2024-03-25 04:00:00,28.84,62.03,1015.69,S3
2024-03-25 05:00:00,28.47,63.33,1017.17,S2
2024-03-25 06:00:00,31.49,65.11,1028.2,S2
2024-03-25 07:00:00,31.38,39.4,1010.59,S3
2024-03-25 08:00:00,31.05,62.7,1017.5,S2
2024-03-25 09:00:00,29.69,62.17,999.85,S3
2024-03-25 10:00:00,30.76,56.31,1037.65,S3
2024-03-25 11:00:00,29.09,59.53,1024.06,S3
2024-03-25 12:00:00,28.57,65.51,1021.83,S3
2024-03-25 13:00:00,29.38,62.22,1004.93,S2
2024-03-25 14:00:00,29.47,61.63,1026.62,S3
2024-03-25 15:00:00,32.86,66.17,1023.13,S3
2024-03-25 16:00:00,27.21,73.27,1019.4,S1
2024-03-25 17:00:00,29.87,60.47,1011.98,S1
2024-03-25 18:00:00,31.2,62.91,1002.49,S1
2024-03-25 19:00:00,33.91,57.21,1012.43,S1
2024-03-25 20:00:00,28.72,72.38,1005.13,S2
2024-03-25 21:00:00,27.71,58.94,1016.83,S1
2024-03-25 22:00:00,31.39,52.59,1001.99,S1
2024-03-25 23:00:00,30.27,64.73,1005.82,S1
2024-03-26 00:00:00,29.5,53.56,992.17,S2
2024-03-26 01:00:00,30.82,68.08,1018.32,S3
2024-03-26 02:00:00,31.67,64.54,1017.33,S1
2024-03-26 03:00:00,31.42,56.44,1007.94,S3
2024-03-26 04:00:00,30.55,64.92,988.6,S1
2024-03-26 05:00:00,32.58,59.89,996.12,S2
2024-03-26 06:00:00,30.34,63.68,1014.01,S2
2024-03-26 07:00:00,30.03,55.13,1023.01,S2
2024-03-26 08:00:00,31.38,54.81,1003.09,S3
2024-03-26 09:00:00,27.43,63.1,1025.1,S2
2024-03-26 10:00:00,31.18,70.92,1029.8,S3
2024-03-26 11:00:00,29.34,58.27,1017.55,S2
2024-03-26 12:00:00,27.29,57.88,1023.43,S1
2024-03-26 13:00:00,30.8,59.78,1001.74,S1
2024-03-26 14:00:00,29.04,54.84,995.19,S1
2024-03-26 15:00:00,26.72,64.21,1031.61,S1
2024-03-26 16:00:00,28.21,65.95,1003.1,S3
2024-03-26 17:00:00,33.33,63.84,1024.52,S2
2024-03-26 18:00:00,28.84,60.57,1017.19,S3
2024-03-26 19:00:00,30.6,56.28,1030.6,S3
2024-03-26 20:00:00,27.79,71.71,1020.76,S1
2024-03-26 21:00:00,34.16,57.1,1001.27,S2
2024-03-26 22:00:00,30.1,56.97,1009.54,S3
2024-03-26 23:00:00,28.59,52.41,1020.01,S3
2024-03-27 00:00:00,31.73,54.24,1007.51,S3
2024-03-27 01:00:00,34.06,63.09,1023.46,S3
2024-03-27 02:00:00,29.14,59.2,1013.96,S2
2024-03-27 03:00:00,28.55,57.0,1023.66,S1
2024-03-27 04:00:00,34.55,57.32,1024.29,S1
2024-03-27 05:00:00,29.72,58.73,1016.1,S3
2024-03-27 06:00:00,29.49,57.97,1011.65,S2
2024-03-27 07:00:00,25.67,68.29,1007.65,S2
2024-03-27 08:00:00,29.9,59.41,1001.54,S3
2024-03-27 09:00:00,27.25,61.99,1030.2,S2
2024-03-27 10:00:00,28.85,61.54,1013.8,S3
2024-03-27 11:00:00,25.94,61.7,1010.52,S1
2024-03-27 12:00:00,32.44,59.37,1010.67,S1
2024-03-27 13:00:00,27.03,58.84,1012.47,S1
2024-03-27 14:00:00,26.09,64.42,1008.1,S3
2024-03-27 15:00:00,28.15,62.29,1007.28,S3
2024-03-27 16:00:00,32.46,57.39,999.36,S1
2024-03-27 17:00:00,29.08,46.87,1013.46,S3
2024-03-27 18:00:00,29.35,58.13,1026.06,S2
2024-03-27 19:00:00,30.93,54.35,1005.77,S1
2024-03-27 20:00:00,29.67,56.52,1018.52,S2
2024-03-27 21:00:00,32.45,54.52,1018.75,S2
2024-03-27 22:00:00,29.49,66.92,1017.02,S3
2024-03-27 23:00:00,29.53,66.87,1031.74,S3
2024-03-28 00:00:00,34.5,64.89,1019.02,S1
2024-03-28 01:00:00,30.08,59.42,1013.67,S3
2024-03-28 02:00:00,30.44,57.75,1016.35,S3
2024-03-28 03:00:00,29.55,53.59,1021.46,S2
2024-03-28 04:00:00,25.12,65.63,1030.4,S3
2024-03-28 05:00:00,31.72,65.39,1010.61,S1
2024-03-28 06:00:00,33.3,63.5,1014.8,S3
2024-03-28 07:00:00,32.49,55.48,1043.61,S1
2024-03-28 08:00:00,28.86,59.33,1012.51,S2
2024-03-28 09:00:00,29.63,60.4,1012.09,S2
2024-03-28 10:00:00,30.68,52.15,1004.6,S2
2024-03-28 11:00:00,30.61,68.12,1013.84,S1
2024-03-28 12:00:00,31.34,54.21,1012.26,S2
2024-03-28 13:00:00,30.39,57.06,1016.93,S2
2024-03-28 14:00:00,29.26,52.09,1015.71,S3
2024-03-28 15:00:00,30.25,59.92,993.26,S1
2024-03-28 16:00:00,31.98,59.68,999.93,S2
2024-03-28 17:00:00,35.81,65.81,1011.39,S3
2024-03-28 18:00:00,28.98,56.17,1008.75,S3
2024-03-28 19:00:00,30.43,55.47,1002.66,S2
2024-03-28 20:00:00,29.26,61.28,994.6,S1
2024-03-28 21:00:00,30.6,50.49,1029.25,S2
2024-03-28 22:00:00,31.93,67.52,1029.07,S3
2024-03-28 23:00:00,29.57,54.24,1020.57,S1
2024-03-29 00:00:00,25.89,69.92,1007.14,S3
2024-03-29 01:00:00,32.04,56.87,1027.69,S2
2024-03-29 02:00:00,30.25,53.68,1005.81,S1
2024-03-29 03:00:00,29.3,63.72,1017.35,S2
2024-03-29 04:00:00,28.86,63.42,1005.1,S2
2024-03-29 05:00:00,30.61,63.53,1013.24,S2
2024-03-29 06:00:00,28.59,61.28,1017.87,S3
2024-03-29 07:00:00,28.83,71.96,998.03,S1
2024-03-29 08:00:00,27.49,54.01,1008.78,S1
2024-03-29 09:00:00,28.62,67.55,1015.51,S3
2024-03-29 10:00:00,31.25,52.69,1000.46,S1
2024-03-29 11:00:00,27.23,68.98,1003.57,S1
2024-03-29 12:00:00,32.29,62.47,1015.51,S2
2024-03-29 13:00:00,27.63,68.5,1007.65,S2
2024-03-29 14:00:00,30.29,65.15,1000.7,S3
2024-03-29 15:00:00,30.96,49.8,1013.3,S1
2024-03-29 16:00:00,31.64,58.98,1017.35,S3
2024-03-29 17:00:00,31.64,54.39,1035.44,S3
2024-03-29 18:00:00,29.82,68.11,1013.84,S3
2024-03-29 19:00:00,29.65,64.64,1013.11,S3
2024-03-29 20:00:00,31.18,61.38,1010.15,S2
2024-03-29 21:00:00,30.55,58.55,1024.49,S3
2024-03-29 22:00:00,29.3,62.72,1016.26,S1
2024-03-29 23:00:00,30.73,55.8,1021.36,S2
2024-03-30 00:00:00,29.66,61.99,1015.22,S2
2024-03-30 01:00:00,28.79,59.95,1022.14,S3
2024-03-30 02:00:00,29.24,56.48,1016.78,S2
2024-03-30 03:00:00,30.97,64.03,998.92,S2
2024-03-30 04:00:00,28.14,69.97,1010.12,S2
2024-03-30 05:00:00,32.21,53.39,1010.42,S2
2024-03-30 06:00:00,28.88,65.24,1017.43,S2
2024-03-30 07:00:00,25.47,56.47,1014.53,S2
2024-03-30 08:00:00,31.1,63.41,1026.3,S1
2024-03-30 09:00:00,24.59,57.4,1016.98,S2
2024-03-30 10:00:00,27.97,58.97,1017.72,S2
2024-03-30 11:00:00,34.84,59.46,1002.86,S3
2024-03-30 12:00:00,32.12,67.26,1014.5,S2
2024-03-30 13:00:00,31.95,59.98,1010.85,S2
2024-03-30 14:00:00,27.76,58.73,992.35,S3
2024-03-30 15:00:00,29.62,60.01,999.87,S1
2024-03-30 16:00:00,32.48,69.89,1020.23,S1
2024-03-30 17:00:00,31.28,63.2,1019.53,S2
2024-03-30 18:00:00,32.27,57.34,1007.11,S1
2024-03-30 19:00:00,33.56,67.87,1007.42,S1
2024-03-30 20:00:00,31.32,61.27,1001.67,S1
2024-03-30 21:00:00,27.54,56.04,1022.9,S1
2024-03-30 22:00:00,31.19,62.31,1004.91,S2
2024-03-30 23:00:00,29.53,59.58,1007.3,S2
2024-03-31 00:00:00,27.42,43.41,1023.16,S3
2024-03-31 01:00:00,31.79,61.97,1022.96,S2
2024-03-31 02:00:00,32.4,54.92,1011.2,S2
2024-03-31 03:00:00,29.81,53.93,1013.13,S1
2024-03-31 04:00:00,30.64,50.56,1017.71,S1
2024-03-31 05:00:00,25.85,60.91,1008.9,S2
2024-03-31 06:00:00,32.25,59.52,1012.0,S2
2024-03-31 07:00:00,31.59,64.99,1011.04,S1
2024-03-31 08:00:00,30.5,56.25,1019.87,S2
2024-03-31 09:00:00,27.49,57.82,1027.17,S2
2024-03-31 10:00:00,26.71,70.11,1024.46,S1
2024-03-31 11:00:00,34.05,50.33,1023.16,S1
2024-03-31 12:00:00,28.0,66.27,1002.05,S3
2024-03-31 13:00:00,30.27,56.28,1025.92,S2
2024-03-31 14:00:00,28.06,75.75,1006.24,S1
2024-03-31 15:00:00,25.42,63.77,995.18,S1
2024-03-31 16:00:00,30.9,57.01,1004.51,S2
2024-03-31 17:00:00,31.21,53.17,1012.08,S2
2024-03-31 18:00:00,26.66,62.18,992.63,S1
2024-03-31 19:00:00,32.22,50.57,1020.12,S2
2024-03-31 20:00:00,28.95,63.55,1021.32,S3
2024-03-31 21:00:00,27.83,53.13,1009.18,S1
2024-03-31 22:00:00,27.7,55.24,1001.34,S1
2024-03-31 23:00:00,31.74,46.06,1022.23,S2
2024-04-01 00:00:00,26.15,60.72,1003.77,S1
2024-04-01 01:00:00,27.52,61.45,996.79,S2
2024-04-01 02:00:00,30.86,60.18,1012.36,S3
2024-04-01 03:00:00,30.6,51.42,1013.27,S3
2024-04-01 04:00:00,27.96,67.19,1016.13,S3
2024-04-01 05:00:00,32.57,59.2,1020.68,S1
2024-04-01 06:00:00,27.77,57.39,1021.9,S3
2024-04-01 07:00:00,29.58,64.01,1000.36,S2
2024-04-01 08:00:00,29.32,57.78,992.62,S2
2024-04-01 09:00:00,29.33,62.17,1017.6,S3
2024-04-01 10:00:00,29.61,56.06,1013.5,S3
2024-04-01 11:00:00,29.55,64.03,1008.42,S2
2024-04-01 12:00:00,29.52,63.89,1011.55,S3
2024-04-01 13:00:00,29.64,57.66,1004.64,S3
2024-04-01 14:00:00,32.17,60.68,1030.27,S3
2024-04-01 15:00:00,29.53,59.78,992.89,S2
2024-04-01 16:00:00,31.38,59.27,1017.23,S2
2024-04-01 17:00:00,30.3,53.94,1000.15,S3
2024-04-01 18:00:00,30.73,54.63,1006.39,S2
2024-04-01 19:00:00,31.56,57.93,1008.61,S3
2024-04-01 20:00:00,27.72,60.19,1003.18,S3
2024-04-01 21:00:00,31.25,55.42,1010.73,S3
2024-04-01 22:00:00,29.58,59.9,986.72,S1
2024-04-01 23:00:00,28.08,48.37,997.67,S1
2024-04-02 00:00:00,31.55,59.82,994.45,S3
2024-04-02 01:00:00,29.15,60.18,1000.79,S1
2024-04-02 02:00:00,30.75,63.88,1005.04,S3
2024-04-02 03:00:00,24.57,66.89,1012.94,S1
2024-04-02 04:00:00,31.45,63.19,1006.57,S3
2024-04-02 05:00:00,35.18,68.74,1004.3,S1
2024-04-02 06:00:00,29.98,59.6,1007.76,S2
2024-04-02 07:00:00,29.47,59.96,1006.02,S2
2024-04-02 08:00:00,29.08,63.75,1009.29,S1
2024-04-02 09:00:00,31.11,59.18,1009.66,S3
2024-04-02 10:00:00,29.39,58.04,1005.2,S1
2024-04-02 11:00:00,31.29,66.56,997.25,S1
2024-04-02 12:00:00,33.44,63.3,1012.52,S2
2024-04-02 13:00:00,31.68,62.97,1021.36,S2
2024-04-02 14:00:00,29.65,55.33,1002.39,S2
2024-04-02 15:00:00,27.77,64.36,1011.9,S1
2024-04-02 16:00:00,29.18,60.05,1008.56,S2
2024-04-02 17:00:00,29.68,54.68,1018.8,S2
2024-04-02 18:00:00,27.36,63.1,1004.33,S2
2024-04-02 19:00:00,32.17,53.61,1010.84,S3
2024-04-02 20:00:00,31.13,47.55,1011.76,S3
2024-04-02 21:00:00,27.9,50.55,1015.55,S1
2024-04-02 22:00:00,26.44,58.33,1001.99,S2
2024-04-02 23:00:00,31.43,67.26,1016.04,S1
2024-04-03 00:00:00,26.71,61.11,1007.67,S1
2024-04-03 01:00:00,30.16,59.03,1018.14,S2
2024-04-03 02:00:00,29.18,66.12,1009.02,S1
2024-04-03 03:00:00,31.59,62.07,1025.53,S2
2024-04-03 04:00:00,31.62,64.63,996.91,S2
2024-04-03 05:00:00,28.35,64.36,1018.43,S3
2024-04-03 06:00:00,31.77,57.92,1016.13,S1
2024-04-03 07:00:00,29.41,58.31,1017.61,S1
2024-04-03 08:00:00,30.03,55.29,1023.53,S2
2024-04-03 09:00:00,30.07,63.61,995.02,S3
2024-04-03 10:00:00,34.49,53.3,1034.67,S3
2024-04-03 11:00:00,29.75,55.0,1018.19,S1
2024-04-03 12:00:00,26.65,59.07,1032.29,S3
2024-04-03 13:00:00,28.56,59.96,1031.65,S1
2024-04-03 14:00:00,31.47,62.33,1017.28,S1
2024-04-03 15:00:00,29.42,59.18,1015.58,S3
2024-04-03 16:00:00,30.02,57.56,1020.5,S2
2024-04-03 17:00:00,29.13,62.98,990.19,S1
2024-04-03 18:00:00,24.36,63.93,1012.12,S1
2024-04-03 19:00:00,28.43,50.84,1022.69,S1
2024-04-03 20:00:00,29.84,64.68,1028.28,S1
2024-04-03 21:00:00,26.45,57.69,1009.86,S3
2024-04-03 22:00:00,27.63,67.3,1016.61,S3
2024-04-03 23:00:00,29.31,56.05,1018.73,S3
2024-04-04 00:00:00,29.33,54.32,1012.18,S3
2024-04-04 01:00:00,30.78,62.52,1003.66,S1
2024-04-04 02:00:00,29.43,69.92,1006.38,S2
2024-04-04 03:00:00,30.7,51.14,1002.55,S2
2024-04-04 04:00:00,28.59,63.44,997.88,S3
2024-04-04 05:00:00,30.41,62.04,1011.3,S1
2024-04-04 06:00:00,32.93,59.06,1035.17,S3
2024-04-04 07:00:00,30.56,69.58,1015.47,S2
2024-04-04 08:00:00,29.52,49.64,1010.13,S3
2024-04-04 09:00:00,28.1,64.76,1016.73,S1
2024-04-04 10:00:00,30.16,64.05,1004.74,S1
2024-04-04 11:00:00,29.55,65.16,996.39,S1
2024-04-04 12:00:00,31.11,64.51,1006.11,S3
2024-04-04 13:00:00,26.34,60.33,1001.7,S2
2024-04-04 14:00:00,29.61,57.61,994.51,S1
2024-04-04 15:00:00,30.82,56.08,1007.5,S2
2024-04-04 16:00:00,30.24,62.06,1017.88,S2
2024-04-04 17:00:00,29.32,59.08,1016.95,S3
2024-04-04 18:00:00,29.29,58.04,1015.71,S3
2024-04-04 19:00:00,27.78,56.32,1029.69,S2
2024-04-04 20:00:00,30.74,57.04,1007.48,S1
2024-04-04 21:00:00,30.83,62.95,1017.33,S1
2024-04-04 22:00:00,27.15,59.15,1009.12,S3
2024-04-04 23:00:00,31.51,65.09,1027.22,S1
2024-04-05 00:00:00,28.67,52.27,1004.92,S2
2024-04-05 01:00:00,29.23,62.12,1020.43,S1
2024-04-05 02:00:00,33.69,53.97,1015.5,S3
2024-04-05 03:00:00,33.18,65.05,1025.19,S2
2024-04-05 04:00:00,27.08,65.17,1013.09,S2
2024-04-05 05:00:00,27.42,51.93,1010.63,S1
2024-04-05 06:00:00,27.87,55.14,1009.43,S1
2024-04-05 07:00:00,33.15,55.34,1011.47,S2
2024-04-05 08:00:00,28.76,65.26,994.35,S3
2024-04-05 09:00:00,27.03,55.97,1007.79,S3
2024-04-05 10:00:00,32.44,62.38,1007.18,S1
2024-04-05 11:00:00,31.16,55.61,1001.6,S3
2024-04-05 12:00:00,34.48,64.28,1007.39,S2
2024-04-05 13:00:00,31.16,64.77,1004.02,S3
2024-04-05 14:00:00,29.91,67.23,1007.87,S2
2024-04-05 15:00:00,30.48,58.01,1019.24,S1
2024-04-05 16:00:00,29.07,58.87,1019.27,S3
2024-04-05 17:00:00,32.58,58.15,1028.79,S2
2024-04-05 18:00:00,32.69,58.97,1016.08,S1
2024-04-05 19:00:00,26.8,56.7,997.8,S2
2024-04-05 20:00:00,31.85,64.1,1009.71,S3
2024-04-05 21:00:00,27.83,55.0,1006.61,S2
2024-04-05 22:00:00,34.8,58.07,1003.18,S1
2024-04-05 23:00:00,33.0,59.75,1023.73,S1
2024-04-06 00:00:00,27.69,61.23,1017.55,S3
2024-04-06 01:00:00,30.44,52.81,1013.7,S1
2024-04-06 02:00:00,31.95,57.52,998.16,S3
2024-04-06 03:00:00,28.72,58.85,1012.18,S1
2024-04-06 04:00:00,27.23,62.74,1036.26,S3
2024-04-06 05:00:00,30.17,57.65,1004.63,S1
2024-04-06 06:00:00,29.64,58.2,1010.82,S3
2024-04-06 07:00:00,28.13,59.39,1026.89,S2
2024-04-06 08:00:00,32.43,63.94,1008.61,S2
2024-04-06 09:00:00,27.38,48.42,1008.4,S3
2024-04-06 10:00:00,29.74,59.2,1010.71,S1
2024-04-06 11:00:00,30.32,64.5,1016.47,S1
2024-04-06 12:00:00,30.58,54.51,1003.64,S3
2024-04-06 13:00:00,32.22,54.87,1022.23,S1
2024-04-06 14:00:00,29.48,64.75,1009.06,S3
2024-04-06 15:00:00,24.75,56.87,1015.06,S2
2024-04-06 16:00:00,29.18,57.01,1008.83,S3
2024-04-06 17:00:00,31.41,59.98,999.64,S1
2024-04-06 18:00:00,29.67,43.66,991.04,S1
2024-04-06 19:00:00,29.68,49.48,1015.29,S3
2024-04-06 20:00:00,31.01,61.46,994.84,S3
2024-04-06 21:00:00,31.27,57.33,1020.64,S3
2024-04-06 22:00:00,26.38,57.74,1014.27,S3
2024-04-06 23:00:00,29.91,55.24,1033.24,S2
2024-04-07 00:00:00,29.56,57.14,1007.16,S1
2024-04-07 01:00:00,30.1,64.47,1030.35,S1
2024-04-07 02:00:00,26.01,59.16,1010.09,S3
2024-04-07 03:00:00,32.6,63.78,1022.29,S3
2024-04-07 04:00:00,29.96,57.7,1018.46,S3
2024-04-07 05:00:00,30.8,58.56,994.66,S2
2024-04-07 06:00:00,33.48,60.08,1044.93,S2
2024-04-07 07:00:00,30.82,61.08,1029.19,S3
2024-04-07 08:00:00,26.87,54.2,1016.98,S1
2024-04-07 09:00:00,29.77,58.29,1026.29,S2
2024-04-07 10:00:00,31.29,55.03,1015.74,S1
2024-04-07 11:00:00,30.06,65.95,1021.86,S2
2024-04-07 12:00:00,33.36,49.77,1014.57,S3
2024-04-07 13:00:00,28.23,61.31,1002.59,S3
2024-04-07 14:00:00,32.43,54.5,1011.98,S1
2024-04-07 15:00:00,31.62,52.68,1007.77,S3
2024-04-07 16:00:00,30.12,56.84,1019.32,S1
2024-04-07 17:00:00,30.6,64.79,1002.46,S3
2024-04-07 18:00:00,27.98,55.11,1014.48,S3
2024-04-07 19:00:00,29.32,49.29,998.9,S1
2024-04-07 20:00:00,31.09,53.58,1020.71,S3
2024-04-07 21:00:00,29.64,58.91,1000.81,S2
2024-04-07 22:00:00,30.05,50.2,1019.04,S3
2024-04-07 23:00:00,31.92,61.88,1014.18,S1
2024-04-08 00:00:00,26.12,50.36,1023.43,S3
2024-04-08 01:00:00,30.67,55.84,1011.49,S2
2024-04-08 02:00:00,33.48,62.33,1021.14,S3
2024-04-08 03:00:00,29.18,55.72,1014.49,S3
2024-04-08 04:00:00,27.44,51.5,1017.28,S2
2024-04-08 05:00:00,29.15,57.75,995.08,S3
2024-04-08 06:00:00,26.89,55.73,1006.56,S3
2024-04-08 07:00:00,30.38,64.25,1011.37,S1
2024-04-08 08:00:00,29.78,62.29,1026.7,S1
2024-04-08 09:00:00,30.56,60.7,1016.46,S1
2024-04-08 10:00:00,29.66,58.26,995.81,S1
2024-04-08 11:00:00,30.31,57.05,1017.38,S2
2024-04-08 12:00:00,30.82,57.01,1004.23,S1
2024-04-08 13:00:00,27.53,49.57,1005.1,S1
2024-04-08 14:00:00,30.61,58.13,1012.42,S3
2024-04-08 15:00:00,32.82,54.14,1015.77,S2
2024-04-08 16:00:00,28.0,57.66,1005.22,S2
2024-04-08 17:00:00,30.53,58.34,995.53,S1
2024-04-08 18:00:00,32.51,55.64,1011.23,S3
2024-04-08 19:00:00,27.61,62.72,1010.76,S2
2024-04-08 20:00:00,31.51,52.67,1027.34,S2
2024-04-08 21:00:00,29.47,55.57,1013.43,S1
2024-04-08 22:00:00,31.94,56.38,1024.79,S1
2024-04-08 23:00:00,28.26,63.79,1034.16,S1
2024-04-09 00:00:00,29.89,58.16,1001.93,S3
2024-04-09 01:00:00,26.87,57.91,1027.71,S1
2024-04-09 02:00:00,30.78,62.34,1022.32,S2
2024-04-09 03:00:00,30.81,55.36,990.82,S2
2024-04-09 04:00:00,30.99,62.34,1011.12,S1
2024-04-09 05:00:00,30.89,59.94,1020.06,S2
2024-04-09 06:00:00,29.72,64.13,1016.38,S3
2024-04-09 07:00:00,26.95,56.03,1029.58,S1
2024-04-09 08:00:00,31.89,56.45,1018.9,S2
2024-04-09 09:00:00,29.83,58.62,998.7,S2
2024-04-09 10:00:00,30.69,57.59,1020.93,S1
2024-04-09 11:00:00,29.53,61.73,1001.57,S2
2024-04-09 12:00:00,33.82,56.79,1007.47,S2
2024-04-09 13:00:00,28.76,52.56,1023.98,S1
2024-04-09 14:00:00,28.69,64.63,1022.86,S3
2024-04-09 15:00:00,26.77,67.42,1013.38,S2
2024-04-09 16:00:00,30.12,50.0,1005.75,S3
2024-04-09 17:00:00,33.61,60.22,1011.0,S3
2024-04-09 18:00:00,30.14,61.55,1011.88,S3
2024-04-09 19:00:00,30.35,59.02,1007.33,S3
2024-04-09 20:00:00,31.84,65.66,1024.35,S3
2024-04-09 21:00:00,30.21,51.07,1008.85,S2
2024-04-09 22:00:00,32.29,54.95,1010.38,S2
2024-04-09 23:00:00,32.58,58.29,1010.66,S3
2024-04-10 00:00:00,28.7,62.35,1019.97,S1
2024-04-10 01:00:00,27.02,63.78,1015.54,S3
2024-04-10 02:00:00,31.26,51.7,1015.18,S1
2024-04-10 03:00:00,30.53,48.84,1003.57,S2
2024-04-10 04:00:00,27.79,61.6,1015.35,S1
2024-04-10 05:00:00,28.53,58.28,1020.46,S2
2024-04-10 06:00:00,28.52,58.51,1009.56,S1
2024-04-10 07:00:00,30.17,61.69,1014.46,S3
2024-04-10 08:00:00,31.87,53.61,1022.21,S2
2024-04-10 09:00:00,31.98,56.45,1004.99,S1
2024-04-10 10:00:00,31.46,60.26,1005.13,S3
2024-04-10 11:00:00,29.29,52.88,1011.79,S1
2024-04-10 12:00:00,34.31,54.91,1020.8,S1
2024-04-10 13:00:00,29.94,58.14,983.18,S1
2024-04-10 14:00:00,29.09,60.22,1011.04,S2
2024-04-10 15:00:00,27.14,50.36,1005.95,S2
2024-04-10 16:00:00,29.17,60.91,1016.57,S3
2024-04-10 17:00:00,30.75,59.75,1012.02,S1
2024-04-10 18:00:00,26.69,53.35,1024.43,S1
2024-04-10 19:00:00,27.96,68.79,1019.5,S2
2024-04-10 20:00:00,28.93,52.78,1010.72,S2
2024-04-10 21:00:00,28.31,61.2,1002.82,S1
2024-04-10 22:00:00,28.15,58.9,1016.5,S1
2024-04-10 23:00:00,32.11,55.44,1010.01,S1
2024-04-11 00:00:00,26.56,57.95,1010.96,S2
2024-04-11 01:00:00,30.21,60.15,1001.38,S1
2024-04-11 02:00:00,30.9,71.75,1014.53,S1
2024-04-11 03:00:00,28.89,50.22,1007.93,S2
2024-04-11 04:00:00,29.4,43.9,1008.93,S2
2024-04-11 05:00:00,29.77,52.39,976.82,S2
2024-04-11 06:00:00,31.12,57.28,1013.33,S2
2024-04-11 07:00:00,32.91,60.75,1003.49,S1
2024-04-11 08:00:00,27.28,57.89,1018.16,S2
2024-04-11 09:00:00,28.02,56.64,1013.71,S2
2024-04-11 10:00:00,28.12,65.07,998.3,S1
2024-04-11 11:00:00,29.82,53.42,1011.96,S3
2024-04-11 12:00:00,29.05,65.68,1015.15,S1
2024-04-11 13:00:00,31.18,60.46,1033.87,S1
2024-04-11 14:00:00,28.53,64.84,1018.99,S1
2024-04-11 15:00:00,28.06,52.62,1000.09,S1
2024-04-11 16:00:00,28.31,55.56,1032.43,S1
2024-04-11 17:00:00,30.07,50.01,1010.25,S1
2024-04-11 18:00:00,31.76,58.8,1010.21,S1
2024-04-11 19:00:00,29.75,58.9,1032.42,S3
2024-04-11 20:00:00,28.72,67.32,1006.72,S1
2024-04-11 21:00:00,27.77,57.68,1011.43,S1
2024-04-11 22:00:00,32.76,49.67,996.69,S1
2024-04-11 23:00:00,26.31,61.97,1012.61,S1
2024-04-12 00:00:00,29.46,52.67,1011.49,S1
2024-04-12 01:00:00,31.31,50.88,1009.02,S3
2024-04-12 02:00:00,29.43,60.73,1014.58,S2
2024-04-12 03:00:00,28.69,53.37,1004.81,S2
2024-04-12 04:00:00,30.9,54.2,1027.65,S1
2024-04-12 05:00:00,27.64,64.2,1013.18,S3
2024-04-12 06:00:00,26.34,59.74,1005.3,S3
2024-04-12 07:00:00,30.53,60.15,999.08,S3
2024-04-12 08:00:00,27.83,50.27,1013.47,S2
2024-04-12 09:00:00,30.08,60.67,1022.18,S2
2024-04-12 10:00:00,29.57,55.75,1016.56,S3
2024-04-12 11:00:00,30.34,54.9,1032.86,S2
2024-04-12 12:00:00,29.36,59.16,1033.07,S2
2024-04-12 13:00:00,30.91,57.14,1000.21,S1
2024-04-12 14:00:00,28.4,49.78,998.09,S1
2024-04-12 15:00:00,31.37,61.84,1005.3,S1
2024-04-12 16:00:00,27.37,62.31,1020.05,S3
2024-04-12 17:00:00,32.15,54.12,1016.9,S1
2024-04-12 18:00:00,33.91,60.09,1023.11,S3
2024-04-12 19:00:00,30.02,61.61,1002.64,S1
2024-04-12 20:00:00,32.94,47.69,995.26,S3
2024-04-12 21:00:00,33.46,54.44,1007.09,S2
2024-04-12 22:00:00,29.16,46.12,1018.87,S3
2024-04-12 23:00:00,29.89,60.17,1014.62,S2
2024-04-13 00:00:00,28.17,59.22,1025.46,S1
2024-04-13 01:00:00,28.3,53.7,1005.88,S2
2024-04-13 02:00:00,30.26,56.21,1022.96,S2
2024-04-13 03:00:00,26.52,55.11,1006.93,S1
2024-04-13 04:00:00,31.46,46.74,1020.78,S3
2024-04-13 05:00:00,30.12,63.44,1020.62,S3
2024-04-13 06:00:00,31.15,58.2,1028.76,S3
2024-04-13 07:00:00,29.42,56.19,999.61,S1
2024-04-13 08:00:00,31.13,56.21,1026.83,S3
2024-04-13 09:00:00,30.28,60.43,1017.46,S2
2024-04-13 10:00:00,30.8,48.95,1013.6,S1
2024-04-13 11:00:00,31.58,52.49,1011.67,S3
2024-04-13 12:00:00,27.25,57.93,1012.27,S2
2024-04-13 13:00:00,28.37,62.43,1013.39,S2
2024-04-13 14:00:00,34.41,44.79,996.91,S3
2024-04-13 15:00:00,30.19,61.81,1015.44,S1
2024-04-13 16:00:00,26.34,53.28,1014.51,S2
2024-04-13 17:00:00,26.35,55.37,1006.42,S2
2024-04-13 18:00:00,29.62,56.97,1013.33,S2
2024-04-13 19:00:00,28.72,51.26,1024.03,S2
2024-04-13 20:00:00,28.15,50.57,1006.85,S3
2024-04-13 21:00:00,33.35,57.8,1001.61,S1
2024-04-13 22:00:00,29.02,66.23,1005.77,S2
2024-04-13 23:00:00,31.4,52.01,992.14,S2
2024-04-14 00:00:00,30.26,51.96,1030.91,S2
2024-04-14 01:00:00,29.17,50.6,1004.69,S1
2024-04-14 02:00:00,27.47,55.59,1025.63,S2
2024-04-14 03:00:00,31.29,51.79,1000.6,S1
2024-04-14 04:00:00,25.07,51.89,1006.81,S1
2024-04-14 05:00:00,31.49,57.73,1013.64,S1
2024-04-14 06:00:00,30.05,49.45,1019.44,S1
2024-04-14 07:00:00,30.99,64.77,1012.3,S3
2024-04-14 08:00:00,29.76,50.77,997.6,S3
2024-04-14 09:00:00,27.28,62.3,1012.45,S3
2024-04-14 10:00:00,30.55,66.49,1025.59,S2
2024-04-14 11:00:00,31.44,62.61,1016.26,S1
2024-04-14 12:00:00,28.78,61.98,1035.16,S1
2024-04-14 13:00:00,31.05,60.58,1014.71,S3
2024-04-14 14:00:00,30.33,57.66,1023.13,S3
2024-04-14 15:00:00,30.64,62.47,1018.25,S1
2024-04-14 16:00:00,28.02,55.26,1006.67,S3
2024-04-14 17:00:00,32.3,60.88,1012.38,S2
2024-04-14 18:00:00,30.32,62.08,1024.13,S2
2024-04-14 19:00:00,31.39,59.08,1009.53,S2
2024-04-14 20:00:00,28.95,55.18,1017.0,S1
2024-04-14 21:00:00,31.69,58.95,1006.79,S3
2024-04-14 22:00:00,28.88,54.66,1022.29,S2
2024-04-14 23:00:00,27.94,53.77,1013.83,S2
2024-04-15 00:00:00,33.26,60.42,1021.65,S2
2024-04-15 01:00:00,24.97,57.2,1025.45,S2
2024-04-15 02:00:00,35.7,60.34,1019.72,S2
2024-04-15 03:00:00,31.12,57.21,1011.19,S3
2024-04-15 04:00:00,29.08,58.99,1011.38,S2
2024-04-15 05:00:00,30.36,63.42,991.94,S2
2024-04-15 06:00:00,31.12,55.61,1017.28,S2
2024-04-15 07:00:00,29.04,54.39,1023.49,S1
2024-04-15 08:00:00,33.78,58.55,1000.62,S3
2024-04-15 09:00:00,32.66,43.49,1011.43,S2
2024-04-15 10:00:00,35.16,59.92,1011.23,S3
2024-04-15 11:00:00,27.26,52.06,1017.64,S2
2024-04-15 12:00:00,30.13,64.74,1014.47,S1
2024-04-15 13:00:00,26.92,60.3,1003.88,S1
2024-04-15 14:00:00,27.51,60.92,1029.11,S1
2024-04-15 15:00:00,29.04,61.02,996.32,S1
2024-04-15 16:00:00,29.08,54.02,1006.94,S2
2024-04-15 17:00:00,30.43,55.0,999.68,S3
2024-04-15 18:00:00,29.47,47.84,1016.56,S2
2024-04-15 19:00:00,31.29,63.76,1017.64,S1
2024-04-15 20:00:00,30.32,49.83,1011.83,S1
2024-04-15 21:00:00,32.98,56.19,1000.87,S2
2024-04-15 22:00:00,31.34,62.38,1003.67,S2
2024-04-15 23:00:00,27.32,63.91,1021.92,S3
2024-04-16 00:00:00,29.39,54.98,1012.2,S3
2024-04-16 01:00:00,29.52,47.69,1008.45,S3
2024-04-16 02:00:00,30.56,57.37,1006.03,S3
2024-04-16 03:00:00,31.82,57.87,1011.8,S1
2024-04-16 04:00:00,30.24,58.31,1018.69,S1
2024-04-16 05:00:00,30.83,54.65,1010.55,S3
2024-04-16 06:00:00,27.4,55.48,1017.33,S3
2024-04-16 07:00:00,28.75,52.69,997.37,S1
2024-04-16 08:00:00,25.84,56.94,1024.34,S1
2024-04-16 09:00:00,30.55,60.15,1012.62,S1
2024-04-16 10:00:00,31.34,57.44,1003.19,S3
2024-04-16 11:00:00,27.02,55.9,1017.41,S3
2024-04-16 12:00:00,29.97,61.73,1014.81,S1
2024-04-16 13:00:00,29.45,57.38,1001.77,S1
2024-04-16 14:00:00,33.03,56.24,1011.78,S2
2024-04-16 15:00:00,27.86,56.46,1007.82,S2
2024-04-16 16:00:00,31.49,50.01,1000.32,S1
2024-04-16 17:00:00,31.93,50.61,1008.78,S1
2024-04-16 18:00:00,29.26,55.42,1002.55,S2
2024-04-16 19:00:00,30.23,52.35,1000.77,S3
2024-04-16 20:00:00,31.8,55.8,1017.97,S1
2024-04-16 21:00:00,27.44,60.3,1016.06,S1
2024-04-16 22:00:00,28.78,59.53,1010.43,S1
2024-04-16 23:00:00,30.01,57.96,990.58,S3
2024-04-17 00:00:00,33.76,60.21,1012.29,S2
2024-04-17 01:00:00,28.83,61.12,1020.6,S3
2024-04-17 02:00:00,29.09,60.93,1025.11,S3
2024-04-17 03:00:00,32.72,60.8,1023.18,S1
2024-04-17 04:00:00,30.95,49.95,1001.1,S1
2024-04-17 05:00:00,33.99,46.48,1005.22,S2
2024-04-17 06:00:00,31.81,52.02,1011.33,S3
2024-04-17 07:00:00,29.33,53.63,1012.23,S2
2024-04-17 08:00:00,29.04,60.54,1013.3,S3
2024-04-17 09:00:00,27.97,55.41,1024.2,S1
2024-04-17 10:00:00,27.01,53.48,1014.95,S2
2024-04-17 11:00:00,30.29,56.69,1025.14,S3
2024-04-17 12:00:00,30.87,58.54,1005.26,S1
2024-04-17 13:00:00,31.1,59.73,1009.11,S1
2024-04-17 14:00:00,29.36,53.77,1008.76,S3
2024-04-17 15:00:00,33.47,51.04,1012.44,S1
2024-04-17 16:00:00,26.89,51.92,999.44,S3
2024-04-17 17:00:00,26.66,56.41,1032.21,S3
2024-04-17 18:00:00,27.96,50.54,1013.96,S3
2024-04-17 19:00:00,29.61,60.53,1001.57,S3
2024-04-17 20:00:00,27.4,50.56,1002.13,S1
2024-04-17 21:00:00,32.29,47.98,1013.8,S3
2024-04-17 22:00:00,28.11,56.53,1018.92,S3
2024-04-17 23:00:00,27.75,54.36,1022.4,S3
2024-04-18 00:00:00,31.7,58.09,1013.47,S1
2024-04-18 01:00:00,30.0,53.23,1019.1,S2
2024-04-18 02:00:00,31.15,57.73,1016.4,S3
2024-04-18 03:00:00,29.49,60.74,1011.95,S2
2024-04-18 04:00:00,30.12,52.58,1009.59,S2
2024-04-18 05:00:00,26.71,58.25,1013.27,S3
2024-04-18 06:00:00,29.28,64.65,1011.84,S2
2024-04-18 07:00:00,27.48,59.52,1012.94,S2
2024-04-18 08:00:00,33.48,51.69,1017.49,S3
2024-04-18 09:00:00,32.15,57.32,1029.2,S1
2024-04-18 10:00:00,28.26,49.12,1002.96,S2
2024-04-18 11:00:00,29.15,49.83,1013.95,S3
2024-04-18 12:00:00,29.24,63.07,1016.52,S3
2024-04-18 13:00:00,33.87,57.64,1009.29,S2
2024-04-18 14:00:00,30.35,63.28,1023.8,S2
2024-04-18 15:00:00,28.7,57.71,1008.14,S2
2024-04-18 16:00:00,29.85,52.84,1019.75,S3
2024-04-18 17:00:00,26.48,55.78,1025.6,S3
2024-04-18 18:00:00,29.4,56.89,1016.98,S1
2024-04-18 19:00:00,27.39,66.61,1011.24,S1
2024-04-18 20:00:00,25.85,59.04,1017.81,S3
2024-04-18 21:00:00,33.52,51.8,1009.03,S1
2024-04-18 22:00:00,29.49,54.54,1005.91,S2
2024-04-18 23:00:00,28.0,57.86,1016.66,S1
2024-04-19 00:00:00,26.14,50.05,1020.5,S1
2024-04-19 01:00:00,29.09,55.39,1013.96,S3
2024-04-19 02:00:00,29.23,54.44,1018.59,S3
2024-04-19 03:00:00,31.06,57.89,1036.06,S2
2024-04-19 04:00:00,27.62,54.95,1025.2,S1
2024-04-19 05:00:00,28.46,48.45,1007.35,S3
2024-04-19 06:00:00,27.67,55.2,1014.85,S3
2024-04-19 07:00:00,29.09,59.26,1016.02,S3
2024-04-19 08:00:00,25.53,62.63,1004.6,S2
2024-04-19 09:00:00,27.91,60.21,1019.16,S2
2024-04-19 10:00:00,30.77,47.41,1005.44,S1
2024-04-19 11:00:00,27.06,48.69,1019.73,S2
2024-04-19 12:00:00,31.51,50.08,1032.33,S1
2024-04-19 13:00:00,31.26,62.88,1011.74,S1
2024-04-19 14:00:00,31.42,57.82,1017.37,S1
2024-04-19 15:00:00,29.49,68.53,1015.92,S3
2024-04-19 16:00:00,29.31,61.75,1003.66,S3
2024-04-19 17:00:00,30.14,55.79,1005.64,S3
2024-04-19 18:00:00,32.14,53.03,1016.59,S2
2024-04-19 19:00:00,31.95,57.16,1014.31,S3
2024-04-19 20:00:00,26.17,59.49,1011.67,S1
2024-04-19 21:00:00,27.74,61.33,1022.32,S2
2024-04-19 22:00:00,27.38,53.82,1017.66,S2
2024-04-19 23:00:00,30.94,66.21,1035.04,S3
2024-04-20 00:00:00,28.13,55.02,1003.72,S3
2024-04-20 01:00:00,29.07,61.15,1009.0,S3
2024-04-20 02:00:00,32.89,56.91,1027.53,S3
2024-04-20 03:00:00,31.72,53.44,1029.88,S2
2024-04-20 04:00:00,32.23,45.38,1004.41,S2
2024-04-20 05:00:00,28.04,49.0,1009.11,S1
2024-04-20 06:00:00,23.93,61.06,1011.21,S2
2024-04-20 07:00:00,28.68,58.93,1027.09,S2
2024-04-20 08:00:00,26.59,58.12,1011.64,S3
2024-04-20 09:00:00,25.57,62.92,1011.3,S1
2024-04-20 10:00:00,31.72,50.24,1010.36,S2
2024-04-20 11:00:00,27.67,52.77,1014.09,S3
2024-04-20 12:00:00,27.84,53.1,1016.43,S3
2024-04-20 13:00:00,28.72,48.42,1031.78,S1
2024-04-20 14:00:00,32.74,51.1,1027.64,S2
2024-04-20 15:00:00,29.13,49.73,1002.18,S2
2024-04-20 16:00:00,31.35,47.23,1011.12,S2
2024-04-20 17:00:00,28.81,50.58,1013.2,S2
2024-04-20 18:00:00,26.28,54.73,1008.56,S1
2024-04-20 19:00:00,27.06,63.98,1023.03,S3
2024-04-20 20:00:00,29.43,49.94,1026.48,S3
2024-04-20 21:00:00,29.65,60.4,1008.2,S1
2024-04-20 22:00:00,30.52,56.12,1013.12,S2
2024-04-20 23:00:00,30.52,57.19,1021.97,S3
2024-04-21 00:00:00,31.23,55.72,1023.68,S2
2024-04-21 01:00:00,27.89,45.72,1007.96,S3
2024-04-21 02:00:00,33.08,49.72,1017.78,S2
2024-04-21 03:00:00,33.26,57.84,1006.07,S1
2024-04-21 04:00:00,28.38,55.19,1023.57,S2
2024-04-21 05:00:00,27.83,46.72,1005.72,S2
2024-04-21 06:00:00,25.84,53.85,1014.12,S1
2024-04-21 07:00:00,29.75,57.89,1008.25,S1
2024-04-21 08:00:00,30.31,48.65,1003.17,S2
2024-04-21 09:00:00,28.25,52.92,1007.29,S2
2024-04-21 10:00:00,29.97,62.49,1009.54,S2
2024-04-21 11:00:00,26.63,57.83,1025.48,S3
2024-04-21 12:00:00,31.33,62.81,1008.29,S2
2024-04-21 13:00:00,28.33,52.98,1013.72,S3
2024-04-21 14:00:00,29.97,60.26,1006.27,S3
2024-04-21 15:00:00,29.81,49.69,1022.21,S3
2024-04-21 16:00:00,25.47,58.99,1023.56,S1
2024-04-21 17:00:00,31.05,51.25,1020.84,S1
2024-04-21 18:00:00,27.81,57.1,1009.46,S3
2024-04-21 19:00:00,29.79,57.34,1006.35,S3
2024-04-21 20:00:00,26.56,58.24,1003.78,S3
2024-04-21 21:00:00,28.42,49.75,1020.69,S1
2024-04-21 22:00:00,30.1,56.36,1008.4,S1
2024-04-21 23:00:00,27.21,54.89,1021.51,S1
2024-04-22 00:00:00,27.32,61.03,1004.45,S3
2024-04-22 01:00:00,29.62,51.54,1010.91,S3
2024-04-22 02:00:00,29.03,48.2,1008.44,S2
2024-04-22 03:00:00,30.06,46.5,1005.85,S2
2024-04-22 04:00:00,28.62,53.29,995.55,S1
2024-04-22 05:00:00,30.64,52.57,999.76,S1
2024-04-22 06:00:00,28.22,53.19,1024.28,S2
2024-04-22 07:00:00,30.55,53.2,1004.64,S1
2024-04-22 08:00:00,27.54,61.65,1019.7,S3
2024-04-22 09:00:00,28.12,53.93,1013.15,S2
2024-04-22 10:00:00,30.8,60.31,1009.55,S3
2024-04-22 11:00:00,28.31,56.57,1008.76,S2
2024-04-22 12:00:00,27.0,50.07,1012.18,S2
2024-04-22 13:00:00,32.8,54.67,1019.66,S1
2024-04-22 14:00:00,29.26,62.34,1000.72,S3
2024-04-22 15:00:00,30.27,59.68,1012.34,S3
2024-04-22 16:00:00,24.8,60.61,1016.85,S3
2024-04-22 17:00:00,31.99,57.11,1020.44,S3
2024-04-22 18:00:00,34.62,52.19,1023.1,S1
2024-04-22 19:00:00,31.8,62.76,1011.17,S3
2024-04-22 20:00:00,32.09,57.35,998.99,S1
2024-04-22 21:00:00,28.5,59.2,1017.06,S2
2024-04-22 22:00:00,29.82,55.08,1011.81,S3
2024-04-22 23:00:00,30.29,49.36,1025.05,S1
2024-04-23 00:00:00,27.91,56.49,1015.0,S2
2024-04-23 01:00:00,29.06,62.97,1025.15,S3
2024-04-23 02:00:00,27.3,58.54,1007.74,S3
2024-04-23 03:00:00,28.51,57.25,1025.15,S1
2024-04-23 04:00:00,30.98,50.17,1014.57,S2
2024-04-23 05:00:00,25.76,62.08,1017.18,S2
2024-04-23 06:00:00,31.2,61.19,995.83,S2
2024-04-23 07:00:00,26.13,45.53,1024.1,S2
2024-04-23 08:00:00,29.39,59.08,1011.16,S3
2024-04-23 09:00:00,29.57,53.18,1017.95,S2
2024-04-23 10:00:00,30.43,55.87,1009.72,S1
2024-04-23 11:00:00,28.92,50.32,1024.52,S1
2024-04-23 12:00:00,27.19,55.0,1015.27,S3
2024-04-23 13:00:00,29.64,48.88,1014.47,S1
2024-04-23 14:00:00,33.62,50.36,1031.94,S3
2024-04-23 15:00:00,29.24,56.95,988.08,S2
2024-04-23 16:00:00,27.5,50.57,1008.9,S3
2024-04-23 17:00:00,28.33,56.49,1011.44,S2
2024-04-23 18:00:00,29.56,54.88,1004.72,S1
2024-04-23 19:00:00,28.72,66.23,1016.32,S3
2024-04-23 20:00:00,28.44,51.08,999.61,S2
2024-04-23 21:00:00,31.91,52.62,1000.02,S3
2024-04-23 22:00:00,30.28,50.71,1017.37,S2
2024-04-23 23:00:00,29.01,61.43,1003.86,S3
2024-04-24 00:00:00,29.02,54.81,1018.12,S3
2024-04-24 01:00:00,29.59,53.46,1007.02,S3
2024-04-24 02:00:00,30.36,58.11,1004.62,S3
2024-04-24 03:00:00,31.8,49.89,1003.13,S2
2024-04-24 04:00:00,28.41,47.52,1003.48,S2
2024-04-24 05:00:00,27.24,55.65,1008.72,S3
2024-04-24 06:00:00,28.11,55.03,1005.02,S3
2024-04-24 07:00:00,27.47,50.52,1011.75,S1
2024-04-24 08:00:00,26.17,55.97,994.4,S2
2024-04-24 09:00:00,32.04,63.43,1004.53,S2
2024-04-24 10:00:00,30.92,56.41,1025.49,S2
2024-04-24 11:00:00,24.65,44.25,1000.43,S2
2024-04-24 12:00:00,29.65,61.24,1006.37,S1
2024-04-24 13:00:00,28.45,64.09,1025.39,S3
2024-04-24 14:00:00,28.21,56.78,1012.59,S3
2024-04-24 15:00:00,24.23,54.98,995.78,S3
2024-04-24 16:00:00,29.15,46.38,1018.96,S1
2024-04-24 17:00:00,29.35,49.78,1024.85,S1
2024-04-24 18:00:00,26.84,52.56,1012.76,S3
2024-04-24 19:00:00,32.44,50.41,1007.42,S1
2024-04-24 20:00:00,30.77,51.53,995.58,S1
2024-04-24 21:00:00,27.05,54.68,1008.14,S1
2024-04-24 22:00:00,31.23,50.63,1000.54,S1
2024-04-24 23:00:00,28.25,61.64,1012.92,S3
2024-04-25 00:00:00,31.29,54.41,1021.28,S1
2024-04-25 01:00:00,26.29,56.55,1003.11,S3
2024-04-25 02:00:00,29.51,56.56,1019.85,S2
2024-04-25 03:00:00,26.73,55.92,995.47,S1
2024-04-25 04:00:00,27.49,54.23,1010.52,S2
2024-04-25 05:00:00,25.3,58.98,992.91,S2
2024-04-25 06:00:00,26.69,60.02,1014.82,S1
2024-04-25 07:00:00,26.68,43.65,1024.27,S3
2024-04-25 08:00:00,26.42,46.77,1008.65,S3
2024-04-25 09:00:00,29.53,51.23,1014.62,S3
2024-04-25 10:00:00,25.61,48.36,1007.96,S1
2024-04-25 11:00:00,29.74,50.25,1016.54,S1
2024-04-25 12:00:00,31.15,51.65,1021.11,S3
2024-04-25 13:00:00,27.36,52.62,1012.86,S3
2024-04-25 14:00:00,28.97,46.44,1007.68,S2
2024-04-25 15:00:00,28.46,51.82,1015.87,S2
2024-04-25 16:00:00,28.31,60.99,1031.15,S1
2024-04-25 17:00:00,24.02,52.61,1016.15,S3
2024-04-25 18:00:00,26.87,56.82,1000.27,S3
2024-04-25 19:00:00,32.04,53.51,1031.92,S1
2024-04-25 20:00:00,29.77,54.41,1004.85,S3
2024-04-25 21:00:00,28.63,53.25,1005.16,S1
2024-04-25 22:00:00,25.07,57.54,1023.08,S2
2024-04-25 23:00:00,30.3,49.71,1008.8,S3
2024-04-26 00:00:00,27.28,54.66,1017.97,S3
2024-04-26 01:00:00,26.63,50.91,1017.25,S1
2024-04-26 02:00:00,26.83,57.13,1017.4,S1
2024-04-26 03:00:00,30.12,48.23,1027.44,S1
2024-04-26 04:00:00,28.95,57.01,1010.32,S1
2024-04-26 05:00:00,30.82,54.79,1013.34,S2
2024-04-26 06:00:00,31.34,47.42,1003.83,S1
2024-04-26 07:00:00,27.61,62.46,1020.47,S3
2024-04-26 08:00:00,29.0,56.51,1015.06,S3
2024-04-26 09:00:00,28.47,48.28,1025.58,S3
2024-04-26 10:00:00,26.35,54.49,1016.68,S3
2024-04-26 11:00:00,26.64,45.5,1030.31,S2
2024-04-26 12:00:00,28.74,45.11,1011.73,S2
2024-04-26 13:00:00,28.95,59.65,1015.35,S2
2024-04-26 14:00:00,28.95,47.66,1013.69,S1
2024-04-26 15:00:00,28.95,57.59,1006.06,S3
2024-04-26 16:00:00,27.43,59.48,993.43,S3
2024-04-26 17:00:00,33.3,48.71,1015.25,S2
2024-04-26 18:00:00,29.52,64.02,996.99,S1
2024-04-26 19:00:00,27.9,54.08,1017.64,S2
2024-04-26 20:00:00,29.85,53.85,1024.56,S3
2024-04-26 21:00:00,27.34,48.6,1012.4,S3
2024-04-26 22:00:00,29.09,48.69,1016.82,S2
2024-04-26 23:00:00,29.84,42.61,1017.16,S3
2024-04-27 00:00:00,30.14,49.68,1022.5,S2
2024-04-27 01:00:00,26.52,59.39,1012.02,S2
2024-04-27 02:00:00,35.09,48.46,1000.91,S2
2024-04-27 03:00:00,31.39,48.88,995.49,S2
2024-04-27 04:00:00,33.09,47.1,1009.54,S3
2024-04-27 05:00:00,28.51,46.71,996.7,S1
2024-04-27 06:00:00,29.51,57.95,1013.38,S3
2024-04-27 07:00:00,29.08,47.42,1015.51,S2
2024-04-27 08:00:00,27.91,52.83,1007.72,S3
2024-04-27 09:00:00,30.52,51.7,1020.38,S1
2024-04-27 10:00:00,27.24,58.25,1014.61,S3
2024-04-27 11:00:00,30.4,49.28,1006.38,S2
2024-04-27 12:00:00,28.0,51.3,1008.45,S1
2024-04-27 13:00:00,29.79,47.98,1026.5,S3
2024-04-27 14:00:00,31.91,50.23,995.99,S1
2024-04-27 15:00:00,28.72,48.91,1010.59,S3
2024-04-27 16:00:00,30.54,52.69,1014.98,S1
2024-04-27 17:00:00,27.96,61.41,1006.92,S2
2024-04-27 18:00:00,26.61,52.37,1005.78,S2
2024-04-27 19:00:00,32.3,59.26,1024.04,S1
2024-04-27 20:00:00,30.47,58.1,1033.42,S3
2024-04-27 21:00:00,28.7,53.15,1009.66,S2
2024-04-27 22:00:00,30.36,58.16,1013.25,S3
2024-04-27 23:00:00,26.93,54.5,1018.8,S1
2024-04-28 00:00:00,29.84,46.19,1002.81,S3
2024-04-28 01:00:00,29.39,53.13,1013.7,S1
2024-04-28 02:00:00,30.25,54.34,1028.34,S3
2024-04-28 03:00:00,32.23,62.12,1036.84,S1
2024-04-28 04:00:00,31.84,48.64,1000.52,S1
2024-04-28 05:00:00,26.16,55.58,1004.05,S1
2024-04-28 06:00:00,24.95,47.12,1008.68,S1
2024-04-28 07:00:00,29.43,60.98,1009.29,S3
2024-04-28 08:00:00,29.27,59.38,1023.84,S2
2024-04-28 09:00:00,26.66,47.25,1013.34,S1
2024-04-28 10:00:00,27.0,61.94,1023.02,S1
2024-04-28 11:00:00,27.38,58.61,1015.42,S2
2024-04-28 12:00:00,31.59,59.54,1011.86,S2
2024-04-28 13:00:00,27.97,61.06,1017.47,S1
2024-04-28 14:00:00,25.91,58.83,990.22,S1
2024-04-28 15:00:00,28.78,51.51,1009.73,S3
2024-04-28 16:00:00,28.9,60.69,1010.09,S2
2024-04-28 17:00:00,26.84,48.7,999.08,S3
2024-04-28 18:00:00,30.08,49.28,1026.44,S1
2024-04-28 19:00:00,31.17,50.88,1010.55,S1
2024-04-28 20:00:00,28.18,54.81,1016.68,S1
2024-04-28 21:00:00,25.88,48.54,1021.65,S1
2024-04-28 22:00:00,28.34,47.13,1004.67,S2
2024-04-28 23:00:00,29.49,48.53,1015.85,S3
2024-04-29 00:00:00,24.56,51.29,996.64,S2
2024-04-29 01:00:00,29.84,53.45,1018.46,S1
2024-04-29 02:00:00,28.12,49.28,1007.47,S3
2024-04-29 03:00:00,28.96,47.02,1010.2,S1
2024-04-29 04:00:00,28.29,55.01,1024.22,S2
2024-04-29 05:00:00,27.36,62.08,1031.19,S1
2024-04-29 06:00:00,28.64,50.97,1005.8,S2
2024-04-29 07:00:00,27.84,57.5,1004.5,S2
2024-04-29 08:00:00,28.14,53.04,1019.9,S1
2024-04-29 09:00:00,27.09,56.2,1019.43,S1
2024-04-29 10:00:00,29.92,57.09,1001.11,S2
2024-04-29 11:00:00,31.32,53.02,1012.77,S3
2024-04-29 12:00:00,27.09,48.07,1012.79,S2
2024-04-29 13:00:00,28.6,46.83,1012.58,S3
2024-04-29 14:00:00,26.64,58.72,1019.61,S2
2024-04-29 15:00:00,29.61,56.11,1028.17,S1
2024-04-29 16:00:00,29.28,57.85,1010.67,S2
2024-04-29 17:00:00,27.67,56.32,1030.97,S3
2024-04-29 18:00:00,28.65,58.29,1011.77,S3
2024-04-29 19:00:00,30.55,54.03,1029.34,S3
2024-04-29 20:00:00,25.6,45.32,1017.25,S3
2024-04-29 21:00:00,26.23,54.31,1023.86,S3
2024-04-29 22:00:00,29.97,61.86,1022.46,S2
2024-04-29 23:00:00,28.91,54.64,1004.88,S1
2024-04-30 00:00:00,28.66,46.73,1016.65,S1
2024-04-30 01:00:00,30.68,56.54,1003.84,S2
2024-04-30 02:00:00,30.2,63.7,1011.97,S1
2024-04-30 03:00:00,32.22,50.06,1001.56,S2
2024-04-30 04:00:00,30.58,54.47,1010.98,S3
2024-04-30 05:00:00,29.83,55.21,1013.61,S2
2024-04-30 06:00:00,28.67,53.84,1004.47,S1
2024-04-30 07:00:00,28.49,56.8,1012.99,S1
2024-04-30 08:00:00,28.77,50.77,1021.04,S1
2024-04-30 09:00:00,29.22,55.92,1003.21,S2
2024-04-30 10:00:00,26.35,58.62,1021.89,S2
2024-04-30 11:00:00,29.29,51.59,1022.24,S2
2024-04-30 12:00:00,28.27,56.79,1003.48,S1
2024-04-30 13:00:00,29.47,50.86,986.85,S2
2024-04-30 14:00:00,27.6,45.86,1023.9,S2
2024-04-30 15:00:00,27.43,45.84,1010.55,S1
2024-04-30 16:00:00,29.21,55.03,1013.0,S3
2024-04-30 17:00:00,29.7,43.33,1033.22,S3
2024-04-30 18:00:00,27.53,53.17,1017.25,S1
2024-04-30 19:00:00,31.37,48.74,1017.65,S1
2024-04-30 20:00:00,31.36,41.72,1012.92,S3
2024-04-30 21:00:00,25.56,56.09,1011.08,S2
2024-04-30 22:00:00,27.17,45.65,1012.37,S1
2024-04-30 23:00:00,28.95,64.2,1011.5,S3
2024-05-01 00:00:00,29.46,60.84,996.15,S2
2024-05-01 01:00:00,32.98,52.31,1003.02,S1
2024-05-01 02:00:00,28.99,42.58,1012.43,S3
2024-05-01 03:00:00,28.47,54.1,1033.37,S2
2024-05-01 04:00:00,26.43,61.78,999.12,S2
2024-05-01 05:00:00,25.53,57.91,1007.81,S3
2024-05-01 06:00:00,28.43,58.22,1007.71,S2
2024-05-01 07:00:00,32.81,60.3,1019.91,S3
2024-05-01 08:00:00,28.27,46.31,1013.93,S3
2024-05-01 09:00:00,27.14,58.0,1006.57,S2
2024-05-01 10:00:00,29.59,62.26,1024.54,S3
2024-05-01 11:00:00,24.67,49.45,1003.08,S3
2024-05-01 12:00:00,28.83,50.53,1007.93,S1
2024-05-01 13:00:00,30.32,60.29,1001.88,S3
2024-05-01 14:00:00,26.77,59.49,1022.93,S2
2024-05-01 15:00:00,31.4,48.16,1012.52,S3
2024-05-01 16:00:00,29.98,46.03,1005.88,S2
2024-05-01 17:00:00,31.41,51.92,1017.46,S1
2024-05-01 18:00:00,25.9,45.12,1028.79,S2
2024-05-01 19:00:00,28.29,48.18,990.41,S3
2024-05-01 20:00:00,30.49,49.05,1019.16,S2
2024-05-01 21:00:00,25.65,58.07,1030.34,S1
2024-05-01 22:00:00,30.53,59.42,1028.55,S1
2024-05-01 23:00:00,28.28,58.08,1010.5,S1
2024-05-02 00:00:00,30.51,48.31,1013.96,S2
2024-05-02 01:00:00,29.06,51.99,1015.08,S2
2024-05-02 02:00:00,31.45,50.15,1010.42,S2
2024-05-02 03:00:00,26.04,53.46,1022.24,S1
2024-05-02 04:00:00,29.28,56.15,996.94,S2
2024-05-02 05:00:00,25.59,50.0,1018.76,S1
2024-05-02 06:00:00,29.45,47.3,1012.24,S1
2024-05-02 07:00:00,29.26,60.23,1023.11,S3
2024-05-02 08:00:00,28.03,57.72,1024.1,S3
2024-05-02 09:00:00,27.03,54.04,1014.1,S1
2024-05-02 10:00:00,27.94,47.01,1006.77,S1
2024-05-02 11:00:00,28.79,56.66,1023.38,S1
2024-05-02 12:00:00,29.16,51.47,1000.26,S3
2024-05-02 13:00:00,32.45,41.2,1002.47,S1
2024-05-02 14:00:00,30.33,49.66,1012.24,S3
2024-05-02 15:00:00,27.4,54.58,1007.8,S3
2024-05-02 16:00:00,29.73,51.2,1010.85,S2
2024-05-02 17:00:00,30.33,54.82,1009.96,S2
2024-05-02 18:00:00,27.25,54.59,1012.74,S2
2024-05-02 19:00:00,29.97,46.78,1027.87,S3
2024-05-02 20:00:00,25.58,55.66,1001.45,S1
2024-05-02 21:00:00,27.17,56.11,1008.34,S2
2024-05-02 22:00:00,25.7,52.07,1021.25,S3
2024-05-02 23:00:00,28.12,52.29,1013.37,S1
2024-05-03 00:00:00,27.6,52.25,1003.29,S2
2024-05-03 01:00:00,27.75,59.76,1012.13,S3
2024-05-03 02:00:00,30.17,54.1,997.93,S2
2024-05-03 03:00:00,28.71,52.8,1023.32,S2
2024-05-03 04:00:00,30.13,54.52,1014.18,S3
2024-05-03 05:00:00,31.78,54.4,1035.0,S2
2024-05-03 06:00:00,32.71,51.65,1001.8,S3
2024-05-03 07:00:00,28.24,45.46,1006.35,S3
2024-05-03 08:00:00,29.58,52.67,1014.71,S2
2024-05-03 09:00:00,28.2,55.08,1026.17,S1
2024-05-03 10:00:00,30.53,53.57,1008.15,S1
2024-05-03 11:00:00,30.14,49.61,1005.96,S1
2024-05-03 12:00:00,27.18,51.12,1013.76,S3
2024-05-03 13:00:00,27.47,57.05,1006.28,S2
2024-05-03 14:00:00,31.26,43.65,1017.76,S1
2024-05-03 15:00:00,27.39,48.35,1013.76,S2
2024-05-03 16:00:00,28.26,52.72,1019.99,S1
2024-05-03 17:00:00,29.83,57.25,1021.94,S1
2024-05-03 18:00:00,28.14,61.11,1016.66,S2
2024-05-03 19:00:00,31.54,56.48,1024.54,S2
2024-05-03 20:00:00,30.53,49.06,1009.62,S2
2024-05-03 21:00:00,26.7,43.2,998.56,S2
2024-05-03 22:00:00,27.29,61.34,1002.22,S1
2024-05-03 23:00:00,29.63,47.79,1012.15,S2
2024-05-04 00:00:00,28.35,52.71,1017.18,S3
2024-05-04 01:00:00,24.57,51.39,1018.84,S1
2024-05-04 02:00:00,26.5,51.62,1006.52,S3
2024-05-04 03:00:00,28.91,46.13,1021.65,S1
2024-05-04 04:00:00,30.22,60.93,989.8,S1
2024-05-04 05:00:00,30.24,47.56,1007.53,S3
2024-05-04 06:00:00,32.36,52.72,1017.94,S1
2024-05-04 07:00:00,27.04,49.7,1022.13,S3
2024-05-04 08:00:00,27.13,54.98,1020.57,S1
2024-05-04 09:00:00,28.37,50.86,1022.3,S2
2024-05-04 10:00:00,25.06,50.33,1014.74,S1
2024-05-04 11:00:00,28.4,57.32,1011.79,S3
2024-05-04 12:00:00,28.02,50.26,994.22,S2
2024-05-04 13:00:00,29.99,58.92,1010.58,S2
2024-05-04 14:00:00,30.32,45.69,1001.53,S2
2024-05-04 15:00:00,29.11,50.6,1019.16,S2
2024-05-04 16:00:00,28.4,47.54,999.32,S1
2024-05-04 17:00:00,29.11,51.98,1011.45,S3
2024-05-04 18:00:00,26.8,44.95,1001.1,S2
2024-05-04 19:00:00,28.21,54.91,1012.88,S3
2024-05-04 20:00:00,28.41,55.4,1011.68,S3
2024-05-04 21:00:00,28.22,59.33,995.46,S2
2024-05-04 22:00:00,28.03,56.02,1016.44,S3
2024-05-04 23:00:00,27.12,55.96,1010.15,S3
2024-05-05 00:00:00,26.31,55.17,1013.28,S3
2024-05-05 01:00:00,27.95,50.67,1008.85,S3
2024-05-05 02:00:00,29.54,59.84,1005.83,S1
2024-05-05 03:00:00,24.87,54.51,1020.57,S1
2024-05-05 04:00:00,27.35,64.1,1023.31,S1
2024-05-05 05:00:00,32.48,60.49,1022.69,S3
2024-05-05 06:00:00,27.95,53.45,999.33,S1
2024-05-05 07:00:00,28.63,53.68,1026.89,S2
2024-05-05 08:00:00,32.01,55.86,1018.63,S3
2024-05-05 09:00:00,28.96,59.61,1025.49,S1
2024-05-05 10:00:00,29.0,44.0,1025.33,S1
2024-05-05 11:00:00,26.5,58.23,1016.49,S3
2024-05-05 12:00:00,28.94,53.53,1005.06,S3
2024-05-05 13:00:00,28.28,57.05,1005.42,S3
2024-05-05 14:00:00,30.15,48.05,1006.2,S2
2024-05-05 15:00:00,30.85,47.81,1011.19,S1
2024-05-05 16:00:00,28.36,53.32,1003.11,S2
2024-05-05 17:00:00,29.06,56.5,995.85,S1
2024-05-05 18:00:00,24.51,45.45,996.16,S3
2024-05-05 19:00:00,23.81,49.6,1012.66,S1
2024-05-05 20:00:00,30.47,45.6,1010.31,S3
2024-05-05 21:00:00,23.29,53.67,1018.1,S1
2024-05-05 22:00:00,28.93,61.54,1011.2,S2
2024-05-05 23:00:00,27.92,49.89,1024.52,S1
2024-05-06 00:00:00,30.73,55.47,1007.11,S3
2024-05-06 01:00:00,28.19,52.15,1016.3,S2
2024-05-06 02:00:00,31.86,53.38,1018.52,S2
2024-05-06 03:00:00,27.84,48.54,1013.53,S1
2024-05-06 04:00:00,30.54,54.79,1023.14,S1
2024-05-06 05:00:00,25.25,50.5,1018.26,S2
2024-05-06 06:00:00,23.64,60.46,1021.05,S1
2024-05-06 07:00:00,28.18,48.94,1006.59,S3
2024-05-06 08:00:00,25.43,56.38,1010.81,S3
2024-05-06 09:00:00,28.11,61.34,991.13,S1
2024-05-06 10:00:00,27.4,57.41,1012.37,S2
2024-05-06 11:00:00,29.43,46.94,999.3,S1
2024-05-06 12:00:00,26.09,46.46,1036.47,S2
2024-05-06 13:00:00,29.06,53.7,1016.01,S2
2024-05-06 14:00:00,29.93,51.74,1009.02,S3
2024-05-06 15:00:00,27.79,54.0,1020.53,S1
2024-05-06 16:00:00,29.15,57.39,999.09,S2
2024-05-06 17:00:00,26.24,51.84,1008.06,S2
2024-05-06 18:00:00,27.42,48.25,1009.51,S2
2024-05-06 19:00:00,25.5,52.42,1019.45,S2
2024-05-06 20:00:00,32.86,58.97,1003.22,S3
2024-05-06 21:00:00,30.64,51.55,1006.03,S3
2024-05-06 22:00:00,31.49,62.12,1014.12,S3
2024-05-06 23:00:00,30.6,55.78,1019.31,S3
2024-05-07 00:00:00,26.84,55.29,1015.11,S3
2024-05-07 01:00:00,25.09,48.6,1003.94,S1
2024-05-07 02:00:00,27.31,50.7,1014.07,S1
2024-05-07 03:00:00,29.1,53.93,1006.15,S3
2024-05-07 04:00:00,27.57,51.16,1003.57,S2
2024-05-07 05:00:00,23.68,57.6,1017.08,S2
2024-05-07 06:00:00,29.63,52.35,1018.46,S1
2024-05-07 07:00:00,24.94,48.33,1012.86,S1
2024-05-07 08:00:00,27.29,53.04,1018.11,S1
2024-05-07 09:00:00,31.62,49.66,1020.7,S3
2024-05-07 10:00:00,28.22,54.88,988.52,S2
2024-05-07 11:00:00,30.27,48.89,1017.11,S2
2024-05-07 12:00:00,28.81,60.73,1028.49,S1
2024-05-07 13:00:00,26.09,44.04,1010.16,S1
2024-05-07 14:00:00,29.57,49.85,1028.37,S1
2024-05-07 15:00:00,27.98,52.43,1016.15,S1
2024-05-07 16:00:00,25.13,49.1,1013.8,S3
2024-05-07 17:00:00,24.79,40.24,1015.66,S2
2024-05-07 18:00:00,28.86,61.2,997.79,S3
2024-05-07 19:00:00,32.37,55.33,1029.72,S2
2024-05-07 20:00:00,25.93,45.41,1008.03,S3
2024-05-07 21:00:00,26.16,46.12,1001.02,S2
2024-05-07 22:00:00,28.87,44.31,1007.66,S3
2024-05-07 23:00:00,25.44,50.93,1013.23,S2
2024-05-08 00:00:00,32.77,59.0,1024.29,S3
2024-05-08 01:00:00,26.33,50.18,1012.25,S2
2024-05-08 02:00:00,27.06,49.34,1009.79,S1
2024-05-08 03:00:00,26.44,56.45,1009.95,S2
2024-05-08 04:00:00,29.92,53.21,999.44,S2
2024-05-08 05:00:00,32.37,51.31,1007.73,S3
2024-05-08 06:00:00,26.63,55.27,1007.1,S1
2024-05-08 07:00:00,29.77,42.76,1015.5,S3
2024-05-08 08:00:00,25.42,53.95,995.77,S2
2024-05-08 09:00:00,29.95,58.0,1008.59,S2
2024-05-08 10:00:00,31.54,45.39,1026.08,S2
2024-05-08 11:00:00,30.92,49.71,1017.2,S2
2024-05-08 12:00:00,28.28,41.82,1022.4,S3
2024-05-08 13:00:00,25.94,49.39,1009.07,S1
2024-05-08 14:00:00,28.01,48.32,1029.66,S2
2024-05-08 15:00:00,27.38,60.07,1020.97,S3
2024-05-08 16:00:00,27.1,49.22,1013.68,S3
2024-05-08 17:00:00,28.41,53.0,1019.46,S3
2024-05-08 18:00:00,27.85,58.23,1000.64,S3
2024-05-08 19:00:00,29.4,40.58,1000.43,S3
2024-05-08 20:00:00,29.41,52.13,1021.07,S2
2024-05-08 21:00:00,27.85,45.95,1024.34,S2
2024-05-08 22:00:00,28.84,46.06,1003.8,S1
2024-05-08 23:00:00,30.61,47.16,1021.55,S1
2024-05-09 00:00:00,26.9,48.98,1018.35,S1
2024-05-09 01:00:00,27.99,46.28,1005.05,S1
2024-05-09 02:00:00,25.9,49.35,1003.06,S3
2024-05-09 03:00:00,28.91,56.24,1005.79,S3
2024-05-09 04:00:00,28.34,53.82,1008.11,S3
2024-05-09 05:00:00,28.86,64.98,1009.03,S3
2024-05-09 06:00:00,25.96,52.31,997.08,S3
2024-05-09 07:00:00,29.46,54.36,1008.13,S3
2024-05-09 08:00:00,28.13,57.64,1016.18,S3
2024-05-09 09:00:00,29.98,45.43,1019.62,S3
2024-05-09 10:00:00,27.04,57.51,1007.09,S1
2024-05-09 11:00:00,29.28,46.43,1027.94,S2
2024-05-09 12:00:00,28.8,53.45,1013.2,S1
2024-05-09 13:00:00,30.95,55.88,1038.36,S3
2024-05-09 14:00:00,27.67,41.56,1005.53,S3
2024-05-09 15:00:00,26.79,49.22,1016.62,S3
2024-05-09 16:00:00,26.9,50.7,1012.12,S2
2024-05-09 17:00:00,25.67,45.43,1006.33,S3
2024-05-09 18:00:00,26.88,52.69,1021.62,S3
2024-05-09 19:00:00,23.2,59.49,1020.63,S1
2024-05-09 20:00:00,30.61,46.15,1010.44,S1
2024-05-09 21:00:00,31.74,56.93,1016.18,S3
2024-05-09 22:00:00,27.57,53.45,1015.6,S2
2024-05-09 23:00:00,28.74,44.2,1010.39,S2
2024-05-10 00:00:00,28.18,48.89,1005.44,S1
2024-05-10 01:00:00,25.23,52.26,1012.98,S1
2024-05-10 02:00:00,29.9,58.89,1011.09,S2
2024-05-10 03:00:00,30.19,54.95,1002.39,S1
2024-05-10 04:00:00,25.76,47.5,1019.58,S3
2024-05-10 05:00:00,28.49,52.9,1013.45,S3
2024-05-10 06:00:00,27.3,36.9,1011.64,S3
2024-05-10 07:00:00,30.21,55.43,998.09,S3
2024-05-10 08:00:00,27.66,47.07,1016.17,S1
2024-05-10 09:00:00,27.7,45.61,998.12,S3
2024-05-10 10:00:00,31.45,49.31,1014.41,S3
2024-05-10 11:00:00,25.24,44.65,1021.52,S3
2024-05-10 12:00:00,28.3,49.89,1029.62,S3
2024-05-10 13:00:00,27.98,56.13,1013.67,S2
2024-05-10 14:00:00,26.59,40.98,1030.58,S3
2024-05-10 15:00:00,31.87,50.48,1020.33,S1
2024-05-10 16:00:00,28.46,50.05,1017.72,S3
2024-05-10 17:00:00,29.12,53.42,1024.16,S2
2024-05-10 18:00:00,29.41,49.89,1026.39,S3
2024-05-10 19:00:00,27.13,55.59,1021.23,S1
2024-05-10 20:00:00,30.25,57.64,1011.59,S1
2024-05-10 21:00:00,29.84,55.98,1007.64,S2
2024-05-10 22:00:00,27.51,47.15,1000.09,S1
2024-05-10 23:00:00,29.63,60.5,1014.68,S1
2024-05-11 00:00:00,30.23,45.04,1024.81,S1
2024-05-11 01:00:00,29.33,54.38,1003.38,S2
2024-05-11 02:00:00,26.07,56.56,1002.23,S2
2024-05-11 03:00:00,27.55,61.2,1030.98,S2
2024-05-11 04:00:00,28.68,55.83,1010.44,S2
2024-05-11 05:00:00,28.23,46.99,995.79,S2
2024-05-11 06:00:00,26.23,55.37,998.44,S2
2024-05-11 07:00:00,27.14,50.1,1017.43,S2
2024-05-11 08:00:00,28.42,56.28,1008.24,S2
2024-05-11 09:00:00,24.69,51.72,1017.78,S2
2024-05-11 10:00:00,27.74,57.9,1010.78,S3
2024-05-11 11:00:00,29.09,50.89,1015.11,S2
2024-05-11 12:00:00,28.26,55.43,1030.67,S3
2024-05-11 13:00:00,25.97,47.64,1011.13,S2
2024-05-11 14:00:00,26.32,56.64,1024.77,S2
2024-05-11 15:00:00,30.65,39.98,1014.13,S2
2024-05-11 16:00:00,25.8,54.23,1001.49,S3
2024-05-11 17:00:00,30.04,52.54,1032.76,S3
2024-05-11 18:00:00,26.42,51.45,1034.22,S2
2024-05-11 19:00:00,29.92,39.85,1011.47,S2
2024-05-11 20:00:00,28.74,48.21,1014.52,S3
2024-05-11 21:00:00,26.96,56.69,1025.4,S2
2024-05-11 22:00:00,24.12,46.45,1011.15,S2
2024-05-11 23:00:00,28.44,43.32,1022.66,S3
2024-05-12 00:00:00,28.0,45.27,1004.86,S3
2024-05-12 01:00:00,28.46,56.59,1031.33,S3
2024-05-12 02:00:00,28.71,52.92,1016.63,S2
2024-05-12 03:00:00,25.0,57.74,1020.51,S3
2024-05-12 04:00:00,28.41,54.1,1026.56,S2
2024-05-12 05:00:00,29.1,46.27,1021.19,S1
2024-05-12 06:00:00,29.07,59.73,1012.49,S1
2024-05-12 07:00:00,25.1,47.54,1030.21,S2
2024-05-12 08:00:00,29.91,46.45,1021.35,S2
2024-05-12 09:00:00,28.45,51.83,1011.35,S3
2024-05-12 10:00:00,28.7,52.64,997.97,S2
2024-05-12 11:00:00,25.8,54.73,1012.85,S2
2024-05-12 12:00:00,29.1,48.85,1007.7,S3
2024-05-12 13:00:00,24.13,57.57,1013.25,S2
2024-05-12 14:00:00,25.88,47.26,1006.58,S1
2024-05-12 15:00:00,30.1,45.03,1016.84,S2
2024-05-12 16:00:00,28.98,40.71,1008.51,S3
2024-05-12 17:00:00,28.14,49.33,1027.27,S2
2024-05-12 18:00:00,29.44,54.65,1019.14,S2
2024-05-12 19:00:00,29.58,54.04,1008.35,S2
2024-05-12 20:00:00,29.06,52.0,1013.09,S1
2024-05-12 21:00:00,27.11,48.05,1018.09,S3
2024-05-12 22:00:00,25.78,56.62,997.97,S1
2024-05-12 23:00:00,26.2,50.79,1017.68,S1
2024-05-13 00:00:00,30.35,52.34,995.9,S3
2024-05-13 01:00:00,24.97,44.5,1028.35,S3
2024-05-13 02:00:00,28.5,41.04,1009.27,S1
2024-05-13 03:00:00,28.5,54.65,1023.49,S1
2024-05-13 04:00:00,30.44,62.93,1001.55,S2
2024-05-13 05:00:00,28.48,52.55,1018.74,S3
2024-05-13 06:00:00,26.65,54.66,1001.27,S1
2024-05-13 07:00:00,26.68,54.54,1010.06,S2
2024-05-13 08:00:00,27.48,50.67,1022.68,S1
2024-05-13 09:00:00,29.75,42.53,1019.17,S1
2024-05-13 10:00:00,29.09,53.96,1018.66,S3
2024-05-13 11:00:00,25.3,57.93,1009.46,S1
2024-05-13 12:00:00,28.03,53.0,1002.54,S3
2024-05-13 13:00:00,29.12,49.24,1020.81,S1
2024-05-13 14:00:00,26.99,52.49,1003.8,S2
2024-05-13 15:00:00,23.14,50.08,1006.78,S3
2024-05-13 16:00:00,27.06,56.97,1027.27,S3
2024-05-13 17:00:00,24.48,51.51,1018.78,S2
2024-05-13 18:00:00,24.15,54.06,999.36,S3
2024-05-13 19:00:00,29.57,56.11,1012.89,S2
2024-05-13 20:00:00,32.47,54.07,1011.42,S3
2024-05-13 21:00:00,30.16,50.77,1009.25,S3
2024-05-13 22:00:00,22.2,42.9,1009.56,S3
2024-05-13 23:00:00,27.07,52.64,1026.09,S3
2024-05-14 00:00:00,26.23,55.08,1032.95,S1
2024-05-14 01:00:00,24.47,42.41,1012.58,S1
2024-05-14 02:00:00,28.33,52.51,1014.64,S1
2024-05-14 03:00:00,27.03,50.46,999.36,S3
2024-05-14 04:00:00,25.06,39.08,1029.95,S1
2024-05-14 05:00:00,23.28,52.06,1006.41,S3
2024-05-14 06:00:00,26.17,57.3,1008.77,S3
2024-05-14 07:00:00,27.39,50.52,1020.9,S2
2024-05-14 08:00:00,27.14,39.98,1015.81,S2
2024-05-14 09:00:00,29.49,52.15,1018.49,S2
2024-05-14 10:00:00,28.04,55.84,1019.79,S3
2024-05-14 11:00:00,26.67,46.08,1012.92,S2
2024-05-14 12:00:00,25.72,49.13,1021.83,S2
2024-05-14 13:00:00,23.81,48.48,995.93,S3
2024-05-14 14:00:00,25.16,50.77,1029.36,S3
2024-05-14 15:00:00,30.06,48.31,1011.18,S1
2024-05-14 16:00:00,29.06,56.9,1021.73,S3
2024-05-14 17:00:00,27.91,56.76,1017.93,S1
2024-05-14 18:00:00,26.34,47.11,993.02,S3
2024-05-14 19:00:00,29.8,56.87,1015.18,S2
2024-05-14 20:00:00,25.29,41.87,991.87,S3
2024-05-14 21:00:00,25.31,46.05,1017.94,S1
2024-05-14 22:00:00,27.12,53.22,1015.17,S3
2024-05-14 23:00:00,22.93,50.54,1000.21,S3
2024-05-15 00:00:00,25.22,50.81,1014.88,S2
2024-05-15 01:00:00,26.82,51.97,1008.25,S3
2024-05-15 02:00:00,26.36,47.66,1011.36,S2
2024-05-15 03:00:00,25.3,56.34,987.13,S1
2024-05-15 04:00:00,31.35,53.54,1000.62,S3
2024-05-15 05:00:00,30.0,49.55,1005.13,S1
2024-05-15 06:00:00,30.7,54.69,1001.63,S3
2024-05-15 07:00:00,27.06,52.34,1007.75,S2
2024-05-15 08:00:00,26.28,48.84,1006.28,S3
2024-05-15 09:00:00,30.45,48.62,1016.02,S2
2024-05-15 10:00:00,27.42,44.29,985.68,S1
2024-05-15 11:00:00,25.12,46.97,1032.92,S1
2024-05-15 12:00:00,25.25,49.09,1006.85,S2
2024-05-15 13:00:00,26.58,50.43,1009.94,S3
2024-05-15 14:00:00,27.18,45.45,1018.95,S2
2024-05-15 15:00:00,27.38,50.2,1030.39,S2
2024-05-15 16:00:00,26.85,47.28,1007.11,S2
2024-05-15 17:00:00,31.89,46.42,1019.89,S2
2024-05-15 18:00:00,24.5,52.57,1006.29,S1
2024-05-15 19:00:00,28.55,50.83,1022.4,S2
2024-05-15 20:00:00,26.24,49.29,1019.97,S2
2024-05-15 21:00:00,27.11,52.5,1002.34,S1
2024-05-15 22:00:00,29.07,43.53,1018.79,S1
2024-05-15 23:00:00,23.62,43.92,998.73,S1
2024-05-16 00:00:00,25.29,47.9,1005.59,S3
2024-05-16 01:00:00,26.9,49.03,999.61,S3
2024-05-16 02:00:00,30.12,53.36,1013.01,S1
2024-05-16 03:00:00,30.1,46.39,1022.98,S2
2024-05-16 04:00:00,29.71,46.49,1000.57,S2
2024-05-16 05:00:00,22.76,54.96,1017.01,S1
2024-05-16 06:00:00,25.05,44.09,1010.58,S1
2024-05-16 07:00:00,25.12,54.58,1002.73,S3
2024-05-16 08:00:00,27.03,49.54,1008.78,S1
2024-05-16 09:00:00,23.43,45.59,1018.79,S3
2024-05-16 10:00:00,29.32,44.0,1022.4,S1
2024-05-16 11:00:00,23.13,48.54,1016.07,S2
2024-05-16 12:00:00,29.18,52.73,1012.63,S1
2024-05-16 13:00:00,28.85,49.39,1013.23,S2
2024-05-16 14:00:00,24.92,54.03,1005.68,S1
2024-05-16 15:00:00,29.63,53.88,1013.97,S3
2024-05-16 16:00:00,26.43,53.46,998.3,S1
2024-05-16 17:00:00,25.91,53.66,1011.81,S2
2024-05-16 18:00:00,26.24,46.75,1029.99,S2
2024-05-16 19:00:00,26.41,53.32,1008.61,S2
2024-05-16 20:00:00,26.59,60.06,1024.21,S1
2024-05-16 21:00:00,26.63,54.28,1019.71,S3
2024-05-16 22:00:00,25.29,47.45,1027.38,S3
2024-05-16 23:00:00,25.74,46.48,981.72,S3
2024-05-17 00:00:00,25.91,49.94,1014.77,S2
2024-05-17 01:00:00,30.4,53.22,1018.88,S2
2024-05-17 02:00:00,25.9,50.25,1020.98,S3
2024-05-17 03:00:00,25.77,43.81,1025.01,S3
2024-05-17 04:00:00,30.07,53.13,1019.96,S1
2024-05-17 05:00:00,26.39,54.02,1015.37,S1
2024-05-17 06:00:00,25.24,44.94,1003.41,S1
2024-05-17 07:00:00,24.81,54.12,993.97,S3
2024-05-17 08:00:00,24.17,49.92,1026.39,S3
2024-05-17 09:00:00,28.09,51.74,1006.93,S3
2024-05-17 10:00:00,23.4,51.82,1009.5,S2
2024-05-17 11:00:00,29.69,50.73,1022.06,S3
2024-05-17 12:00:00,26.81,47.28,1012.81,S1
2024-05-17 13:00:00,26.12,51.77,1001.43,S1
2024-05-17 14:00:00,26.53,49.5,995.93,S2
2024-05-17 15:00:00,27.91,50.9,1009.42,S1
2024-05-17 16:00:00,26.03,47.89,1013.96,S1
2024-05-17 17:00:00,26.59,51.22,1020.96,S2
2024-05-17 18:00:00,29.07,49.23,1011.75,S1
2024-05-17 19:00:00,27.65,44.22,1013.2,S2
2024-05-17 20:00:00,24.45,51.9,999.8,S1
2024-05-17 21:00:00,25.53,54.61,1023.41,S2
2024-05-17 22:00:00,23.38,51.26,1043.13,S2
2024-05-17 23:00:00,28.17,48.34,1026.01,S3
2024-05-18 00:00:00,28.38,51.23,1025.11,S2
2024-05-18 01:00:00,25.06,45.88,1016.45,S1
2024-05-18 02:00:00,31.53,53.19,1002.55,S3
2024-05-18 03:00:00,31.79,53.64,1004.38,S3
2024-05-18 04:00:00,26.96,49.03,1019.59,S3
2024-05-18 05:00:00,25.31,49.83,1021.91,S2
2024-05-18 06:00:00,27.45,44.14,1003.61,S2
2024-05-18 07:00:00,25.25,52.11,1017.55,S3
2024-05-18 08:00:00,28.79,48.07,1014.13,S2
2024-05-18 09:00:00,27.22,36.51,1017.95,S1
2024-05-18 10:00:00,27.36,49.77,1016.58,S1
2024-05-18 11:00:00,30.39,48.65,1017.09,S1
2024-05-18 12:00:00,25.63,44.14,993.55,S2
2024-05-18 13:00:00,25.71,54.05,1031.24,S1
2024-05-18 14:00:00,28.58,47.02,1027.15,S1
2024-05-18 15:00:00,26.01,45.52,1012.85,S2
2024-05-18 16:00:00,30.06,54.69,1001.2,S2
2024-05-18 17:00:00,28.85,51.18,1018.63,S1
2024-05-18 18:00:00,26.1,44.27,998.38,S3
2024-05-18 19:00:00,23.21,49.09,1029.77,S3
2024-05-18 20:00:00,23.92,45.22,1011.39,S2
2024-05-18 21:00:00,25.86,42.85,1007.04,S2
2024-05-18 22:00:00,27.63,42.48,1018.84,S2
2024-05-18 23:00:00,29.02,52.54,1008.3,S3
2024-05-19 00:00:00,26.37,45.14,1010.2,S1
2024-05-19 01:00:00,25.02,44.19,1005.06,S3
2024-05-19 02:00:00,26.52,47.97,1019.25,S2
2024-05-19 03:00:00,26.83,61.93,1016.08,S3
2024-05-19 04:00:00,29.4,51.42,1023.5,S2
2024-05-19 05:00:00,29.28,53.18,996.75,S1
2024-05-19 06:00:00,24.77,44.33,1000.83,S2
2024-05-19 07:00:00,27.68,51.2,1007.82,S1
2024-05-19 08:00:00,25.06,49.03,1024.11,S1
2024-05-19 09:00:00,25.11,45.53,998.75,S3
2024-05-19 10:00:00,28.83,47.95,1004.5,S2
2024-05-19 11:00:00,26.35,45.82,1027.2,S3
2024-05-19 12:00:00,28.02,49.68,1018.3,S2
2024-05-19 13:00:00,27.81,47.93,1023.8,S2
2024-05-19 14:00:00,26.57,45.81,1012.09,S2
2024-05-19 15:00:00,27.39,47.77,1030.68,S3
2024-05-19 16:00:00,27.13,53.33,998.49,S3
2024-05-19 17:00:00,24.42,43.2,1010.86,S2
2024-05-19 18:00:00,27.69,46.23,1010.03,S3
2024-05-19 19:00:00,25.3,50.59,1010.16,S2
2024-05-19 20:00:00,24.56,45.93,1000.44,S3
2024-05-19 21:00:00,28.41,55.19,1018.54,S3
2024-05-19 22:00:00,25.51,54.64,1000.75,S1
2024-05-19 23:00:00,28.91,54.89,999.68,S3
2024-05-20 00:00:00,28.88,52.12,987.07,S2
2024-05-20 01:00:00,25.72,53.72,1005.58,S3
2024-05-20 02:00:00,28.81,48.94,1014.47,S3
2024-05-20 03:00:00,25.89,45.99,1015.88,S2
2024-05-20 04:00:00,26.52,46.27,1010.76,S3
2024-05-20 05:00:00,27.64,41.05,1006.3,S1
2024-05-20 06:00:00,30.73,47.05,1008.94,S1
2024-05-20 07:00:00,28.52,47.34,1006.25,S1
2024-05-20 08:00:00,26.52,47.93,1033.54,S1
2024-05-20 09:00:00,26.84,61.39,1000.72,S2
2024-05-20 10:00:00,23.46,45.14,1005.25,S2
2024-05-20 11:00:00,28.63,47.66,1013.0,S1
2024-05-20 12:00:00,28.41,59.53,1002.04,S2
2024-05-20 13:00:00,27.18,45.31,1013.46,S3
2024-05-20 14:00:00,28.04,43.59,996.62,S3
2024-05-20 15:00:00,22.55,47.78,1014.24,S3
2024-05-20 16:00:00,24.43,45.27,1008.56,S1
2024-05-20 17:00:00,30.19,54.18,1005.55,S1
2024-05-20 18:00:00,26.07,49.46,1010.08,S2
2024-05-20 19:00:00,28.09,43.23,1007.59,S2
2024-05-20 20:00:00,25.08,50.29,1008.97,S2
2024-05-20 21:00:00,25.68,49.66,1020.67,S1
2024-05-20 22:00:00,30.27,41.82,1030.99,S2
2024-05-20 23:00:00,26.24,50.9,985.96,S3
2024-05-21 00:00:00,27.6,51.16,1010.68,S3
2024-05-21 01:00:00,26.81,41.93,1000.17,S3
2024-05-21 02:00:00,27.03,42.59,1009.59,S1
2024-05-21 03:00:00,26.96,46.9,1017.03,S2
2024-05-21 04:00:00,22.57,45.53,1036.87,S2
2024-05-21 05:00:00,27.48,51.61,1009.78,S1
2024-05-21 06:00:00,25.44,46.46,1014.3,S1
2024-05-21 07:00:00,30.07,47.74,1003.86,S3
2024-05-21 08:00:00,24.96,43.32,1003.34,S1
2024-05-21 09:00:00,25.56,53.35,1002.86,S3
2024-05-21 10:00:00,31.39,44.8,1005.82,S3
2024-05-21 11:00:00,27.94,43.43,1008.25,S2
2024-05-21 12:00:00,24.52,48.84,1027.22,S3
2024-05-21 13:00:00,26.83,53.94,1009.54,S2
2024-05-21 14:00:00,24.03,50.83,1018.55,S3
2024-05-21 15:00:00,26.99,45.74,1015.94,S2
2024-05-21 16:00:00,24.86,46.53,1022.52,S1
2024-05-21 17:00:00,30.19,41.8,993.98,S2
2024-05-21 18:00:00,27.3,58.17,1016.43,S1
2024-05-21 19:00:00,27.5,56.29,1015.3,S2
2024-05-21 20:00:00,28.34,49.97,1012.0,S1
2024-05-21 21:00:00,28.56,48.46,1023.76,S1
2024-05-21 22:00:00,25.05,42.88,1011.79,S1
2024-05-21 23:00:00,26.62,47.78,1021.79,S3
2024-05-22 00:00:00,25.53,52.96,1014.7,S1
2024-05-22 01:00:00,30.6,52.14,1015.47,S2
2024-05-22 02:00:00,21.84,46.23,1016.16,S1
2024-05-22 03:00:00,25.25,52.48,1011.01,S1
2024-05-22 04:00:00,26.24,54.26,1028.64,S2
2024-05-22 05:00:00,26.67,48.64,1023.76,S1
2024-05-22 06:00:00,26.62,53.37,1012.4,S2
2024-05-22 07:00:00,26.29,56.7,1014.71,S1
2024-05-22 08:00:00,26.05,58.02,1017.81,S2
2024-05-22 09:00:00,26.85,45.44,1021.1,S2
2024-05-22 10:00:00,27.29,50.65,1029.13,S1
2024-05-22 11:00:00,29.94,51.94,1022.07,S1
2024-05-22 12:00:00,29.92,48.32,1011.26,S1
2024-05-22 13:00:00,26.95,54.63,1004.82,S1
2024-05-22 14:00:00,25.35,48.68,1022.92,S1
2024-05-22 15:00:00,25.49,47.63,1015.89,S1
2024-05-22 16:00:00,23.7,41.82,1003.17,S3
2024-05-22 17:00:00,28.23,39.93,1021.53,S1
2024-05-22 18:00:00,26.23,46.63,1028.16,S3
2024-05-22 19:00:00,27.19,33.87,1013.07,S3
2024-05-22 20:00:00,26.98,54.59,1028.67,S3
2024-05-22 21:00:00,24.91,52.8,1020.66,S1
2024-05-22 22:00:00,24.66,51.8,1001.41,S2
2024-05-22 23:00:00,25.39,53.91,1017.23,S2
2024-05-23 00:00:00,27.26,46.96,995.29,S2
2024-05-23 01:00:00,26.12,49.44,1016.54,S1
2024-05-23 02:00:00,22.75,46.47,1002.75,S2
2024-05-23 03:00:00,24.22,53.86,1014.92,S2
2024-05-23 04:00:00,25.73,35.55,1019.78,S1
2024-05-23 05:00:00,26.2,53.85,1007.12,S1
2024-05-23 06:00:00,27.29,39.19,1029.9,S3
2024-05-23 07:00:00,26.33,47.26,1003.79,S1
2024-05-23 08:00:00,25.52,43.03,991.61,S2
2024-05-23 09:00:00,25.44,47.59,1012.71,S1
2024-05-23 10:00:00,26.63,45.5,1026.65,S1
2024-05-23 11:00:00,27.06,46.34,1012.79,S2
2024-05-23 12:00:00,25.56,50.99,1007.07,S2
2024-05-23 13:00:00,24.06,49.37,996.51,S1
2024-05-23 14:00:00,26.01,53.24,1007.29,S1
2024-05-23 15:00:00,24.9,50.33,1001.58,S1
2024-05-23 16:00:00,26.77,40.28,1015.44,S2
2024-05-23 17:00:00,29.15,59.98,1016.28,S3
2024-05-23 18:00:00,23.48,38.29,1003.51,S1
2024-05-23 19:00:00,28.48,49.78,1009.74,S1
2024-05-23 20:00:00,27.11,51.88,1027.46,S1
2024-05-23 21:00:00,28.38,49.66,1008.74,S3
2024-05-23 22:00:00,25.29,47.19,1008.49,S1
2024-05-23 23:00:00,23.27,55.61,1014.87,S3
2024-05-24 00:00:00,26.51,53.79,998.9,S1
2024-05-24 01:00:00,28.95,48.06,1022.5,S2
2024-05-24 02:00:00,24.02,45.92,1008.87,S3
2024-05-24 03:00:00,24.32,44.07,1001.42,S2
2024-05-24 04:00:00,27.3,44.46,1018.37,S1
2024-05-24 05:00:00,25.1,47.84,1008.12,S2
2024-05-24 06:00:00,29.45,39.86,1004.24,S3
2024-05-24 07:00:00,27.42,48.1,1013.73,S1
2024-05-24 08:00:00,24.67,52.14,1023.52,S2
2024-05-24 09:00:00,24.97,45.3,1008.89,S3
2024-05-24 10:00:00,25.05,48.0,1003.35,S3
2024-05-24 11:00:00,26.0,49.64,990.54,S3
2024-05-24 12:00:00,26.69,50.52,998.5,S2
2024-05-24 13:00:00,26.54,47.09,1008.18,S3
2024-05-24 14:00:00,23.82,56.89,999.93,S1
2024-05-24 15:00:00,27.87,48.09,1006.01,S1
2024-05-24 16:00:00,25.48,41.42,1032.28,S3
2024-05-24 17:00:00,24.2,46.14,1025.31,S3
2024-05-24 18:00:00,25.12,54.55,1004.82,S1
2024-05-24 19:00:00,28.07,54.15,1014.38,S1
2024-05-24 20:00:00,26.42,39.45,1002.19,S3
2024-05-24 21:00:00,26.59,46.55,1028.62,S1
2024-05-24 22:00:00,23.69,45.39,1013.71,S3
2024-05-24 23:00:00,26.29,51.92,1023.5,S2
2024-05-25 00:00:00,28.01,42.33,1005.13,S3
2024-05-25 01:00:00,22.4,55.81,1029.01,S3
2024-05-25 02:00:00,25.23,40.66,1008.6,S2
2024-05-25 03:00:00,27.25,47.3,995.34,S3
2024-05-25 04:00:00,26.31,41.97,1011.26,S3
2024-05-25 05:00:00,23.95,51.27,1006.13,S2
2024-05-25 06:00:00,26.78,37.69,1023.05,S1
2024-05-25 07:00:00,23.64,47.12,1006.8,S1
2024-05-25 08:00:00,24.24,47.01,1018.38,S1
2024-05-25 09:00:00,24.44,43.48,1006.18,S1
2024-05-25 10:00:00,29.05,54.05,1004.54,S1
2024-05-25 11:00:00,22.61,56.47,1013.01,S2
2024-05-25 12:00:00,22.76,45.93,1018.32,S2
2024-05-25 13:00:00,26.51,48.58,997.4,S3
2024-05-25 14:00:00,26.15,44.84,1022.23,S1
2024-05-25 15:00:00,24.99,41.61,1022.37,S2
2024-05-25 16:00:00,25.95,42.33,1009.95,S2
2024-05-25 17:00:00,23.79,42.45,1011.1,S1
2024-05-25 18:00:00,26.1,54.15,986.51,S2
2024-05-25 19:00:00,26.33,50.05,1031.03,S3
2024-05-25 20:00:00,28.33,43.12,1009.78,S3
2024-05-25 21:00:00,29.71,43.56,1023.84,S1
2024-05-25 22:00:00,25.35,42.89,1006.95,S1
2024-05-25 23:00:00,23.34,38.48,1013.03,S1
2024-05-26 00:00:00,26.65,50.46,1018.23,S3
2024-05-26 01:00:00,25.6,47.22,1008.41,S2
2024-05-26 02:00:00,25.51,56.4,997.35,S3
2024-05-26 03:00:00,22.64,37.43,1011.74,S1
2024-05-26 04:00:00,26.05,52.08,998.86,S2
2024-05-26 05:00:00,26.69,52.52,1004.37,S3
2024-05-26 06:00:00,27.83,53.17,1006.7,S1
2024-05-26 07:00:00,24.83,49.05,1013.79,S1
2024-05-26 08:00:00,24.18,52.43,1006.57,S2
2024-05-26 09:00:00,24.8,49.34,1000.81,S3
2024-05-26 10:00:00,27.69,44.06,1014.88,S2
2024-05-26 11:00:00,28.59,45.79,1019.52,S2
2024-05-26 12:00:00,28.05,45.65,999.14,S3
2024-05-26 13:00:00,27.1,53.6,1013.19,S3
2024-05-26 14:00:00,25.73,54.17,1020.52,S3
2024-05-26 15:00:00,26.04,51.84,1014.01,S2
2024-05-26 16:00:00,26.32,48.07,1000.9,S2
2024-05-26 17:00:00,25.27,37.47,1015.39,S3
2024-05-26 18:00:00,27.55,51.87,1013.0,S3
2024-05-26 19:00:00,22.46,51.65,1014.52,S2
2024-05-26 20:00:00,22.83,49.16,1013.38,S3
2024-05-26 21:00:00,22.45,50.13,992.81,S1
2024-05-26 22:00:00,24.15,43.67,1011.26,S3
2024-05-26 23:00:00,28.44,46.0,1022.5,S1
2024-05-27 00:00:00,23.36,43.61,1027.37,S1
2024-05-27 01:00:00,23.43,46.93,1022.94,S2
2024-05-27 02:00:00,24.08,52.09,1013.26,S2
2024-05-27 03:00:00,27.94,49.89,1019.92,S2
2024-05-27 04:00:00,28.58,42.47,1018.43,S3
2024-05-27 05:00:00,27.74,56.84,1010.68,S2
2024-05-27 06:00:00,27.86,48.54,1024.49,S3
2024-05-27 07:00:00,29.0,44.3,1006.53,S2
2024-05-27 08:00:00,22.1,46.16,1011.92,S1
2024-05-27 09:00:00,23.23,44.89,1022.02,S2
2024-05-27 10:00:00,24.28,48.78,1003.83,S1
2024-05-27 11:00:00,25.88,41.03,999.64,S3
2024-05-27 12:00:00,25.87,49.11,1003.3,S2
2024-05-27 13:00:00,25.89,51.84,1017.44,S2
2024-05-27 14:00:00,27.32,50.93,1035.34,S1
2024-05-27 15:00:00,21.81,48.95,1024.98,S2
2024-05-27 16:00:00,25.36,50.5,1020.83,S3
2024-05-27 17:00:00,26.17,49.57,1028.66,S1
2024-05-27 18:00:00,24.98,52.84,1015.89,S3
2024-05-27 19:00:00,26.0,46.4,1006.82,S3
2024-05-27 20:00:00,27.66,43.02,1012.39,S1
2024-05-27 21:00:00,25.74,49.41,1010.32,S3
2024-05-27 22:00:00,29.88,53.0,1003.37,S2
2024-05-27 23:00:00,27.5,45.62,1010.92,S3
2024-05-28 00:00:00,26.13,55.56,997.4,S2
2024-05-28 01:00:00,26.6,49.47,1009.77,S1
2024-05-28 02:00:00,27.07,52.2,1012.02,S2
2024-05-28 03:00:00,28.95,41.74,1011.27,S3
2024-05-28 04:00:00,27.92,51.5,1029.83,S2
2024-05-28 05:00:00,26.59,49.88,1015.0,S3
2024-05-28 06:00:00,24.1,58.09,1030.65,S2
2024-05-28 07:00:00,26.38,50.11,999.28,S1
2024-05-28 08:00:00,26.71,50.79,1021.76,S1
2024-05-28 09:00:00,27.1,43.41,1015.14,S2
2024-05-28 10:00:00,24.07,49.1,1012.03,S1
2024-05-28 11:00:00,27.01,53.23,999.74,S2
2024-05-28 12:00:00,27.13,45.76,1016.4,S3
2024-05-28 13:00:00,23.1,43.93,1035.74,S2
2024-05-28 14:00:00,23.11,57.53,1017.41,S3
2024-05-28 15:00:00,27.74,46.09,1012.54,S2
2024-05-28 16:00:00,23.79,52.0,1014.49,S3
2024-05-28 17:00:00,28.57,45.08,1018.9,S1
2024-05-28 18:00:00,24.93,45.27,1028.63,S2
2024-05-28 19:00:00,26.25,46.84,1009.3,S1
2024-05-28 20:00:00,26.15,50.31,1014.85,S1
2024-05-28 21:00:00,24.04,53.28,1013.05,S3
2024-05-28 22:00:00,28.25,44.63,1008.44,S1
2024-05-28 23:00:00,24.9,53.03,1014.96,S3
2024-05-29 00:00:00,25.57,48.12,1028.31,S1
2024-05-29 01:00:00,21.48,46.54,1006.48,S1
2024-05-29 02:00:00,22.77,50.21,1016.68,S2
2024-05-29 03:00:00,27.69,54.55,1017.03,S2
2024-05-29 04:00:00,25.42,49.98,1012.9,S3
2024-05-29 05:00:00,24.25,43.76,1017.3,S1
2024-05-29 06:00:00,24.28,48.12,1016.87,S1
2024-05-29 07:00:00,26.51,50.2,1003.86,S2
2024-05-29 08:00:00,27.92,44.41,1012.4,S3
2024-05-29 09:00:00,24.27,48.78,1012.85,S2
2024-05-29 10:00:00,27.58,43.78,1002.51,S1
2024-05-29 11:00:00,25.07,50.53,1013.59,S3
2024-05-29 12:00:00,26.38,54.68,1012.72,S1
2024-05-29 13:00:00,21.82,46.95,1033.23,S2
2024-05-29 14:00:00,22.16,51.07,1004.75,S3
2024-05-29 15:00:00,27.0,52.46,1023.0,S2
2024-05-29 16:00:00,25.91,45.19,1017.73,S1
2024-05-29 17:00:00,26.16,49.44,1023.33,S1
2024-05-29 18:00:00,23.19,53.01,1004.99,S2
2024-05-29 19:00:00,24.49,55.5,994.17,S1
2024-05-29 20:00:00,21.99,45.92,1011.93,S2
2024-05-29 21:00:00,23.63,41.67,1020.71,S2
2024-05-29 22:00:00,25.27,50.22,1009.78,S3
2024-05-29 23:00:00,25.97,48.44,1011.53,S1
2024-05-30 00:00:00,23.88,47.44,1032.75,S1
2024-05-30 01:00:00,26.41,44.68,1005.72,S2
2024-05-30 02:00:00,25.22,51.7,1022.25,S3
2024-05-30 03:00:00,24.84,44.33,1003.19,S2
2024-05-30 04:00:00,25.45,43.89,1024.5,S1
2024-05-30 05:00:00,29.48,46.6,1012.3,S3
2024-05-30 06:00:00,24.95,51.9,1017.88,S3
2024-05-30 07:00:00,27.17,40.47,1006.57,S2
2024-05-30 08:00:00,26.35,42.17,1013.94,S2
2024-05-30 09:00:00,24.76,43.14,1014.69,S3
2024-05-30 10:00:00,22.15,57.15,998.86,S1
2024-05-30 11:00:00,23.99,48.64,1008.07,S1
2024-05-30 12:00:00,25.39,42.0,1015.67,S3
2024-05-30 13:00:00,25.02,46.56,1005.46,S2
2024-05-30 14:00:00,27.82,51.07,1014.75,S2
2024-05-30 15:00:00,23.75,57.2,1011.15,S1
2024-05-30 16:00:00,24.92,39.5,1018.94,S1
2024-05-30 17:00:00,26.28,41.82,1011.32,S3
2024-05-30 18:00:00,24.64,45.49,1036.81,S1
2024-05-30 19:00:00,27.14,45.66,993.31,S1
2024-05-30 20:00:00,23.01,45.58,1005.07,S2
2024-05-30 21:00:00,22.14,46.61,1019.78,S2
2024-05-30 22:00:00,24.6,57.31,1014.86,S1
2024-05-30 23:00:00,25.02,40.83,1017.36,S2
2024-05-31 00:00:00,25.6,47.95,980.93,S2
2024-05-31 01:00:00,25.43,49.95,1011.18,S2
2024-05-31 02:00:00,24.33,39.88,1013.06,S1
2024-05-31 03:00:00,22.13,54.31,1019.08,S2
2024-05-31 04:00:00,24.9,46.35,1016.56,S1
2024-05-31 05:00:00,23.05,41.71,1013.13,S1
2024-05-31 06:00:00,25.26,54.85,1011.98,S3
2024-05-31 07:00:00,22.9,50.52,1000.4,S3
2024-05-31 08:00:00,25.87,44.39,1016.45,S3
2024-05-31 09:00:00,28.44,50.73,1011.77,S1
2024-05-31 10:00:00,23.65,49.04,1008.68,S3
2024-05-31 11:00:00,22.56,39.41,1012.87,S2
2024-05-31 12:00:00,27.38,39.89,1009.4,S3
2024-05-31 13:00:00,28.61,48.76,998.53,S1
2024-05-31 14:00:00,22.58,38.22,1019.57,S2
2024-05-31 15:00:00,24.89,52.1,1031.72,S2
2024-05-31 16:00:00,26.04,40.16,1015.77,S2
2024-05-31 17:00:00,24.54,51.66,1015.95,S3
2024-05-31 18:00:00,21.55,54.17,1028.0,S3
2024-05-31 19:00:00,22.3,49.5,1032.03,S3
2024-05-31 20:00:00,22.5,28.6,1011.24,S3
2024-05-31 21:00:00,22.95,52.64,1005.78,S2
2024-05-31 22:00:00,25.2,44.85,1017.36,S1
2024-05-31 23:00:00,27.21,46.74,1014.58,S3
2024-06-01 00:00:00,22.3,43.3,1022.66,S1
2024-06-01 01:00:00,23.43,55.43,1013.04,S2
2024-06-01 02:00:00,22.78,47.9,1013.77,S1
2024-06-01 03:00:00,25.57,44.97,1003.4,S1
2024-06-01 04:00:00,23.34,53.7,1023.21,S3
2024-06-01 05:00:00,22.96,51.39,1006.65,S3
2024-06-01 06:00:00,21.78,41.33,1001.07,S2
2024-06-01 07:00:00,27.69,48.65,986.47,S3
2024-06-01 08:00:00,29.34,48.08,1011.99,S1
2024-06-01 09:00:00,25.12,39.61,1005.9,S1
2024-06-01 10:00:00,27.92,51.1,1010.66,S1
2024-06-01 11:00:00,23.81,46.82,1008.11,S1
2024-06-01 12:00:00,24.94,57.71,1009.35,S3
2024-06-01 13:00:00,26.23,54.0,1004.77,S2
2024-06-01 14:00:00,23.42,48.06,1005.52,S3
2024-06-01 15:00:00,24.6,46.5,1003.51,S1
2024-06-01 16:00:00,24.35,36.71,1011.03,S2
2024-06-01 17:00:00,25.78,51.14,1001.55,S2
2024-06-01 18:00:00,25.02,46.58,1025.58,S1
2024-06-01 19:00:00,23.44,44.58,1012.91,S1
2024-06-01 20:00:00,24.29,47.02,997.65,S3
2024-06-01 21:00:00,27.11,54.67,1015.2,S2
2024-06-01 22:00:00,25.97,53.73,1004.02,S2
2024-06-01 23:00:00,25.79,53.71,1023.45,S3
2024-06-02 00:00:00,29.37,41.7,1006.87,S1
2024-06-02 01:00:00,22.59,54.79,1026.93,S2
2024-06-02 02:00:00,26.27,44.43,1023.0,S3
2024-06-02 03:00:00,24.95,50.61,1049.4,S2
2024-06-02 04:00:00,25.53,50.01,1013.97,S3
2024-06-02 05:00:00,25.2,46.16,1019.9,S2
2024-06-02 06:00:00,23.42,47.93,1013.13,S1
2024-06-02 07:00:00,22.75,38.64,1013.85,S1
2024-06-02 08:00:00,24.81,47.15,1025.33,S2
2024-06-02 09:00:00,23.24,45.67,1020.73,S2
2024-06-02 10:00:00,24.06,57.82,1012.08,S2
2024-06-02 11:00:00,26.39,46.98,1026.21,S3
2024-06-02 12:00:00,22.33,43.26,1023.01,S1
2024-06-02 13:00:00,24.4,47.4,1028.57,S3
2024-06-02 14:00:00,26.88,43.46,1025.2,S1
2024-06-02 15:00:00,23.75,39.72,1009.47,S1
2024-06-02 16:00:00,27.7,48.87,1008.39,S3
2024-06-02 17:00:00,21.65,46.84,1008.75,S1
2024-06-02 18:00:00,28.39,51.77,1020.81,S1
2024-06-02 19:00:00,24.78,54.07,1026.43,S2
2024-06-02 20:00:00,22.08,56.24,1023.58,S3
2024-06-02 21:00:00,26.4,47.93,998.72,S3
2024-06-02 22:00:00,25.59,50.24,1005.85,S1
2024-06-02 23:00:00,27.48,48.18,1019.83,S3
2024-06-03 00:00:00,21.64,35.17,1025.29,S1
2024-06-03 01:00:00,22.51,52.94,1016.08,S1
2024-06-03 02:00:00,26.24,49.49,1028.28,S3
2024-06-03 03:00:00,29.79,49.55,994.09,S1
2024-06-03 04:00:00,25.84,44.19,1010.91,S2
2024-06-03 05:00:00,26.14,43.53,1027.17,S3
2024-06-03 06:00:00,23.15,46.4,1016.39,S3
2024-06-03 07:00:00,24.3,49.52,1004.95,S1
2024-06-03 08:00:00,23.42,36.97,1020.9,S3
2024-06-03 09:00:00,25.66,47.73,1014.37,S3
2024-06-03 10:00:00,26.51,55.16,1008.38,S2
2024-06-03 11:00:00,25.01,46.06,997.28,S2
2024-06-03 12:00:00,26.23,36.81,1019.96,S3
2024-06-03 13:00:00,24.57,45.76,1002.13,S1
2024-06-03 14:00:00,27.27,48.17,1034.42,S2
2024-06-03 15:00:00,22.89,48.57,995.18,S2
2024-06-03 16:00:00,27.44,47.46,1013.55,S2
2024-06-03 17:00:00,23.17,56.37,1020.52,S1
2024-06-03 18:00:00,24.63,47.38,1002.83,S3
2024-06-03 19:00:00,22.2,47.63,1005.9,S3
2024-06-03 20:00:00,25.6,43.82,1021.5,S2
2024-06-03 21:00:00,24.84,51.39,1003.49,S3
2024-06-03 22:00:00,26.05,55.14,1032.21,S2
2024-06-03 23:00:00,21.1,43.51,1013.56,S2
2024-06-04 00:00:00,24.83,46.11,1008.8,S1
2024-06-04 01:00:00,25.36,35.02,1029.22,S1
2024-06-04 02:00:00,22.57,42.46,1002.41,S2
2024-06-04 03:00:00,25.61,56.48,1030.3,S1
2024-06-04 04:00:00,19.94,45.14,1003.18,S1
2024-06-04 05:00:00,24.27,47.76,1025.59,S1
2024-06-04 06:00:00,27.35,42.98,1031.64,S3
2024-06-04 07:00:00,24.24,48.85,1011.96,S3
2024-06-04 08:00:00,23.07,45.74,1011.93,S1
2024-06-04 09:00:00,24.37,48.66,1010.15,S3
2024-06-04 10:00:00,24.69,47.12,1005.18,S2
2024-06-04 11:00:00,26.28,53.81,1013.85,S2
2024-06-04 12:00:00,24.74,47.43,1022.07,S1
2024-06-04 13:00:00,26.0,42.41,1018.88,S1
2024-06-04 14:00:00,24.65,43.4,1018.09,S3
2024-06-04 15:00:00,22.96,37.23,1005.66,S1
2024-06-04 16:00:00,21.65,47.2,1002.22,S1
2024-06-04 17:00:00,25.19,46.25,1030.68,S2
2024-06-04 18:00:00,19.5,54.13,999.65,S2
2024-06-04 19:00:00,20.91,40.69,1011.48,S3
2024-06-04 20:00:00,21.63,43.06,1020.52,S3
2024-06-04 21:00:00,25.85,43.11,1028.21,S3
2024-06-04 22:00:00,21.44,45.28,1013.21,S1
2024-06-04 23:00:00,25.35,40.23,1015.74,S1
2024-06-05 00:00:00,22.34,45.14,1008.27,S1
2024-06-05 01:00:00,24.11,46.62,1030.31,S1
2024-06-05 02:00:00,24.27,46.77,1026.72,S2
2024-06-05 03:00:00,24.06,52.89,1003.0,S3
2024-06-05 04:00:00,23.09,46.37,1019.56,S3
2024-06-05 05:00:00,21.24,46.24,1011.84,S2
2024-06-05 06:00:00,24.42,52.23,1016.12,S2
2024-06-05 07:00:00,25.48,46.49,1004.99,S1
2024-06-05 08:00:00,25.71,40.42,993.46,S3
2024-06-05 09:00:00,24.51,41.1,1001.91,S3
2024-06-05 10:00:00,24.86,41.15,1007.44,S2
2024-06-05 11:00:00,22.79,40.39,1008.01,S3
2024-06-05 12:00:00,25.23,56.47,989.57,S2
2024-06-05 13:00:00,25.15,41.11,1016.11,S3
2024-06-05 14:00:00,23.72,46.26,998.91,S2
2024-06-05 15:00:00,24.4,46.74,1012.61,S1
2024-06-05 16:00:00,24.25,45.57,1001.16,S3
2024-06-05 17:00:00,25.21,42.56,995.11,S1
2024-06-05 18:00:00,21.2,48.73,1012.5,S2
2024-06-05 19:00:00,21.16,38.83,1010.99,S3
2024-06-05 20:00:00,21.25,41.11,1013.95,S3
2024-06-05 21:00:00,23.38,52.05,1028.96,S1
2024-06-05 22:00:00,25.17,40.94,1020.1,S1
2024-06-05 23:00:00,19.76,52.91,1032.71,S2
2024-06-06 00:00:00,24.44,53.34,1009.93,S1
2024-06-06 01:00:00,26.63,53.43,1005.78,S3
2024-06-06 02:00:00,24.78,50.63,1017.59,S3
2024-06-06 03:00:00,20.19,39.51,1031.58,S3
2024-06-06 04:00:00,25.27,38.71,1001.81,S3
2024-06-06 05:00:00,24.7,40.8,1027.0,S1
2024-06-06 06:00:00,23.53,41.63,1017.75,S1
2024-06-06 07:00:00,24.57,39.89,1008.59,S2
2024-06-06 08:00:00,21.41,42.97,1028.03,S1
2024-06-06 09:00:00,24.29,50.23,1001.0,S2
2024-06-06 10:00:00,25.14,49.63,1019.68,S1
2024-06-06 11:00:00,22.79,47.85,1011.14,S1
2024-06-06 12:00:00,23.23,45.29,1024.17,S3
2024-06-06 13:00:00,23.03,46.02,1016.35,S1
2024-06-06 14:00:00,23.21,47.86,1023.97,S2
2024-06-06 15:00:00,22.49,43.99,1013.48,S3
2024-06-06 16:00:00,22.6,51.24,1008.65,S1
2024-06-06 17:00:00,25.17,39.77,1012.19,S3
2024-06-06 18:00:00,20.65,42.46,1014.83,S3
2024-06-06 19:00:00,24.49,41.71,1016.52,S3
2024-06-06 20:00:00,25.15,48.62,1019.82,S2
2024-06-06 21:00:00,21.41,40.33,1013.17,S2
2024-06-06 22:00:00,23.95,41.74,1019.8,S1
2024-06-06 23:00:00,22.27,48.44,1035.19,S3
2024-06-07 00:00:00,26.37,41.97,1005.76,S1
2024-06-07 01:00:00,23.68,50.5,1023.05,S2
2024-06-07 02:00:00,27.03,50.38,1006.19,S3
2024-06-07 03:00:00,26.72,43.61,1003.57,S2
2024-06-07 04:00:00,24.68,46.93,1027.36,S3
2024-06-07 05:00:00,28.35,56.59,1003.99,S3
2024-06-07 06:00:00,20.91,50.65,1012.75,S3
2024-06-07 07:00:00,26.94,48.75,1005.0,S1
2024-06-07 08:00:00,23.5,54.04,1037.18,S2
2024-06-07 09:00:00,23.78,41.46,1012.72,S2
2024-06-07 10:00:00,23.11,52.55,1001.99,S2
2024-06-07 11:00:00,21.12,48.04,1004.32,S3
2024-06-07 12:00:00,25.15,53.55,1034.22,S1
2024-06-07 13:00:00,21.53,43.65,1010.86,S1
2024-06-07 14:00:00,22.82,53.22,1012.18,S1
2024-06-07 15:00:00,22.9,37.54,1027.84,S1
2024-06-07 16:00:00,25.98,44.37,1025.74,S3
2024-06-07 17:00:00,23.83,47.6,1004.22,S3
2024-06-07 18:00:00,19.09,49.52,1005.05,S1
2024-06-07 19:00:00,22.17,35.77,1007.47,S1
2024-06-07 20:00:00,20.84,40.0,1009.73,S2
2024-06-07 21:00:00,24.96,40.81,1021.32,S3
2024-06-07 22:00:00,21.58,41.54,1012.13,S1
2024-06-07 23:00:00,22.73,42.46,1009.94,S3
2024-06-08 00:00:00,27.44,47.03,1013.05,S2
2024-06-08 01:00:00,25.2,53.59,1007.35,S1
2024-06-08 02:00:00,21.59,44.33,1028.56,S3
2024-06-08 03:00:00,25.57,53.93,1006.03,S3
2024-06-08 04:00:00,22.47,46.62,1013.27,S3
2024-06-08 05:00:00,25.55,45.12,1019.17,S3
2024-06-08 06:00:00,23.07,51.41,1019.75,S3
2024-06-08 07:00:00,21.97,45.4,1009.11,S3
2024-06-08 08:00:00,21.78,42.27,1023.96,S2
2024-06-08 09:00:00,24.45,52.8,1034.43,S3
2024-06-08 10:00:00,25.7,45.98,1031.02,S2
2024-06-08 11:00:00,24.61,55.12,988.2,S2
2024-06-08 12:00:00,22.99,44.39,1012.17,S3
2024-06-08 13:00:00,20.26,39.5,1006.38,S1
2024-06-08 14:00:00,22.56,42.3,1018.56,S3
2024-06-08 15:00:00,21.33,42.79,1023.52,S2
2024-06-08 16:00:00,26.57,45.67,1001.51,S3
2024-06-08 17:00:00,23.03,42.17,1021.68,S3
2024-06-08 18:00:00,24.42,39.87,1012.74,S3
2024-06-08 19:00:00,23.12,44.52,1010.38,S2
2024-06-08 20:00:00,24.66,46.58,1018.29,S2
2024-06-08 21:00:00,25.23,48.18,1011.55,S2
2024-06-08 22:00:00,28.45,46.04,1024.33,S1
2024-06-08 23:00:00,22.87,52.95,1009.06,S1
2024-06-09 00:00:00,25.86,46.42,1026.33,S1
2024-06-09 01:00:00,24.33,35.19,1012.79,S1
2024-06-09 02:00:00,22.61,47.36,989.23,S3
2024-06-09 03:00:00,22.74,46.14,1004.97,S1
2024-06-09 04:00:00,24.69,49.77,1011.95,S1
2024-06-09 05:00:00,23.15,40.49,1016.7,S1
2024-06-09 06:00:00,23.95,51.39,1012.01,S3
2024-06-09 07:00:00,25.06,47.42,1006.03,S1
2024-06-09 08:00:00,28.71,46.76,1030.81,S1
2024-06-09 09:00:00,23.78,50.77,1027.04,S1
2024-06-09 10:00:00,21.45,51.87,1000.93,S2
2024-06-09 11:00:00,24.5,51.38,1004.58,S1
2024-06-09 12:00:00,22.73,34.34,1016.19,S1
2024-06-09 13:00:00,27.48,38.95,1011.48,S1
2024-06-09 14:00:00,22.69,43.86,985.63,S3
2024-06-09 15:00:00,23.71,40.11,1005.81,S1
2024-06-09 16:00:00,24.92,42.57,1020.33,S1
2024-06-09 17:00:00,24.65,45.79,1014.12,S2
2024-06-09 18:00:00,26.44,43.69,1003.69,S2
2024-06-09 19:00:00,24.99,45.91,1007.41,S3
2024-06-09 20:00:00,28.33,52.83,1010.77,S3
2024-06-09 21:00:00,24.54,54.93,1038.61,S1
2024-06-09 22:00:00,26.23,47.89,1013.36,S2
2024-06-09 23:00:00,22.69,52.69,1005.77,S3
2024-06-10 00:00:00,27.57,44.02,1031.03,S3
2024-06-10 01:00:00,22.92,42.89,1018.8,S2
2024-06-10 02:00:00,26.58,45.63,1004.95,S1
2024-06-10 03:00:00,25.38,44.44,1013.19,S2
2024-06-10 04:00:00,23.72,49.38,1011.08,S1
2024-06-10 05:00:00,26.58,46.07,1018.49,S1
2024-06-10 06:00:00,23.55,53.54,1000.43,S2
2024-06-10 07:00:00,26.31,46.59,1001.08,S1
2024-06-10 08:00:00,24.32,42.45,1010.43,S3
2024-06-10 09:00:00,22.8,43.62,1004.2,S2
2024-06-10 10:00:00,24.19,43.01,1023.17,S3
2024-06-10 11:00:00,23.61,49.63,1002.72,S1
2024-06-10 12:00:00,22.65,45.44,1037.07,S1
2024-06-10 13:00:00,24.0,46.56,1011.48,S2
2024-06-10 14:00:00,24.33,48.05,1014.32,S2
2024-06-10 15:00:00,18.61,48.65,1016.51,S1
2024-06-10 16:00:00,24.51,51.24,1012.27,S2
2024-06-10 17:00:00,24.99,47.63,1024.8,S1
2024-06-10 18:00:00,26.4,41.15,1014.46,S3
2024-06-10 19:00:00,21.02,43.51,1007.79,S2
2024-06-10 20:00:00,21.45,43.5,999.35,S3
2024-06-10 21:00:00,23.89,42.3,1016.91,S2
2024-06-10 22:00:00,22.04,51.12,1022.14,S3
2024-06-10 23:00:00,21.08,45.19,1000.33,S1
2024-06-11 00:00:00,22.63,46.82,1009.19,S1
2024-06-11 01:00:00,22.73,47.59,1022.66,S1
2024-06-11 02:00:00,21.41,46.96,1004.49,S1
2024-06-11 03:00:00,21.39,47.46,1004.4,S2
2024-06-11 04:00:00,23.19,57.95,1011.48,S3
2024-06-11 05:00:00,20.53,49.29,1026.15,S2
2024-06-11 06:00:00,20.49,41.3,1022.19,S2
2024-06-11 07:00:00,23.55,47.48,1026.16,S1
2024-06-11 08:00:00,26.41,46.42,1003.06,S2
2024-06-11 09:00:00,24.86,38.95,1006.4,S3
2024-06-11 10:00:00,25.83,33.97,1011.22,S2
2024-06-11 11:00:00,19.77,46.59,1009.93,S3
2024-06-11 12:00:00,20.56,44.48,1005.23,S1
2024-06-11 13:00:00,23.39,40.13,1017.81,S1
2024-06-11 14:00:00,25.03,43.17,996.7,S2
2024-06-11 15:00:00,24.63,44.57,1014.5,S3
2024-06-11 16:00:00,20.66,42.95,1029.62,S1
2024-06-11 17:00:00,25.61,47.22,1013.79,S1
2024-06-11 18:00:00,23.17,46.74,1004.68,S2
2024-06-11 19:00:00,24.88,49.85,1000.2,S3
2024-06-11 20:00:00,22.11,51.64,1016.61,S1
2024-06-11 21:00:00,20.23,49.07,1030.36,S1
2024-06-11 22:00:00,25.0,42.43,1015.13,S3
2024-06-11 23:00:00,24.24,46.68,1009.65,S2
2024-06-12 00:00:00,20.8,37.81,1005.37,S2
2024-06-12 01:00:00,21.95,43.46,998.23,S1
2024-06-12 02:00:00,24.65,33.13,1015.72,S1
2024-06-12 03:00:00,23.69,44.06,996.98,S2
2024-06-12 04:00:00,24.27,43.15,1022.15,S2
2024-06-12 05:00:00,22.21,49.27,1019.27,S1
2024-06-12 06:00:00,26.1,40.98,1010.84,S3
2024-06-12 07:00:00,23.02,46.67,1019.48,S3
2024-06-12 08:00:00,18.5,43.92,1014.73,S1
2024-06-12 09:00:00,23.45,43.68,1019.39,S1
2024-06-12 10:00:00,24.44,41.96,1021.95,S1
2024-06-12 11:00:00,23.81,47.3,1010.45,S1
2024-06-12 12:00:00,22.36,44.99,1000.04,S2
2024-06-12 13:00:00,19.3,41.0,1035.58,S3
2024-06-12 14:00:00,21.9,46.45,1010.87,S3
2024-06-12 15:00:00,22.08,47.32,1008.72,S3
2024-06-12 16:00:00,21.87,53.42,1017.44,S2
2024-06-12 17:00:00,24.4,42.87,1011.07,S1
2024-06-12 18:00:00,22.51,43.84,1000.42,S3
2024-06-12 19:00:00,25.93,39.32,1001.08,S3
2024-06-12 20:00:00,22.71,43.53,1004.1,S2
2024-06-12 21:00:00,25.58,40.46,1016.57,S1
2024-06-12 22:00:00,23.57,51.28,1006.05,S1
2024-06-12 23:00:00,23.67,48.33,1022.36,S1
2024-06-13 00:00:00,21.77,40.37,1011.45,S3
2024-06-13 01:00:00,20.42,40.87,1012.21,S2
2024-06-13 02:00:00,22.97,42.99,1013.6,S3
2024-06-13 03:00:00,26.48,52.24,1002.61,S2
2024-06-13 04:00:00,22.19,42.69,1025.75,S2
2024-06-13 05:00:00,21.86,44.86,1016.1,S3
2024-06-13 06:00:00,22.75,53.4,1011.27,S2
2024-06-13 07:00:00,26.62,47.81,1007.71,S2
2024-06-13 08:00:00,24.65,38.49,1007.51,S2
2024-06-13 09:00:00,25.5,36.57,1001.43,S1
2024-06-13 10:00:00,19.1,46.19,999.68,S1
2024-06-13 11:00:00,21.41,57.22,999.69,S1
2024-06-13 12:00:00,21.47,52.49,1023.63,S1
2024-06-13 13:00:00,25.31,47.59,1005.33,S3
2024-06-13 14:00:00,24.36,49.63,1002.24,S3
2024-06-13 15:00:00,25.14,50.01,1025.88,S3
2024-06-13 16:00:00,19.27,37.52,1013.61,S1
2024-06-13 17:00:00,25.24,46.74,1001.26,S3
2024-06-13 18:00:00,24.33,52.26,1018.71,S1
2024-06-13 19:00:00,21.15,56.15,1027.53,S1
2024-06-13 20:00:00,22.6,48.22,1019.78,S2
2024-06-13 21:00:00,21.2,38.89,1014.38,S2
2024-06-13 22:00:00,22.79,48.54,1017.68,S1
2024-06-13 23:00:00,23.87,48.45,1024.95,S2
2024-06-14 00:00:00,25.78,50.02,1030.28,S2
2024-06-14 01:00:00,21.08,47.7,1003.49,S2
2024-06-14 02:00:00,22.01,54.97,1013.22,S2
2024-06-14 03:00:00,20.74,46.62,1019.05,S3
2024-06-14 04:00:00,24.47,45.96,1014.72,S2
2024-06-14 05:00:00,19.78,44.35,1018.3,S1
2024-06-14 06:00:00,23.28,46.14,1035.09,S2
2024-06-14 07:00:00,20.47,47.05,1010.38,S2
2024-06-14 08:00:00,23.0,46.26,998.87,S3
2024-06-14 09:00:00,25.22,49.56,1031.5,S3
2024-06-14 10:00:00,21.88,35.28,1030.68,S3
2024-06-14 11:00:00,23.33,44.96,1018.43,S2
2024-06-14 12:00:00,21.1,48.23,1008.05,S1
2024-06-14 13:00:00,22.65,47.04,1021.58,S3
2024-06-14 14:00:00,19.76,39.26,1013.33,S2
2024-06-14 15:00:00,24.28,48.28,1009.91,S2
2024-06-14 16:00:00,22.03,45.87,1006.24,S2
2024-06-14 17:00:00,22.43,49.44,1012.84,S3
2024-06-14 18:00:00,22.98,48.5,1018.47,S2
2024-06-14 19:00:00,18.9,47.24,1014.64,S3
2024-06-14 20:00:00,21.45,45.63,1021.84,S2
2024-06-14 21:00:00,23.09,47.04,1010.81,S1
2024-06-14 22:00:00,22.5,47.05,1008.81,S1
2024-06-14 23:00:00,27.16,52.24,1016.87,S2
2024-06-15 00:00:00,25.32,60.55,1013.86,S3
2024-06-15 01:00:00,23.07,40.23,1027.84,S2
2024-06-15 02:00:00,20.74,32.34,1009.53,S1
2024-06-15 03:00:00,21.79,42.95,1007.98,S2
2024-06-15 04:00:00,24.09,40.88,1011.31,S3
2024-06-15 05:00:00,22.92,49.79,1008.87,S3
2024-06-15 06:00:00,25.31,53.04,1006.7,S3
2024-06-15 07:00:00,22.89,49.66,996.68,S3
2024-06-15 08:00:00,22.98,44.01,1001.46,S1
2024-06-15 09:00:00,25.99,49.24,1011.8,S3
2024-06-15 10:00:00,20.54,51.65,999.92,S3
2024-06-15 11:00:00,26.19,48.9,1018.65,S1
2024-06-15 12:00:00,24.26,48.32,1016.7,S3
2024-06-15 13:00:00,29.18,44.99,1006.3,S1
2024-06-15 14:00:00,21.3,39.47,1012.47,S3
2024-06-15 15:00:00,25.96,51.04,1011.08,S3
2024-06-15 16:00:00,22.96,54.03,994.95,S3
2024-06-15 17:00:00,22.31,38.66,1017.45,S3
2024-06-15 18:00:00,23.29,49.38,1007.03,S2
2024-06-15 19:00:00,22.92,41.53,1003.25,S2
2024-06-15 20:00:00,21.11,47.88,1019.78,S3
2024-06-15 21:00:00,22.39,38.54,1015.43,S3
2024-06-15 22:00:00,23.26,49.44,1022.11,S3
2024-06-15 23:00:00,21.79,47.67,1011.82,S2
2024-06-16 00:00:00,23.72,49.67,1015.15,S3
2024-06-16 01:00:00,22.04,48.76,1020.99,S1
2024-06-16 02:00:00,23.54,46.46,1029.76,S2
2024-06-16 03:00:00,23.29,49.46,1009.89,S2
2024-06-16 04:00:00,23.51,43.29,1015.48,S2
2024-06-16 05:00:00,19.9,48.39,1018.74,S3
2024-06-16 06:00:00,24.79,42.75,1018.66,S1
2024-06-16 07:00:00,20.86,48.64,1007.87,S2
2024-06-16 08:00:00,22.21,44.55,1011.88,S1
2024-06-16 09:00:00,21.28,47.95,1018.64,S1
2024-06-16 10:00:00,22.71,44.07,1014.76,S1
2024-06-16 11:00:00,22.34,44.16,1032.15,S3
2024-06-16 12:00:00,23.86,44.38,1009.9,S3
2024-06-16 13:00:00,22.63,38.84,1005.0,S3
2024-06-16 14:00:00,21.76,49.82,1017.85,S2
2024-06-16 15:00:00,18.94,45.72,1003.62,S2
2024-06-16 16:00:00,24.29,39.04,1008.42,S1
2024-06-16 17:00:00,23.55,42.77,1013.81,S2
2024-06-16 18:00:00,24.36,42.49,1012.67,S3
2024-06-16 19:00:00,22.13,47.48,1012.4,S3
2024-06-16 20:00:00,23.21,44.43,1007.37,S3
2024-06-16 21:00:00,21.18,50.01,1016.7,S3
2024-06-16 22:00:00,20.99,39.5,1034.73,S1
2024-06-16 23:00:00,21.91,47.64,1021.29,S2
2024-06-17 00:00:00,24.31,47.24,994.56,S3
2024-06-17 01:00:00,21.91,43.36,1008.93,S1
2024-06-17 02:00:00,22.35,46.73,1018.32,S2
2024-06-17 03:00:00,22.93,45.27,998.04,S1
2024-06-17 04:00:00,22.49,51.5,988.78,S3
2024-06-17 05:00:00,24.46,45.88,1005.75,S3
2024-06-17 06:00:00,20.93,51.14,1004.91,S3
2024-06-17 07:00:00,22.62,49.62,1029.4,S2
2024-06-17 08:00:00,23.36,39.22,1016.55,S3
2024-06-17 09:00:00,19.12,45.02,1011.55,S2
2024-06-17 10:00:00,22.93,49.6,1009.84,S1
2024-06-17 11:00:00,25.08,46.66,1017.51,S2
2024-06-17 12:00:00,21.69,45.84,1014.98,S1
2024-06-17 13:00:00,20.21,46.15,1017.49,S2
2024-06-17 14:00:00,23.31,48.46,1016.23,S3
2024-06-17 15:00:00,22.72,43.49,1023.39,S3
2024-06-17 16:00:00,25.4,43.99,1013.33,S1
2024-06-17 17:00:00,23.23,49.61,1020.79,S2
2024-06-17 18:00:00,20.46,46.46,1016.57,S2
2024-06-17 19:00:00,20.36,44.53,1015.02,S1
2024-06-17 20:00:00,24.05,45.59,1009.0,S2
2024-06-17 21:00:00,23.04,47.97,1012.35,S2
2024-06-17 22:00:00,22.2,45.32,1012.52,S1
2024-06-17 23:00:00,22.65,46.2,1023.79,S1
2024-06-18 00:00:00,23.19,36.83,1015.36,S1
2024-06-18 01:00:00,23.04,46.62,1003.96,S2
2024-06-18 02:00:00,19.28,44.75,997.53,S1
2024-06-18 03:00:00,24.72,50.0,1001.62,S1
2024-06-18 04:00:00,24.84,45.14,1006.11,S1
2024-06-18 05:00:00,25.89,52.8,1017.61,S1
2024-06-18 06:00:00,25.45,48.45,1006.81,S3
2024-06-18 07:00:00,25.1,41.67,1025.26,S3
2024-06-18 08:00:00,21.67,39.21,1000.73,S3
2024-06-18 09:00:00,22.84,44.97,1019.63,S1
2024-06-18 10:00:00,24.57,45.52,994.37,S2
2024-06-18 11:00:00,18.62,36.89,1001.83,S3
2024-06-18 12:00:00,21.78,45.11,1003.07,S1
2024-06-18 13:00:00,18.8,43.73,1002.94,S3
2024-06-18 14:00:00,22.77,46.38,1006.62,S3
2024-06-18 15:00:00,24.73,55.45,1020.87,S1
2024-06-18 16:00:00,22.23,37.02,1020.18,S1
2024-06-18 17:00:00,21.05,50.09,1002.93,S3
2024-06-18 18:00:00,22.74,47.79,1011.04,S1
2024-06-18 19:00:00,23.0,42.87,1017.54,S3
2024-06-18 20:00:00,23.13,45.48,1011.15,S3
2024-06-18 21:00:00,19.73,49.92,1028.77,S3
2024-06-18 22:00:00,22.64,45.91,1016.82,S3
2024-06-18 23:00:00,22.51,35.67,1004.37,S2
2024-06-19 00:00:00,24.03,47.17,1005.36,S2
2024-06-19 01:00:00,21.98,48.95,1003.33,S1
2024-06-19 02:00:00,26.07,43.27,1006.01,S2
2024-06-19 03:00:00,22.28,49.66,1013.22,S2
2024-06-19 04:00:00,21.15,50.05,1010.64,S1
2024-06-19 05:00:00,20.09,51.86,1008.3,S3
2024-06-19 06:00:00,21.07,50.35,1018.82,S2
2024-06-19 07:00:00,20.49,58.06,1016.43,S2
2024-06-19 08:00:00,21.77,51.16,997.2,S2
2024-06-19 09:00:00,25.45,46.18,1000.26,S2
2024-06-19 10:00:00,19.15,49.33,1003.16,S3
2024-06-19 11:00:00,19.28,45.98,1004.92,S1
2024-06-19 12:00:00,21.58,44.08,1006.61,S2
2024-06-19 13:00:00,19.32,40.11,1008.97,S2
2024-06-19 14:00:00,20.07,44.72,1016.56,S2
2024-06-19 15:00:00,22.71,49.79,1001.76,S2
2024-06-19 16:00:00,21.92,41.3,1005.35,S1
2024-06-19 17:00:00,22.89,47.4,997.16,S3
2024-06-19 18:00:00,23.19,43.63,1003.79,S1
2024-06-19 19:00:00,24.69,45.56,1010.92,S2
2024-06-19 20:00:00,22.75,45.28,1004.03,S2
2024-06-19 21:00:00,24.4,46.54,1002.68,S1
2024-06-19 22:00:00,22.19,56.9,1007.88,S3
2024-06-19 23:00:00,22.75,42.98,1015.36,S3
2024-06-20 00:00:00,22.72,45.4,1003.82,S3
2024-06-20 01:00:00,22.53,44.51,1023.22,S3
2024-06-20 02:00:00,22.36,38.08,1004.54,S1
2024-06-20 03:00:00,25.59,49.88,1008.84,S1
2024-06-20 04:00:00,23.33,41.42,1024.58,S3
2024-06-20 05:00:00,21.04,52.44,1018.74,S1
2024-06-20 06:00:00,26.61,41.66,1011.61,S1
2024-06-20 07:00:00,21.16,47.49,1016.71,S2
2024-06-20 08:00:00,21.9,54.24,1000.33,S1
2024-06-20 09:00:00,20.24,47.84,1031.06,S1
2024-06-20 10:00:00,23.33,42.63,1000.85,S3
2024-06-20 11:00:00,25.27,41.09,1015.08,S1
2024-06-20 12:00:00,18.9,34.58,1024.23,S3
2024-06-20 13:00:00,21.32,43.68,1015.63,S2
2024-06-20 14:00:00,24.1,38.45,1012.49,S2
2024-06-20 15:00:00,19.74,45.39,1024.26,S1
2024-06-20 16:00:00,23.0,43.4,1019.2,S1
2024-06-20 17:00:00,19.24,46.02,1008.13,S3
2024-06-20 18:00:00,22.66,39.76,1028.42,S2
2024-06-20 19:00:00,21.99,42.88,1005.56,S3
2024-06-20 20:00:00,28.46,48.12,1029.25,S1
2024-06-20 21:00:00,23.31,46.97,1018.93,S2
2024-06-20 22:00:00,17.47,36.31,1009.06,S1
2024-06-20 23:00:00,21.66,49.36,1002.79,S2
2024-06-21 00:00:00,23.45,40.08,1014.6,S3
2024-06-21 01:00:00,20.96,37.65,1006.82,S1
2024-06-21 02:00:00,20.87,44.19,1014.08,S1
2024-06-21 03:00:00,20.96,57.38,1020.64,S2
2024-06-21 04:00:00,22.86,43.62,1021.84,S3
2024-06-21 05:00:00,19.25,45.78,1026.89,S2
2024-06-21 06:00:00,20.63,48.71,1002.75,S2
2024-06-21 07:00:00,23.81,40.93,1015.41,S2
2024-06-21 08:00:00,20.77,46.81,998.86,S1
2024-06-21 09:00:00,20.64,41.14,1013.04,S3
2024-06-21 10:00:00,18.97,48.03,997.46,S3
2024-06-21 11:00:00,23.01,47.25,1034.18,S3
2024-06-21 12:00:00,22.56,46.8,1025.95,S2
2024-06-21 13:00:00,23.65,46.09,997.58,S3
2024-06-21 14:00:00,21.47,55.29,1006.72,S3
2024-06-21 15:00:00,22.32,46.4,1020.23,S1
2024-06-21 16:00:00,22.3,47.88,1015.34,S1
2024-06-21 17:00:00,18.83,47.06,1013.19,S1
2024-06-21 18:00:00,26.38,40.21,1015.52,S2
2024-06-21 19:00:00,23.62,41.37,1021.53,S1
2024-06-21 20:00:00,21.81,39.79,1033.1,S3
2024-06-21 21:00:00,21.2,41.29,1001.67,S1
2024-06-21 22:00:00,24.29,42.67,1010.95,S2
2024-06-21 23:00:00,21.83,44.19,995.01,S1
2024-06-22 00:00:00,23.46,44.13,1012.49,S3
2024-06-22 01:00:00,20.46,48.08,1029.41,S1
2024-06-22 02:00:00,19.86,51.95,1017.74,S1
2024-06-22 03:00:00,21.28,50.91,1020.72,S1
2024-06-22 04:00:00,21.62,46.58,1014.81,S2
2024-06-22 05:00:00,22.44,41.04,1005.82,S2
2024-06-22 06:00:00,24.52,50.44,997.65,S2
2024-06-22 07:00:00,23.8,42.43,1027.51,S2
2024-06-22 08:00:00,24.21,47.36,1008.53,S2
2024-06-22 09:00:00,20.1,46.59,1011.19,S1
2024-06-22 10:00:00,20.97,39.88,993.38,S1
2024-06-22 11:00:00,23.49,42.55,1006.53,S2
2024-06-22 12:00:00,23.97,47.75,1014.32,S2
2024-06-22 13:00:00,23.02,44.41,1016.42,S1
2024-06-22 14:00:00,20.4,59.74,1029.08,S3
2024-06-22 15:00:00,19.44,42.95,1010.48,S1
2024-06-22 16:00:00,21.98,40.13,1011.93,S2
2024-06-22 17:00:00,19.72,45.54,1028.22,S1
2024-06-22 18:00:00,22.42,43.56,1024.74,S2
2024-06-22 19:00:00,23.99,36.59,998.92,S1
2024-06-22 20:00:00,21.86,49.34,1027.48,S1
2024-06-22 21:00:00,18.87,50.12,996.95,S1
2024-06-22 22:00:00,20.45,49.43,1017.71,S3
2024-06-22 23:00:00,23.19,46.76,1020.52,S1
2024-06-23 00:00:00,22.41,44.49,1014.87,S1
2024-06-23 01:00:00,22.56,46.02,1009.24,S3
2024-06-23 02:00:00,24.98,44.54,1008.52,S1
2024-06-23 03:00:00,22.13,41.99,988.27,S3
2024-06-23 04:00:00,22.06,52.86,1014.51,S3
2024-06-23 05:00:00,23.14,51.48,1013.32,S3
2024-06-23 06:00:00,19.07,48.45,1028.05,S1
2024-06-23 07:00:00,20.52,43.02,1010.28,S2
2024-06-23 08:00:00,19.92,48.07,1007.73,S1
2024-06-23 09:00:00,22.7,43.96,1007.87,S2
2024-06-23 10:00:00,19.55,43.76,1004.61,S2
2024-06-23 11:00:00,22.51,45.06,1008.45,S3
2024-06-23 12:00:00,20.94,47.35,1002.7,S3
2024-06-23 13:00:00,20.65,43.14,1019.14,S3
2024-06-23 14:00:00,23.18,44.44,1016.99,S3
2024-06-23 15:00:00,18.69,51.72,998.46,S1
2024-06-23 16:00:00,20.37,36.77,1013.95,S1
2024-06-23 17:00:00,27.2,50.22,1024.14,S2
2024-06-23 18:00:00,25.03,44.48,1023.58,S1
2024-06-23 19:00:00,17.69,42.83,1002.6,S1
2024-06-23 20:00:00,20.3,43.62,1026.33,S2
2024-06-23 21:00:00,21.43,45.19,1007.71,S1
2024-06-23 22:00:00,18.48,49.77,1013.21,S1
2024-06-23 23:00:00,25.33,46.0,1009.48,S3
2024-06-24 00:00:00,21.35,42.67,1000.97,S3
2024-06-24 01:00:00,20.91,48.58,1005.2,S2
2024-06-24 02:00:00,22.04,44.64,1025.45,S3
2024-06-24 03:00:00,22.0,47.76,1025.72,S1
2024-06-24 04:00:00,19.55,46.48,1019.81,S3
2024-06-24 05:00:00,23.88,39.81,1010.75,S3
2024-06-24 06:00:00,21.57,47.98,1031.01,S2
2024-06-24 07:00:00,23.86,36.89,1022.88,S1
2024-06-24 08:00:00,20.08,44.61,1011.83,S2
2024-06-24 09:00:00,17.63,40.06,993.46,S1
2024-06-24 10:00:00,24.09,35.25,1021.61,S1
2024-06-24 11:00:00,22.69,46.34,1025.42,S1
2024-06-24 12:00:00,23.54,49.27,1017.29,S3
2024-06-24 13:00:00,23.65,44.95,993.9,S2
2024-06-24 14:00:00,21.23,51.53,1014.98,S1
2024-06-24 15:00:00,20.45,45.11,1034.76,S3
2024-06-24 16:00:00,20.99,45.99,1011.46,S2
2024-06-24 17:00:00,22.27,40.89,1032.64,S3
2024-06-24 18:00:00,21.71,48.01,1020.02,S3
2024-06-24 19:00:00,17.49,47.79,1013.47,S1
2024-06-24 20:00:00,20.91,43.01,1027.03,S2
2024-06-24 21:00:00,23.97,38.69,1006.92,S3
2024-06-24 22:00:00,21.13,37.63,1000.64,S3
2024-06-24 23:00:00,25.57,50.13,1000.84,S3
2024-06-25 00:00:00,19.19,39.26,1015.08,S3
2024-06-25 01:00:00,21.81,52.71,1017.46,S1
2024-06-25 02:00:00,19.13,41.17,1006.18,S1
2024-06-25 03:00:00,19.38,43.6,1025.2,S2
2024-06-25 04:00:00,19.4,59.25,1013.88,S3
2024-06-25 05:00:00,25.5,42.73,1021.29,S1
2024-06-25 06:00:00,20.57,40.27,1006.18,S2
2024-06-25 07:00:00,19.66,43.39,1011.18,S2
2024-06-25 08:00:00,21.05,37.5,995.35,S1
2024-06-25 09:00:00,20.61,43.67,1010.19,S1
2024-06-25 10:00:00,22.67,45.44,1015.26,S3
2024-06-25 11:00:00,16.96,50.05,1007.39,S1
2024-06-25 12:00:00,19.12,47.63,1012.39,S1
2024-06-25 13:00:00,22.72,45.81,1015.39,S1
2024-06-25 14:00:00,20.04,55.83,1007.65,S2
2024-06-25 15:00:00,19.5,48.08,1010.36,S1
2024-06-25 16:00:00,19.4,52.25,1005.69,S2
2024-06-25 17:00:00,22.44,49.53,1003.59,S2
2024-06-25 18:00:00,22.35,52.06,1025.29,S1
2024-06-25 19:00:00,22.9,50.81,998.7,S2
2024-06-25 20:00:00,18.65,49.24,1021.54,S3
2024-06-25 21:00:00,18.52,48.12,999.36,S3
2024-06-25 22:00:00,23.23,52.5,1028.11,S2
2024-06-25 23:00:00,21.36,42.14,1018.75,S1
2024-06-26 00:00:00,19.73,41.4,1009.26,S1
2024-06-26 01:00:00,20.62,37.08,1022.44,S2
2024-06-26 02:00:00,18.46,47.69,1023.87,S1
2024-06-26 03:00:00,19.86,50.87,1018.79,S2
2024-06-26 04:00:00,21.24,39.87,1017.74,S3
2024-06-26 05:00:00,21.62,41.44,1015.24,S2
2024-06-26 06:00:00,20.73,52.27,1027.17,S2
2024-06-26 07:00:00,20.52,48.53,1012.75,S3
2024-06-26 08:00:00,22.35,48.31,1014.2,S3
2024-06-26 09:00:00,20.68,47.13,1021.62,S2
2024-06-26 10:00:00,19.98,44.0,1009.82,S3
2024-06-26 11:00:00,19.34,37.28,1024.0,S3
2024-06-26 12:00:00,17.32,48.02,1021.92,S1
2024-06-26 13:00:00,22.15,55.71,1041.46,S3
2024-06-26 14:00:00,23.77,46.55,1011.77,S3
2024-06-26 15:00:00,19.19,39.34,1018.98,S2
2024-06-26 16:00:00,18.29,44.05,1017.67,S3
2024-06-26 17:00:00,19.58,49.8,1021.1,S2
2024-06-26 18:00:00,21.4,50.39,1012.29,S1
2024-06-26 19:00:00,19.8,52.84,1017.65,S2
2024-06-26 20:00:00,19.76,50.35,1014.45,S2
2024-06-26 21:00:00,20.63,35.06,1021.6,S1
2024-06-26 22:00:00,20.99,46.19,993.78,S1
2024-06-26 23:00:00,21.52,37.84,1010.61,S3
2024-06-27 00:00:00,20.18,48.22,1034.21,S2
2024-06-27 01:00:00,20.14,48.71,1028.41,S2
2024-06-27 02:00:00,16.92,40.94,1016.03,S2
2024-06-27 03:00:00,22.62,43.54,1018.92,S1
2024-06-27 04:00:00,21.25,41.83,1018.2,S2
2024-06-27 05:00:00,23.76,49.14,1019.31,S3
2024-06-27 06:00:00,21.75,44.65,1004.23,S1
2024-06-27 07:00:00,20.58,41.83,1006.35,S2
2024-06-27 08:00:00,17.74,48.97,1006.49,S1
2024-06-27 09:00:00,17.44,48.09,1008.55,S1
2024-06-27 10:00:00,22.8,49.13,1028.74,S1
2024-06-27 11:00:00,21.82,37.33,1001.34,S2
2024-06-27 12:00:00,23.62,42.13,1032.64,S2
2024-06-27 13:00:00,22.54,48.43,1017.05,S3
2024-06-27 14:00:00,19.93,36.72,1001.33,S1
2024-06-27 15:00:00,16.07,36.86,1007.3,S2
2024-06-27 16:00:00,21.87,41.36,1017.39,S2
2024-06-27 17:00:00,18.62,48.9,1000.08,S3
2024-06-27 18:00:00,20.28,45.09,1009.52,S2
2024-06-27 19:00:00,21.46,47.57,1001.63,S2
2024-06-27 20:00:00,19.37,40.11,1019.35,S2
2024-06-27 21:00:00,18.97,40.06,1001.79,S1
2024-06-27 22:00:00,20.0,51.99,997.92,S3
2024-06-27 23:00:00,16.52,47.15,1027.64,S3
2024-06-28 00:00:00,18.53,39.65,1009.95,S3
2024-06-28 01:00:00,18.5,35.14,1009.07,S2
2024-06-28 02:00:00,20.12,37.99,1017.71,S2
2024-06-28 03:00:00,18.69,39.74,1012.72,S2
2024-06-28 04:00:00,19.54,38.68,1004.77,S1
2024-06-28 05:00:00,19.68,44.86,1006.89,S1
2024-06-28 06:00:00,24.81,48.38,1020.18,S3
2024-06-28 07:00:00,22.09,44.57,1003.36,S1
2024-06-28 08:00:00,20.3,42.75,1012.64,S1
2024-06-28 09:00:00,21.44,46.74,1029.68,S2
2024-06-28 10:00:00,22.37,43.33,1010.03,S2
2024-06-28 11:00:00,21.1,36.45,1025.32,S3
2024-06-28 12:00:00,18.45,46.03,1002.9,S2
2024-06-28 13:00:00,20.24,46.98,1014.84,S2
2024-06-28 14:00:00,18.55,51.04,1025.46,S1
2024-06-28 15:00:00,19.84,49.63,1007.29,S3
2024-06-28 16:00:00,20.17,42.22,1032.17,S1
2024-06-28 17:00:00,22.59,43.93,1012.46,S3
2024-06-28 18:00:00,18.88,45.19,1001.37,S3
2024-06-28 19:00:00,18.72,46.08,1023.04,S2
2024-06-28 20:00:00,19.03,52.49,1028.85,S1
2024-06-28 21:00:00,19.23,44.68,1000.53,S1
2024-06-28 22:00:00,19.81,42.41,1017.41,S2
2024-06-28 23:00:00,21.1,51.22,1006.27,S3
2024-06-29 00:00:00,18.86,51.1,1002.79,S3
2024-06-29 01:00:00,20.65,49.51,1004.18,S3
2024-06-29 02:00:00,20.67,37.0,1015.1,S3
2024-06-29 03:00:00,21.52,45.42,1025.93,S2
2024-06-29 04:00:00,19.98,43.84,1012.39,S3
2024-06-29 05:00:00,22.06,47.19,1017.2,S1
2024-06-29 06:00:00,21.13,40.66,1007.46,S3
2024-06-29 07:00:00,21.03,49.11,1011.74,S3
2024-06-29 08:00:00,19.27,46.8,1004.32,S3
2024-06-29 09:00:00,20.91,49.39,994.89,S2
2024-06-29 10:00:00,21.06,41.27,1007.88,S3
2024-06-29 11:00:00,19.16,46.33,1024.29,S2
2024-06-29 12:00:00,22.73,48.95,988.05,S1
2024-06-29 13:00:00,25.58,32.26,1024.01,S3
2024-06-29 14:00:00,19.02,48.34,1016.29,S3
2024-06-29 15:00:00,19.38,43.21,1011.61,S1
2024-06-29 16:00:00,19.43,44.89,1007.75,S3
2024-06-29 17:00:00,17.69,51.27,1017.79,S3
2024-06-29 18:00:00,18.55,50.46,1026.99,S2
2024-06-29 19:00:00,22.01,42.11,1015.58,S2
2024-06-29 20:00:00,20.12,36.57,1010.9,S1
2024-06-29 21:00:00,24.12,44.62,1039.99,S2
2024-06-29 22:00:00,19.7,50.32,1013.86,S2
2024-06-29 23:00:00,21.1,51.58,996.62,S1
2024-06-30 00:00:00,18.45,34.54,1016.28,S1
2024-06-30 01:00:00,20.03,47.99,1007.12,S3
2024-06-30 02:00:00,20.42,47.31,1009.47,S3
2024-06-30 03:00:00,16.03,48.86,1025.78,S3
2024-06-30 04:00:00,18.58,45.07,1021.78,S3
2024-06-30 05:00:00,21.49,36.15,995.38,S2
2024-06-30 06:00:00,21.38,42.71,995.71,S2
2024-06-30 07:00:00,17.71,40.4,1014.41,S1
2024-06-30 08:00:00,19.48,39.83,1022.73,S1
2024-06-30 09:00:00,15.45,48.92,990.54,S2
2024-06-30 10:00:00,20.18,44.15,1022.8,S3
2024-06-30 11:00:00,22.7,46.97,1037.66,S3
2024-06-30 12:00:00,22.78,50.28,1024.86,S3
2024-06-30 13:00:00,22.7,36.38,1005.07,S3
2024-06-30 14:00:00,21.21,53.02,1019.42,S1
2024-06-30 15:00:00,22.47,53.93,1015.33,S2
2024-06-30 16:00:00,19.76,36.12,1030.82,S1
2024-06-30 17:00:00,19.09,48.46,1024.35,S2
2024-06-30 18:00:00,22.41,54.95,1004.01,S3
2024-06-30 19:00:00,20.7,38.02,1018.87,S1
2024-06-30 20:00:00,16.52,39.14,1004.8,S2
2024-06-30 21:00:00,22.54,49.07,1023.38,S2
2024-06-30 22:00:00,19.66,47.29,1010.46,S2
2024-06-30 23:00:00,18.76,46.09,1012.61,S2
2024-07-01 00:00:00,22.04,43.75,1014.69,S3
2024-07-01 01:00:00,21.77,45.78,1007.49,S3
2024-07-01 02:00:00,18.16,32.42,1014.06,S2
2024-07-01 03:00:00,19.75,39.0,1017.59,S2
2024-07-01 04:00:00,18.24,44.44,1010.19,S2
2024-07-01 05:00:00,18.29,34.45,1015.19,S3
2024-07-01 06:00:00,14.06,44.3,1005.56,S1
2024-07-01 07:00:00,18.01,44.91,1000.69,S2
2024-07-01 08:00:00,19.69,41.31,1012.66,S1
2024-07-01 09:00:00,14.35,41.61,1023.17,S3
2024-07-01 10:00:00,17.27,39.77,1022.85,S3
2024-07-01 11:00:00,21.22,42.58,1022.22,S3
2024-07-01 12:00:00,17.18,46.8,1023.1,S3
2024-07-01 13:00:00,19.68,47.15,1014.84,S3
2024-07-01 14:00:00,16.68,50.12,1007.52,S1
2024-07-01 15:00:00,20.8,44.21,1010.39,S1
2024-07-01 16:00:00,19.32,47.29,1011.79,S1
2024-07-01 17:00:00,18.13,37.74,1006.42,S1
2024-07-01 18:00:00,14.67,46.04,1018.93,S2
2024-07-01 19:00:00,18.16,43.89,1006.88,S3
2024-07-01 20:00:00,21.27,47.5,994.5,S1
2024-07-01 21:00:00,23.04,43.59,1023.59,S1
2024-07-01 22:00:00,19.49,43.12,1018.1,S2
2024-07-01 23:00:00,19.72,40.88,995.75,S2
2024-07-02 00:00:00,18.56,50.04,1006.52,S3
2024-07-02 01:00:00,22.37,41.93,1012.04,S3
2024-07-02 02:00:00,19.42,54.32,1012.97,S2
2024-07-02 03:00:00,21.68,38.44,1034.05,S2
2024-07-02 04:00:00,20.38,50.86,1003.41,S2
2024-07-02 05:00:00,20.12,34.12,1002.79,S3
2024-07-02 06:00:00,17.83,44.15,1025.71,S2
2024-07-02 07:00:00,23.43,42.06,1011.17,S1
2024-07-02 08:00:00,22.79,47.2,1024.73,S3
2024-07-02 09:00:00,24.4,49.09,1010.34,S3
2024-07-02 10:00:00,17.64,54.67,1025.19,S1
2024-07-02 11:00:00,20.36,42.34,1010.22,S1
2024-07-02 12:00:00,18.24,41.32,1011.75,S3
2024-07-02 13:00:00,20.71,49.41,1002.63,S3
2024-07-02 14:00:00,20.4,44.32,1030.28,S2
2024-07-02 15:00:00,18.98,41.83,1005.46,S2
2024-07-02 16:00:00,19.34,42.78,1000.23,S1
2024-07-02 17:00:00,23.97,41.45,1029.2,S1
2024-07-02 18:00:00,19.51,36.66,1019.59,S1
2024-07-02 19:00:00,15.37,52.82,1028.84,S1
2024-07-02 20:00:00,18.7,47.45,1005.87,S2
2024-07-02 21:00:00,17.57,36.95,1019.05,S3
2024-07-02 22:00:00,17.92,52.5,1027.0,S2
2024-07-02 23:00:00,21.17,45.89,1001.57,S1
2024-07-03 00:00:00,21.52,43.95,1016.27,S2
2024-07-03 01:00:00,18.05,47.65,1008.47,S1
2024-07-03 02:00:00,18.63,42.83,1009.07,S2
2024-07-03 03:00:00,18.32,38.43,1004.79,S3
2024-07-03 04:00:00,22.75,42.31,1017.26,S1
2024-07-03 05:00:00,21.55,44.64,1010.62,S2
2024-07-03 06:00:00,21.05,40.51,1003.75,S1
2024-07-03 07:00:00,17.63,47.55,1027.2,S3
2024-07-03 08:00:00,16.27,51.41,1013.51,S1
2024-07-03 09:00:00,22.14,43.18,997.33,S3
2024-07-03 10:00:00,23.51,33.56,1006.15,S2
2024-07-03 11:00:00,16.15,44.18,998.2,S3
2024-07-03 12:00:00,24.14,40.76,1006.74,S1
2024-07-03 13:00:00,19.44,43.94,1016.52,S2
2024-07-03 14:00:00,19.98,43.87,1019.19,S1
2024-07-03 15:00:00,17.0,40.7,1021.45,S1
2024-07-03 16:00:00,16.08,38.17,1006.76,S2
2024-07-03 17:00:00,15.09,45.07,1009.44,S3
2024-07-03 18:00:00,21.67,41.17,1017.4,S3
2024-07-03 19:00:00,19.44,53.73,1021.63,S2
2024-07-03 20:00:00,20.52,46.24,1011.6,S2
2024-07-03 21:00:00,21.86,41.34,1019.42,S1
2024-07-03 22:00:00,19.39,42.64,1007.4,S1
2024-07-03 23:00:00,22.96,44.26,991.51,S2
2024-07-04 00:00:00,17.92,45.5,1022.06,S2
2024-07-04 01:00:00,18.73,48.1,1018.63,S1
2024-07-04 02:00:00,17.75,50.74,1012.03,S1
2024-07-04 03:00:00,21.22,44.66,1014.75,S3
2024-07-04 04:00:00,21.77,47.29,1024.57,S2
2024-07-04 05:00:00,18.63,47.15,1012.92,S1
2024-07-04 06:00:00,16.74,45.51,984.07,S3
2024-07-04 07:00:00,21.98,43.98,992.7,S1
2024-07-04 08:00:00,17.75,45.73,1026.39,S2
2024-07-04 09:00:00,18.7,41.75,1018.93,S3
2024-07-04 10:00:00,17.35,39.35,1024.36,S1
2024-07-04 11:00:00,20.07,52.24,1027.86,S2
2024-07-04 12:00:00,17.94,46.1,1027.28,S2
2024-07-04 13:00:00,20.88,46.39,998.91,S2
2024-07-04 14:00:00,18.35,43.94,1010.98,S2
2024-07-04 15:00:00,20.54,47.51,1004.15,S3
2024-07-04 16:00:00,17.61,44.12,1014.63,S1
2024-07-04 17:00:00,21.9,37.44,999.45,S1
2024-07-04 18:00:00,18.44,42.35,1013.43,S2
2024-07-04 19:00:00,19.61,48.01,995.77,S1
2024-07-04 20:00:00,17.05,42.06,1009.53,S2
2024-07-04 21:00:00,19.39,35.86,1027.58,S1
2024-07-04 22:00:00,17.11,43.56,1006.18,S1
2024-07-04 23:00:00,19.32,36.37,1006.07,S1
2024-07-05 00:00:00,17.47,43.49,1014.26,S3
2024-07-05 01:00:00,19.08,50.95,1014.82,S2
2024-07-05 02:00:00,20.32,38.67,1016.14,S3
2024-07-05 03:00:00,16.63,48.27,1005.05,S1
2024-07-05 04:00:00,19.28,53.6,1006.99,S3
2024-07-05 05:00:00,20.18,51.4,1013.68,S3
2024-07-05 06:00:00,20.16,43.89,1022.84,S3
2024-07-05 07:00:00,23.18,40.46,1005.7,S1
2024-07-05 08:00:00,17.85,45.91,1011.03,S3
2024-07-05 09:00:00,19.33,45.98,993.65,S1
2024-07-05 10:00:00,22.82,49.64,1008.64,S2
2024-07-05 11:00:00,16.57,45.29,1015.02,S1
2024-07-05 12:00:00,14.72,47.05,1021.7,S1
2024-07-05 13:00:00,20.38,40.49,1005.14,S1
2024-07-05 14:00:00,21.38,48.74,1014.72,S2
2024-07-05 15:00:00,15.07,38.66,1015.72,S2
2024-07-05 16:00:00,18.64,41.9,995.08,S1
2024-07-05 17:00:00,17.24,48.04,1000.43,S1
2024-07-05 18:00:00,19.89,51.49,1018.02,S2
2024-07-05 19:00:00,19.19,48.46,1013.61,S2
2024-07-05 20:00:00,21.87,44.88,1013.95,S1
2024-07-05 21:00:00,16.56,44.93,1003.7,S2
2024-07-05 22:00:00,20.01,40.5,998.52,S1
2024-07-05 23:00:00,20.48,43.2,1017.79,S1
2024-07-06 00:00:00,19.33,35.47,1014.67,S1
2024-07-06 01:00:00,15.21,53.34,993.59,S2
2024-07-06 02:00:00,20.04,56.13,1012.01,S2
2024-07-06 03:00:00,17.74,35.33,1030.81,S2
2024-07-06 04:00:00,15.71,37.88,1019.0,S1
2024-07-06 05:00:00,19.93,51.86,1004.05,S1
2024-07-06 06:00:00,20.72,41.13,1014.67,S3
2024-07-06 07:00:00,17.95,51.98,1010.94,S1
2024-07-06 08:00:00,20.84,48.82,1029.46,S1
2024-07-06 09:00:00,20.85,43.45,1001.74,S3
2024-07-06 10:00:00,19.12,49.78,1026.0,S1
2024-07-06 11:00:00,20.34,44.87,1001.06,S1
2024-07-06 12:00:00,21.09,44.79,1016.34,S2
2024-07-06 13:00:00,20.18,47.7,1019.45,S3
2024-07-06 14:00:00,14.55,49.02,1024.54,S2
2024-07-06 15:00:00,14.08,50.07,1020.68,S3
2024-07-06 16:00:00,21.24,56.83,997.76,S1
2024-07-06 17:00:00,17.73,46.88,1013.01,S3
2024-07-06 18:00:00,18.11,51.53,1018.11,S2
2024-07-06 19:00:00,22.87,51.39,1023.86,S1
2024-07-06 20:00:00,17.62,48.49,1001.69,S2
2024-07-06 21:00:00,18.8,42.43,1003.61,S3
2024-07-06 22:00:00,19.09,50.55,998.36,S3
2024-07-06 23:00:00,18.64,47.3,1013.0,S3
2024-07-07 00:00:00,21.74,38.62,1015.7,S2
2024-07-07 01:00:00,18.3,50.14,1016.55,S1
2024-07-07 02:00:00,20.48,36.94,1010.34,S1
2024-07-07 03:00:00,19.17,48.31,1011.87,S2
2024-07-07 04:00:00,20.96,42.31,1011.95,S2
2024-07-07 05:00:00,16.28,45.89,1010.67,S2
2024-07-07 06:00:00,14.5,38.1,994.65,S1
2024-07-07 07:00:00,19.06,41.45,1003.43,S3
2024-07-07 08:00:00,17.3,42.46,1018.38,S2
2024-07-07 09:00:00,21.92,44.32,1008.55,S2
2024-07-07 10:00:00,18.82,42.1,1007.99,S3
2024-07-07 11:00:00,19.42,46.82,1025.66,S1
2024-07-07 12:00:00,18.35,47.46,1023.75,S2
2024-07-07 13:00:00,17.66,42.85,1005.7,S2
2024-07-07 14:00:00,19.07,45.28,1027.91,S2
2024-07-07 15:00:00,20.98,47.74,1011.04,S3
2024-07-07 16:00:00,18.32,33.86,1021.0,S3
2024-07-07 17:00:00,18.17,47.3,1012.65,S3
2024-07-07 18:00:00,20.54,41.88,1006.6,S3
2024-07-07 19:00:00,15.55,31.77,1021.02,S1
2024-07-07 20:00:00,21.29,43.13,1003.98,S3
2024-07-07 21:00:00,17.29,40.05,1011.43,S2
2024-07-07 22:00:00,20.79,42.75,1012.97,S2
2024-07-07 23:00:00,19.48,47.43,1009.15,S2
2024-07-08 00:00:00,14.72,49.35,999.4,S2
2024-07-08 01:00:00,18.9,51.54,1018.07,S1
2024-07-08 02:00:00,21.5,51.85,1022.21,S1
2024-07-08 03:00:00,18.25,39.91,1014.64,S1
2024-07-08 04:00:00,18.43,51.15,1005.39,S1
2024-07-08 05:00:00,17.31,38.98,1034.68,S1
2024-07-08 06:00:00,21.23,50.39,1010.69,S1
2024-07-08 07:00:00,17.91,47.96,1010.52,S3
2024-07-08 08:00:00,22.41,45.96,983.75,S1
2024-07-08 09:00:00,21.13,40.67,1000.59,S1
2024-07-08 10:00:00,21.48,51.09,1024.61,S2
2024-07-08 11:00:00,18.97,40.07,1045.93,S2
2024-07-08 12:00:00,17.83,45.0,1025.86,S1
2024-07-08 13:00:00,19.75,45.45,1002.58,S3
2024-07-08 14:00:00,21.89,36.62,1017.76,S3
2024-07-08 15:00:00,22.32,45.86,1009.11,S3
2024-07-08 16:00:00,15.06,39.64,1009.42,S3
2024-07-08 17:00:00,24.17,52.32,999.98,S1
2024-07-08 18:00:00,19.26,58.64,1018.19,S3
2024-07-08 19:00:00,20.31,41.45,1000.31,S1
2024-07-08 20:00:00,16.95,43.15,989.99,S1
2024-07-08 21:00:00,16.81,45.95,1008.91,S1
2024-07-08 22:00:00,15.85,34.82,987.41,S1
2024-07-08 23:00:00,22.13,53.34,1004.92,S1
2024-07-09 00:00:00,17.34,43.53,1019.0,S2
2024-07-09 01:00:00,18.52,43.13,1024.32,S1
2024-07-09 02:00:00,18.1,48.58,1019.38,S1
2024-07-09 03:00:00,16.65,45.55,1010.69,S1
2024-07-09 04:00:00,18.29,45.95,1007.56,S2
2024-07-09 05:00:00,18.85,49.35,1003.73,S2
2024-07-09 06:00:00,21.17,44.51,1027.86,S1
2024-07-09 07:00:00,16.54,39.52,1000.41,S3
2024-07-09 08:00:00,17.49,51.26,1014.24,S1
2024-07-09 09:00:00,19.75,42.21,1018.94,S3
2024-07-09 10:00:00,18.73,42.49,993.15,S3
2024-07-09 11:00:00,18.76,46.29,988.85,S1
2024-07-09 12:00:00,16.69,38.61,1018.91,S3
2024-07-09 13:00:00,20.18,46.34,998.45,S2
2024-07-09 14:00:00,21.44,49.88,1016.1,S1
2024-07-09 15:00:00,21.25,53.05,1004.24,S2
2024-07-09 16:00:00,18.21,48.85,1015.68,S2
2024-07-09 17:00:00,13.43,50.51,1017.03,S1
2024-07-09 18:00:00,19.05,41.95,1023.05,S1
2024-07-09 19:00:00,18.78,49.28,1017.43,S1
2024-07-09 20:00:00,16.53,44.2,1015.25,S2
2024-07-09 21:00:00,16.92,50.95,1030.4,S1
2024-07-09 22:00:00,16.57,45.67,1003.23,S2
2024-07-09 23:00:00,19.1,50.55,1013.52,S3
2024-07-10 00:00:00,16.9,45.97,1022.1,S1
2024-07-10 01:00:00,18.87,41.32,986.4,S2
2024-07-10 02:00:00,23.28,45.36,1028.25,S1
2024-07-10 03:00:00,18.15,43.51,1011.34,S2
2024-07-10 04:00:00,16.19,51.65,1017.29,S2
2024-07-10 05:00:00,15.6,38.39,1008.07,S3
2024-07-10 06:00:00,19.16,36.78,1017.4,S1
2024-07-10 07:00:00,22.5,46.63,1015.65,S2
2024-07-10 08:00:00,16.68,43.56,1001.76,S1
2024-07-10 09:00:00,14.17,39.45,1008.6,S2
2024-07-10 10:00:00,21.89,45.0,1018.03,S3
2024-07-10 11:00:00,23.5,46.51,1027.71,S2
2024-07-10 12:00:00,19.97,51.32,1009.24,S2
2024-07-10 13:00:00,19.31,35.92,1000.09,S1
2024-07-10 14:00:00,18.58,46.11,1016.53,S3
2024-07-10 15:00:00,19.8,53.39,1009.99,S2
2024-07-10 16:00:00,19.7,53.16,1021.03,S1
2024-07-10 17:00:00,18.99,45.65,1005.54,S2
2024-07-10 18:00:00,16.51,42.24,999.39,S1
2024-07-10 19:00:00,18.96,43.84,1028.69,S3
2024-07-10 20:00:00,18.2,40.27,1008.27,S3
2024-07-10 21:00:00,16.79,42.99,1003.94,S1
2024-07-10 22:00:00,18.94,45.59,1006.16,S3
2024-07-10 23:00:00,17.41,47.55,1027.1,S1
2024-07-11 00:00:00,18.51,49.47,1035.93,S1
2024-07-11 01:00:00,19.28,44.65,1005.1,S3
2024-07-11 02:00:00,19.55,44.28,1011.05,S3
2024-07-11 03:00:00,17.43,49.59,1016.22,S1
2024-07-11 04:00:00,19.24,43.49,994.37,S1
2024-07-11 05:00:00,19.7,48.7,1007.89,S3
2024-07-11 06:00:00,20.28,36.95,1031.9,S3
2024-07-11 07:00:00,18.93,47.55,1009.75,S1
2024-07-11 08:00:00,19.53,55.78,1025.64,S1
2024-07-11 09:00:00,17.47,40.58,1012.32,S1
2024-07-11 10:00:00,23.46,52.38,991.72,S3
2024-07-11 11:00:00,18.17,48.69,1022.92,S2
2024-07-11 12:00:00,20.53,49.59,1009.52,S1
2024-07-11 13:00:00,17.31,48.57,1027.32,S2
2024-07-11 14:00:00,19.02,42.05,1015.02,S3
2024-07-11 15:00:00,18.94,38.71,1013.06,S2
2024-07-11 16:00:00,19.31,47.6,1017.71,S2
2024-07-11 17:00:00,16.56,44.62,1016.8,S1
2024-07-11 18:00:00,19.02,38.27,995.66,S2
2024-07-11 19:00:00,17.27,42.97,1023.61,S3
2024-07-11 20:00:00,19.87,39.97,1012.67,S1
2024-07-11 21:00:00,16.47,54.83,1013.27,S2
2024-07-11 22:00:00,18.83,49.45,1017.18,S2
2024-07-11 23:00:00,18.15,40.35,1022.04,S2
2024-07-12 00:00:00,21.91,47.75,1023.55,S2
2024-07-12 01:00:00,20.43,39.45,1019.66,S1
2024-07-12 02:00:00,20.93,36.16,995.54,S1
2024-07-12 03:00:00,16.64,41.76,1012.29,S1
2024-07-12 04:00:00,17.41,44.5,1003.64,S3
2024-07-12 05:00:00,18.16,47.17,1014.79,S3
2024-07-12 06:00:00,20.45,49.61,1011.01,S1
2024-07-12 07:00:00,18.91,43.47,1033.36,S1
2024-07-12 08:00:00,16.65,48.63,999.37,S3
2024-07-12 09:00:00,16.73,37.27,1013.1,S2
2024-07-12 10:00:00,20.52,52.59,1014.13,S1
2024-07-12 11:00:00,18.94,37.45,1008.34,S1
2024-07-12 12:00:00,18.22,42.8,1012.77,S2
2024-07-12 13:00:00,18.05,41.75,1034.42,S3
2024-07-12 14:00:00,19.89,38.09,1016.62,S3
2024-07-12 15:00:00,15.99,46.93,1028.12,S1
2024-07-12 16:00:00,18.19,53.81,1008.3,S2
2024-07-12 17:00:00,18.31,36.21,1020.72,S3
2024-07-12 18:00:00,15.58,33.82,1004.89,S2
2024-07-12 19:00:00,17.65,40.91,1004.28,S2
2024-07-12 20:00:00,22.63,44.11,995.19,S1
2024-07-12 21:00:00,16.38,49.12,1002.34,S2
2024-07-12 22:00:00,18.3,42.89,1013.56,S2
2024-07-12 23:00:00,13.89,36.07,1028.46,S2
2024-07-13 00:00:00,17.76,51.71,1011.84,S2
2024-07-13 01:00:00,15.88,40.72,1015.32,S2
2024-07-13 02:00:00,17.32,48.45,1024.46,S1
2024-07-13 03:00:00,18.86,39.61,1009.76,S3
2024-07-13 04:00:00,15.75,44.38,1003.24,S3
2024-07-13 05:00:00,18.48,47.08,1004.38,S2
2024-07-13 06:00:00,16.43,41.03,1024.21,S1
2024-07-13 07:00:00,15.31,47.43,1014.45,S1
2024-07-13 08:00:00,19.94,43.52,1014.45,S2
2024-07-13 09:00:00,16.05,43.03,1004.09,S2
2024-07-13 10:00:00,17.12,52.86,1026.43,S3
2024-07-13 11:00:00,16.81,47.09,1031.47,S3
2024-07-13 12:00:00,18.38,47.76,1014.73,S3
2024-07-13 13:00:00,18.01,49.0,1022.18,S2
2024-07-13 14:00:00,17.6,48.2,1006.55,S3
2024-07-13 15:00:00,16.51,47.11,1025.74,S1
2024-07-13 16:00:00,17.39,51.53,1018.76,S1
2024-07-13 17:00:00,18.5,40.64,1000.7,S2
2024-07-13 18:00:00,18.14,46.07,1017.52,S2
2024-07-13 19:00:00,20.14,43.79,1017.47,S3
2024-07-13 20:00:00,19.42,46.04,1014.82,S1
2024-07-13 21:00:00,20.1,41.85,1018.08,S3
2024-07-13 22:00:00,20.59,37.23,1012.53,S1
2024-07-13 23:00:00,18.25,49.34,1011.17,S3
2024-07-14 00:00:00,19.57,57.41,1015.5,S2
2024-07-14 01:00:00,18.53,50.73,1009.5,S1
2024-07-14 02:00:00,20.5,49.69,1006.52,S1
2024-07-14 03:00:00,14.33,46.63,1024.1,S1
2024-07-14 04:00:00,17.21,44.58,1007.27,S3
2024-07-14 05:00:00,18.65,44.88,1011.39,S3
2024-07-14 06:00:00,18.96,44.82,1008.2,S3
2024-07-14 07:00:00,17.78,42.12,1004.3,S1
2024-07-14 08:00:00,14.48,37.09,1028.42,S2
2024-07-14 09:00:00,17.45,46.36,998.59,S3
2024-07-14 10:00:00,19.43,43.98,1016.97,S1
2024-07-14 11:00:00,17.16,51.07,1011.69,S3
2024-07-14 12:00:00,17.97,49.07,1017.79,S1
2024-07-14 13:00:00,21.61,35.22,1011.3,S1
2024-07-14 14:00:00,17.39,53.95,1017.92,S3
2024-07-14 15:00:00,17.45,42.8,1015.83,S1
2024-07-14 16:00:00,18.14,43.58,1018.89,S3
2024-07-14 17:00:00,18.22,37.0,1030.44,S1
2024-07-14 18:00:00,18.01,46.72,994.33,S2
2024-07-14 19:00:00,18.52,47.45,1013.81,S2
2024-07-14 20:00:00,15.34,53.96,1003.06,S2
2024-07-14 21:00:00,17.48,49.65,1005.75,S2
2024-07-14 22:00:00,15.25,42.88,1003.48,S3
2024-07-14 23:00:00,17.82,36.54,1010.08,S1
2024-07-15 00:00:00,18.91,42.52,1024.22,S1
2024-07-15 01:00:00,17.41,50.63,1009.22,S2
2024-07-15 02:00:00,15.79,43.42,1016.46,S2
2024-07-15 03:00:00,16.81,39.94,1021.97,S1
2024-07-15 04:00:00,21.27,46.26,1004.48,S1
2024-07-15 05:00:00,20.56,43.74,1005.02,S1
2024-07-15 06:00:00,16.57,43.14,1013.0,S2
2024-07-15 07:00:00,16.55,41.68,994.98,S1
2024-07-15 08:00:00,17.42,45.97,1033.09,S2
2024-07-15 09:00:00,20.11,50.55,1013.06,S2
2024-07-15 10:00:00,14.13,48.0,1018.6,S2
2024-07-15 11:00:00,16.51,35.79,1011.05,S1
2024-07-15 12:00:00,18.44,53.19,1019.36,S2
2024-07-15 13:00:00,18.2,49.19,1011.26,S3
2024-07-15 14:00:00,16.74,46.96,1018.58,S1
2024-07-15 15:00:00,17.09,47.56,1025.97,S1
2024-07-15 16:00:00,18.25,48.37,990.98,S1
2024-07-15 17:00:00,16.76,47.39,1019.66,S1
2024-07-15 18:00:00,15.44,40.64,1007.71,S2
2024-07-15 19:00:00,17.19,47.99,1001.95,S3
2024-07-15 20:00:00,17.94,46.27,998.56,S2
2024-07-15 21:00:00,13.3,47.55,1013.98,S3
2024-07-15 22:00:00,18.33,42.28,1015.82,S1
2024-07-15 23:00:00,19.49,50.92,1006.74,S2
2024-07-16 00:00:00,16.82,42.66,1000.42,S2
2024-07-16 01:00:00,16.84,45.23,1014.15,S2
2024-07-16 02:00:00,16.04,42.93,1013.69,S3
2024-07-16 03:00:00,17.2,40.49,1019.01,S3
2024-07-16 04:00:00,16.39,49.05,1019.87,S1
2024-07-16 05:00:00,20.39,42.97,1024.65,S2
2024-07-16 06:00:00,17.74,46.21,1019.74,S1
2024-07-16 07:00:00,13.19,38.53,996.68,S3
2024-07-16 08:00:00,18.62,36.4,1012.91,S1
2024-07-16 09:00:00,20.91,54.14,1023.0,S2
2024-07-16 10:00:00,18.48,53.42,1021.48,S2
2024-07-16 11:00:00,19.83,42.47,1037.3,S3
2024-07-16 12:00:00,18.8,47.78,1021.89,S3
2024-07-16 13:00:00,19.42,43.27,999.53,S1
2024-07-16 14:00:00,19.32,48.84,997.2,S2
2024-07-16 15:00:00,19.33,40.1,1013.56,S1
2024-07-16 16:00:00,18.05,39.62,1014.51,S3
2024-07-16 17:00:00,13.98,45.62,1007.52,S3
2024-07-16 18:00:00,15.23,47.43,1020.68,S1
2024-07-16 19:00:00,15.26,42.03,987.86,S2
2024-07-16 20:00:00,12.34,39.0,1008.36,S3
2024-07-16 21:00:00,16.51,51.81,990.17,S1
2024-07-16 22:00:00,20.21,43.2,1005.48,S2
2024-07-16 23:00:00,14.5,43.26,1009.53,S1
2024-07-17 00:00:00,18.82,51.69,1023.51,S3
2024-07-17 01:00:00,18.41,56.74,1000.78,S2
2024-07-17 02:00:00,17.81,47.17,1011.63,S3
2024-07-17 03:00:00,19.71,49.94,1007.76,S3
2024-07-17 04:00:00,17.25,39.85,1011.78,S3
2024-07-17 05:00:00,20.37,49.2,1009.12,S3
2024-07-17 06:00:00,16.92,49.82,1010.47,S3
2024-07-17 07:00:00,18.0,40.76,1006.48,S1
2024-07-17 08:00:00,17.02,42.88,1016.7,S3
2024-07-17 09:00:00,15.45,51.67,1024.02,S3
2024-07-17 10:00:00,14.6,44.18,1013.42,S3
2024-07-17 11:00:00,18.44,52.68,1033.08,S2
2024-07-17 12:00:00,19.97,45.66,1013.79,S3
2024-07-17 13:00:00,17.76,45.42,1021.06,S2
2024-07-17 14:00:00,18.29,50.45,1005.4,S1
2024-07-17 15:00:00,14.15,55.84,1011.85,S3
2024-07-17 16:00:00,18.02,48.88,1009.9,S1
2024-07-17 17:00:00,13.09,46.45,1000.77,S1
2024-07-17 18:00:00,14.85,51.92,1005.32,S3
2024-07-17 19:00:00,19.9,52.26,1016.57,S1
2024-07-17 20:00:00,17.25,48.26,1025.84,S3
2024-07-17 21:00:00,17.43,47.48,1018.62,S1
2024-07-17 22:00:00,18.32,49.1,1016.36,S2
2024-07-17 23:00:00,18.8,38.45,1004.42,S2
2024-07-18 00:00:00,16.66,40.37,1017.86,S2
2024-07-18 01:00:00,17.78,46.81,1006.67,S3
2024-07-18 02:00:00,17.04,41.76,1001.28,S1
2024-07-18 03:00:00,14.11,45.79,1004.01,S2
2024-07-18 04:00:00,16.46,46.63,1011.8,S3
2024-07-18 05:00:00,17.99,40.71,1007.6,S2
2024-07-18 06:00:00,16.39,48.6,1015.88,S2
2024-07-18 07:00:00,16.4,36.11,1009.22,S3
2024-07-18 08:00:00,18.71,44.02,1015.78,S2
2024-07-18 09:00:00,17.46,37.96,1009.89,S3
2024-07-18 10:00:00,17.83,44.02,1012.52,S2
2024-07-18 11:00:00,13.87,50.42,1003.19,S3
2024-07-18 12:00:00,18.01,41.93,1027.35,S2
2024-07-18 13:00:00,14.89,35.52,996.69,S1
2024-07-18 14:00:00,17.05,44.47,1037.89,S1
2024-07-18 15:00:00,14.97,41.49,1017.74,S3
2024-07-18 16:00:00,18.95,45.66,997.37,S3
2024-07-18 17:00:00,20.74,44.48,1013.99,S1
2024-07-18 18:00:00,16.78,46.53,1015.22,S3
2024-07-18 19:00:00,16.75,51.52,1027.93,S2
2024-07-18 20:00:00,19.12,43.78,999.51,S2
2024-07-18 21:00:00,18.2,46.1,999.52,S2
2024-07-18 22:00:00,16.9,44.05,1016.45,S2
2024-07-18 23:00:00,17.78,50.72,1014.93,S2
2024-07-19 00:00:00,21.09,46.46,1027.67,S2
2024-07-19 01:00:00,15.68,48.28,1003.02,S2
2024-07-19 02:00:00,15.85,49.48,1002.2,S3
2024-07-19 03:00:00,18.6,35.96,1031.7,S1
2024-07-19 04:00:00,21.23,49.62,1012.54,S2
2024-07-19 05:00:00,17.35,47.59,1005.55,S2
2024-07-19 06:00:00,13.57,42.32,1020.06,S3
2024-07-19 07:00:00,17.77,52.14,992.49,S3
2024-07-19 08:00:00,15.93,50.64,1016.78,S1
2024-07-19 09:00:00,17.92,44.75,1006.68,S1
2024-07-19 10:00:00,14.25,35.36,1007.98,S3
2024-07-19 11:00:00,14.01,45.42,1025.95,S2
2024-07-19 12:00:00,16.36,40.72,1017.29,S2
2024-07-19 13:00:00,20.25,34.74,1001.72,S2
2024-07-19 14:00:00,14.19,48.63,1013.51,S2
2024-07-19 15:00:00,16.29,53.36,1014.17,S2
2024-07-19 16:00:00,14.0,45.26,1010.38,S3
2024-07-19 17:00:00,17.5,47.03,1003.4,S1
2024-07-19 18:00:00,17.35,52.45,1015.27,S1
2024-07-19 19:00:00,14.06,46.63,1020.01,S3
2024-07-19 20:00:00,19.47,42.7,1017.54,S2
2024-07-19 21:00:00,13.04,34.6,1005.87,S3
2024-07-19 22:00:00,20.04,49.82,1011.42,S1
2024-07-19 23:00:00,19.62,47.84,990.92,S1
2024-07-20 00:00:00,17.48,50.39,1028.98,S1
2024-07-20 01:00:00,18.65,33.52,1006.98,S1
2024-07-20 02:00:00,16.5,56.14,1007.8,S3
2024-07-20 03:00:00,13.77,41.81,999.85,S2
2024-07-20 04:00:00,17.31,51.23,1021.61,S2
2024-07-20 05:00:00,13.69,36.27,1023.28,S3
2024-07-20 06:00:00,16.81,41.9,1007.3,S2
2024-07-20 07:00:00,14.35,43.06,1001.62,S2
2024-07-20 08:00:00,18.77,40.67,1013.2,S2
2024-07-20 09:00:00,17.57,41.67,1009.71,S2
2024-07-20 10:00:00,18.16,53.89,1020.44,S1
2024-07-20 11:00:00,17.47,44.09,1011.69,S2
2024-07-20 12:00:00,20.55,56.44,1010.97,S3
2024-07-20 13:00:00,18.83,51.08,1019.7,S1
2024-07-20 14:00:00,20.18,35.78,997.24,S1
2024-07-20 15:00:00,14.97,44.09,1009.89,S3
2024-07-20 16:00:00,15.67,43.88,1014.92,S2
2024-07-20 17:00:00,11.91,41.08,1008.72,S1
2024-07-20 18:00:00,15.96,51.92,1015.81,S3
2024-07-20 19:00:00,16.67,50.13,1015.22,S3
2024-07-20 20:00:00,17.6,56.61,1021.79,S2
2024-07-20 21:00:00,15.66,43.53,1010.26,S2
2024-07-20 22:00:00,18.19,48.02,992.67,S3
2024-07-20 23:00:00,18.05,44.07,997.52,S2
2024-07-21 00:00:00,15.76,43.85,1017.64,S3
2024-07-21 01:00:00,14.78,49.9,1014.81,S2
2024-07-21 02:00:00,16.82,56.85,1010.74,S2
2024-07-21 03:00:00,16.88,50.77,1011.47,S3
2024-07-21 04:00:00,15.46,50.24,1006.52,S3
2024-07-21 05:00:00,16.15,45.56,1006.55,S2
2024-07-21 06:00:00,13.83,50.1,1007.53,S3
2024-07-21 07:00:00,18.02,51.75,1010.21,S1
2024-07-21 08:00:00,18.04,41.57,1014.22,S2
2024-07-21 09:00:00,16.74,46.08,1012.23,S1
2024-07-21 10:00:00,18.17,44.25,1009.72,S1
2024-07-21 11:00:00,16.89,42.71,1019.96,S1
2024-07-21 12:00:00,19.86,50.8,1021.69,S3
2024-07-21 13:00:00,14.03,44.71,1026.39,S2
2024-07-21 14:00:00,17.01,48.26,1011.11,S2
2024-07-21 15:00:00,18.41,48.3,1007.79,S1
2024-07-21 16:00:00,19.58,44.55,1012.36,S3
2024-07-21 17:00:00,18.18,38.62,1007.51,S2
2024-07-21 18:00:00,14.51,44.15,1012.84,S2
2024-07-21 19:00:00,13.27,48.55,1017.07,S2
2024-07-21 20:00:00,16.23,47.42,1014.06,S1
2024-07-21 21:00:00,17.29,36.16,1011.39,S1
2024-07-21 22:00:00,18.45,49.97,1019.39,S1
2024-07-21 23:00:00,14.36,43.15,1029.76,S1
2024-07-22 00:00:00,17.77,48.79,1005.92,S1
2024-07-22 01:00:00,11.18,50.0,1016.34,S2
2024-07-22 02:00:00,15.05,48.28,1011.09,S1
2024-07-22 03:00:00,18.24,55.35,1004.56,S3
2024-07-22 04:00:00,14.13,50.94,1005.8,S1
2024-07-22 05:00:00,14.3,43.68,1008.94,S1
2024-07-22 06:00:00,15.45,44.19,1028.73,S1
2024-07-22 07:00:00,16.85,45.57,1022.53,S2
2024-07-22 08:00:00,14.26,44.2,1004.07,S2
2024-07-22 09:00:00,16.42,47.81,1018.45,S3
2024-07-22 10:00:00,15.61,40.29,1003.29,S2
2024-07-22 11:00:00,18.79,52.88,1006.74,S1
2024-07-22 12:00:00,15.5,46.18,1026.13,S3
2024-07-22 13:00:00,16.51,52.74,1032.83,S3
2024-07-22 14:00:00,16.78,40.06,994.06,S3
2024-07-22 15:00:00,15.6,40.08,1013.31,S1
2024-07-22 16:00:00,17.98,51.38,1017.08,S2
2024-07-22 17:00:00,18.38,42.75,1010.25,S2
2024-07-22 18:00:00,15.45,41.01,1014.41,S1
2024-07-22 19:00:00,17.0,51.82,1008.94,S2
2024-07-22 20:00:00,14.55,41.94,1019.27,S1
2024-07-22 21:00:00,17.53,45.91,1009.58,S1
2024-07-22 22:00:00,16.86,43.3,1018.59,S3
2024-07-22 23:00:00,15.66,49.8,1022.85,S2
2024-07-23 00:00:00,17.04,47.15,1021.45,S3
2024-07-23 01:00:00,17.56,50.58,1011.16,S2
2024-07-23 02:00:00,18.83,40.03,990.43,S1
2024-07-23 03:00:00,17.16,47.23,1017.9,S3
2024-07-23 04:00:00,18.13,46.49,998.54,S1
2024-07-23 05:00:00,20.16,42.29,1017.62,S1
2024-07-23 06:00:00,14.27,40.86,1016.83,S3
2024-07-23 07:00:00,18.68,45.61,1010.93,S3
2024-07-23 08:00:00,14.57,44.59,1013.67,S2
2024-07-23 09:00:00,14.9,51.95,1027.55,S2
2024-07-23 10:00:00,16.29,50.18,1025.95,S3
2024-07-23 11:00:00,15.02,42.63,1009.49,S2
2024-07-23 12:00:00,14.68,44.78,994.1,S1
2024-07-23 13:00:00,16.18,48.8,1028.71,S1
2024-07-23 14:00:00,15.62,49.36,997.22,S1
2024-07-23 15:00:00,14.95,52.02,1013.91,S1
2024-07-23 16:00:00,14.37,45.76,1012.27,S1
2024-07-23 17:00:00,19.12,46.88,1017.35,S1
2024-07-23 18:00:00,13.86,37.19,1025.99,S2
2024-07-23 19:00:00,15.92,40.54,1013.61,S3
2024-07-23 20:00:00,18.49,50.65,1007.95,S3
2024-07-23 21:00:00,17.86,40.64,1015.85,S2
2024-07-23 22:00:00,16.7,37.72,999.37,S2
2024-07-23 23:00:00,14.98,49.95,1006.16,S2
2024-07-24 00:00:00,16.19,44.14,1010.88,S3
2024-07-24 01:00:00,13.97,42.14,1018.43,S2
2024-07-24 02:00:00,15.64,38.72,1026.86,S2
2024-07-24 03:00:00,15.6,38.76,1023.81,S3
2024-07-24 04:00:00,15.79,43.89,1022.21,S2
2024-07-24 05:00:00,14.61,45.43,1023.92,S1
2024-07-24 06:00:00,12.79,52.35,1018.89,S3
2024-07-24 07:00:00,18.68,45.47,1013.78,S3
2024-07-24 08:00:00,18.23,44.54,1003.0,S3
2024-07-24 09:00:00,17.91,44.7,1013.32,S2
2024-07-24 10:00:00,16.91,34.89,996.58,S3
2024-07-24 11:00:00,16.49,43.71,1007.78,S1
2024-07-24 12:00:00,14.76,49.33,1013.65,S1
2024-07-24 13:00:00,14.96,46.6,1013.6,S3
2024-07-24 14:00:00,19.04,50.05,1006.71,S1
2024-07-24 15:00:00,19.49,51.58,995.76,S2
2024-07-24 16:00:00,15.75,37.95,1007.39,S3
2024-07-24 17:00:00,16.12,42.93,1010.45,S1
2024-07-24 18:00:00,17.57,51.21,1014.89,S2
2024-07-24 19:00:00,16.28,46.71,1019.92,S3
2024-07-24 20:00:00,16.43,45.45,1009.92,S3
2024-07-24 21:00:00,15.96,51.37,1009.15,S3
2024-07-24 22:00:00,14.2,42.24,1006.6,S1
2024-07-24 23:00:00,15.32,42.55,1012.3,S3
2024-07-25 00:00:00,15.8,42.22,1022.34,S1
2024-07-25 01:00:00,11.02,39.57,1002.53,S2
2024-07-25 02:00:00,16.23,45.11,993.38,S2
2024-07-25 03:00:00,20.69,47.13,1015.09,S2
2024-07-25 04:00:00,15.18,41.01,1024.76,S3
2024-07-25 05:00:00,16.1,45.7,1016.06,S2
2024-07-25 06:00:00,14.34,43.25,1003.09,S1
2024-07-25 07:00:00,13.83,45.86,1011.95,S1
2024-07-25 08:00:00,15.39,53.47,1013.56,S1
2024-07-25 09:00:00,17.26,46.68,1020.16,S1
2024-07-25 10:00:00,15.53,46.78,1004.32,S1
2024-07-25 11:00:00,15.24,56.45,1028.74,S1
2024-07-25 12:00:00,16.98,43.73,1008.87,S2
2024-07-25 13:00:00,16.38,49.33,1006.41,S3
2024-07-25 14:00:00,16.53,43.61,1015.88,S1
2024-07-25 15:00:00,18.35,50.2,999.06,S2
2024-07-25 16:00:00,18.09,41.76,1033.57,S2
2024-07-25 17:00:00,18.94,44.61,1017.66,S1
2024-07-25 18:00:00,13.52,43.48,1010.22,S2
2024-07-25 19:00:00,17.65,41.07,1003.15,S1
2024-07-25 20:00:00,19.22,35.67,1011.11,S3
2024-07-25 21:00:00,12.66,48.34,1022.72,S1
2024-07-25 22:00:00,15.88,43.12,1009.17,S3
2024-07-25 23:00:00,14.83,44.95,1005.45,S2
2024-07-26 00:00:00,15.86,45.67,1020.04,S2
2024-07-26 01:00:00,18.19,38.99,1002.51,S1
2024-07-26 02:00:00,13.1,44.36,1015.34,S2
2024-07-26 03:00:00,16.38,37.39,1017.12,S2
2024-07-26 04:00:00,14.75,44.03,1016.84,S3
2024-07-26 05:00:00,18.23,53.83,1017.31,S1
2024-07-26 06:00:00,16.71,43.65,1003.49,S1
2024-07-26 07:00:00,15.55,40.61,1011.12,S3
2024-07-26 08:00:00,14.42,43.9,1010.48,S3
2024-07-26 09:00:00,21.16,54.2,1014.38,S3
2024-07-26 10:00:00,16.4,44.11,995.01,S1
2024-07-26 11:00:00,12.99,38.61,999.01,S3
2024-07-26 12:00:00,14.21,37.24,1034.6,S1
2024-07-26 13:00:00,16.65,44.35,1020.25,S3
2024-07-26 14:00:00,14.35,50.44,1010.87,S2
2024-07-26 15:00:00,14.59,48.59,1013.76,S1
2024-07-26 16:00:00,17.77,51.87,1033.18,S1
2024-07-26 17:00:00,17.59,49.53,994.26,S1
2024-07-26 18:00:00,14.65,46.45,1014.14,S2
2024-07-26 19:00:00,18.12,33.2,1009.58,S2
2024-07-26 20:00:00,14.35,53.33,1025.43,S1
2024-07-26 21:00:00,19.16,39.12,1018.74,S3
2024-07-26 22:00:00,16.84,57.97,1034.64,S1
2024-07-26 23:00:00,16.34,42.58,1021.14,S1
2024-07-27 00:00:00,14.98,42.8,1008.58,S2
2024-07-27 01:00:00,14.53,43.76,1010.65,S2
2024-07-27 02:00:00,11.08,46.5,1019.85,S3
2024-07-27 03:00:00,15.14,39.58,1027.53,S3
2024-07-27 04:00:00,15.7,42.02,1005.92,S1
2024-07-27 05:00:00,12.07,51.12,1015.56,S1
2024-07-27 06:00:00,17.36,53.15,993.41,S3
2024-07-27 07:00:00,15.38,40.93,1010.07,S1
2024-07-27 08:00:00,18.13,48.13,1030.26,S1
2024-07-27 09:00:00,14.32,43.85,1028.19,S3
2024-07-27 10:00:00,18.16,48.98,1020.49,S3
2024-07-27 11:00:00,14.78,41.99,1030.79,S3
2024-07-27 12:00:00,15.57,50.13,1010.38,S2
2024-07-27 13:00:00,16.1,45.82,1012.35,S3
2024-07-27 14:00:00,15.58,44.03,1010.2,S2
2024-07-27 15:00:00,16.26,46.3,1019.55,S3
2024-07-27 16:00:00,11.8,53.72,1042.2,S3
2024-07-27 17:00:00,15.36,46.03,1016.67,S2
2024-07-27 18:00:00,15.47,47.93,1001.59,S2
2024-07-27 19:00:00,11.65,46.96,1001.97,S1
2024-07-27 20:00:00,16.91,46.99,1004.29,S1
2024-07-27 21:00:00,13.79,52.61,1004.88,S1
2024-07-27 22:00:00,17.49,50.69,1003.99,S2
2024-07-27 23:00:00,15.77,39.73,1015.19,S3
2024-07-28 00:00:00,14.45,49.28,998.73,S2
2024-07-28 01:00:00,17.6,54.6,1017.9,S3
2024-07-28 02:00:00,18.91,45.38,1022.88,S3
2024-07-28 03:00:00,15.65,50.82,1006.79,S3
2024-07-28 04:00:00,18.32,32.73,1016.45,S1
2024-07-28 05:00:00,15.21,41.73,1019.66,S2
2024-07-28 06:00:00,17.48,58.54,1021.78,S2
2024-07-28 07:00:00,14.81,50.38,1014.1,S1
2024-07-28 08:00:00,19.2,47.66,1003.52,S3
2024-07-28 09:00:00,17.69,55.78,1014.08,S1
2024-07-28 10:00:00,16.47,41.03,1011.43,S3
2024-07-28 11:00:00,10.46,52.93,1014.4,S1
2024-07-28 12:00:00,16.42,42.3,1003.09,S2
2024-07-28 13:00:00,13.04,47.07,997.82,S1
2024-07-28 14:00:00,16.21,38.48,992.84,S2
2024-07-28 15:00:00,18.05,44.69,995.46,S3
2024-07-28 16:00:00,16.87,53.23,994.78,S1
2024-07-28 17:00:00,17.2,44.06,1023.25,S1
2024-07-28 18:00:00,14.73,49.09,1015.51,S1
2024-07-28 19:00:00,12.42,44.19,1013.4,S1
2024-07-28 20:00:00,13.92,48.78,1009.57,S2
2024-07-28 21:00:00,14.8,50.36,993.87,S2
2024-07-28 22:00:00,15.43,43.25,1016.85,S1
2024-07-28 23:00:00,17.99,42.32,1015.26,S2
2024-07-29 00:00:00,16.9,44.64,1013.46,S1
2024-07-29 01:00:00,19.87,44.53,1005.32,S2
2024-07-29 02:00:00,13.43,36.54,1006.08,S2
2024-07-29 03:00:00,17.75,48.34,1018.23,S2
2024-07-29 04:00:00,17.17,48.58,1005.33,S1
2024-07-29 05:00:00,15.18,37.69,1023.63,S1
2024-07-29 06:00:00,13.48,50.87,1029.0,S2
2024-07-29 07:00:00,14.17,44.69,1024.19,S3
2024-07-29 08:00:00,14.06,48.33,1013.95,S2
2024-07-29 09:00:00,18.8,45.45,1012.07,S1
2024-07-29 10:00:00,17.03,48.33,1013.98,S3
2024-07-29 11:00:00,17.1,47.29,1019.79,S1
2024-07-29 12:00:00,15.54,51.1,1027.55,S3
2024-07-29 13:00:00,14.9,46.72,1018.53,S3
2024-07-29 14:00:00,16.03,50.49,996.01,S1
2024-07-29 15:00:00,15.55,53.85,1003.72,S2
2024-07-29 16:00:00,15.15,46.32,1011.49,S1
2024-07-29 17:00:00,16.07,45.42,1022.86,S1
2024-07-29 18:00:00,13.19,49.55,1035.92,S2
2024-07-29 19:00:00,15.85,36.44,1013.72,S2
2024-07-29 20:00:00,15.09,42.38,1019.68,S3
2024-07-29 21:00:00,13.88,42.21,997.52,S3
2024-07-29 22:00:00,16.58,49.52,1005.96,S2
2024-07-29 23:00:00,18.89,47.51,1016.55,S1
2024-07-30 00:00:00,17.84,53.11,992.48,S2
2024-07-30 01:00:00,14.72,52.82,1015.46,S2
2024-07-30 02:00:00,16.6,36.97,1009.21,S2
2024-07-30 03:00:00,16.96,38.35,1013.45,S1
2024-07-30 04:00:00,15.5,46.98,1005.85,S1
2024-07-30 05:00:00,15.21,39.06,1018.23,S3
2024-07-30 06:00:00,15.94,36.94,1023.58,S2
2024-07-30 07:00:00,20.27,43.12,1020.46,S2
2024-07-30 08:00:00,15.75,36.38,1020.15,S1
2024-07-30 09:00:00,12.7,41.68,1018.69,S2
2024-07-30 10:00:00,13.13,50.38,1012.83,S1
2024-07-30 11:00:00,14.88,44.4,1008.62,S3
2024-07-30 12:00:00,12.72,54.32,1022.24,S3
2024-07-30 13:00:00,14.94,43.99,1004.15,S3
2024-07-30 14:00:00,19.65,49.61,1018.01,S1
2024-07-30 15:00:00,14.17,44.2,1017.74,S1
2024-07-30 16:00:00,13.01,45.77,1002.5,S2
2024-07-30 17:00:00,14.77,44.9,1003.56,S3
2024-07-30 18:00:00,14.97,49.64,1018.1,S1
2024-07-30 19:00:00,13.19,50.49,1015.11,S3
2024-07-30 20:00:00,12.69,57.18,1016.59,S3
2024-07-30 21:00:00,17.87,46.95,1010.85,S3
2024-07-30 22:00:00,16.15,49.62,1028.32,S2
2024-07-30 23:00:00,14.18,41.75,1018.89,S1
2024-07-31 00:00:00,12.83,50.33,1026.45,S1
2024-07-31 01:00:00,14.1,47.02,1010.37,S1
2024-07-31 02:00:00,12.67,33.59,1022.99,S2
2024-07-31 03:00:00,13.96,42.56,1009.85,S2
2024-07-31 04:00:00,19.25,36.55,1009.71,S2
2024-07-31 05:00:00,15.58,43.23,1000.77,S2
2024-07-31 06:00:00,13.86,48.46,1017.55,S1
2024-07-31 07:00:00,16.45,45.44,1002.76,S2
2024-07-31 08:00:00,13.23,50.02,1006.83,S1
2024-07-31 09:00:00,14.27,35.2,999.46,S3
2024-07-31 10:00:00,11.37,51.74,994.03,S1
2024-07-31 11:00:00,17.62,48.18,1012.17,S3
2024-07-31 12:00:00,14.66,40.63,1005.86,S2
2024-07-31 13:00:00,13.42,46.84,1016.3,S3
2024-07-31 14:00:00,16.35,57.92,1012.49,S2
2024-07-31 15:00:00,12.95,54.3,1023.45,S1
2024-07-31 16:00:00,13.06,55.37,1032.26,S1
2024-07-31 17:00:00,14.27,45.92,1024.48,S2
2024-07-31 18:00:00,12.63,52.67,1013.3,S1
2024-07-31 19:00:00,13.71,53.54,1019.73,S3
2024-07-31 20:00:00,14.62,41.78,1026.13,S3
2024-07-31 21:00:00,14.79,53.46,1007.97,S3
2024-07-31 22:00:00,12.35,52.33,1021.95,S2
2024-07-31 23:00:00,14.51,43.65,1026.06,S3
2024-08-01 00:00:00,16.15,47.49,1013.82,S3
2024-08-01 01:00:00,16.48,53.82,1017.69,S3
2024-08-01 02:00:00,13.98,46.74,1033.46,S3
2024-08-01 03:00:00,14.59,51.45,1006.75,S3
2024-08-01 04:00:00,14.47,44.68,1010.31,S3
2024-08-01 05:00:00,12.17,41.57,1018.56,S2
2024-08-01 06:00:00,13.87,41.06,1004.14,S3
2024-08-01 07:00:00,16.54,45.65,1012.26,S2
2024-08-01 08:00:00,16.56,49.26,1000.81,S2
2024-08-01 09:00:00,15.76,38.28,994.07,S2
2024-08-01 10:00:00,9.6,56.71,1015.4,S3
2024-08-01 11:00:00,13.36,52.42,999.67,S3
2024-08-01 12:00:00,15.85,49.65,1003.78,S2
2024-08-01 13:00:00,18.33,51.17,1023.24,S2
2024-08-01 14:00:00,14.87,43.86,1014.7,S3
2024-08-01 15:00:00,15.09,39.72,1012.63,S1
2024-08-01 16:00:00,14.66,49.16,1009.28,S1
2024-08-01 17:00:00,12.27,52.33,1028.39,S1
2024-08-01 18:00:00,15.58,44.65,1035.38,S3
2024-08-01 19:00:00,11.83,42.4,1019.07,S2
2024-08-01 20:00:00,14.69,44.42,986.67,S1
2024-08-01 21:00:00,15.04,49.54,1012.65,S2
2024-08-01 22:00:00,14.95,50.15,1002.43,S3
2024-08-01 23:00:00,12.25,56.2,1008.51,S2
2024-08-02 00:00:00,13.42,49.38,1017.81,S1
2024-08-02 01:00:00,16.21,42.99,1014.06,S3
2024-08-02 02:00:00,14.97,45.68,999.3,S2
2024-08-02 03:00:00,13.42,41.93,1006.08,S3
2024-08-02 04:00:00,12.67,52.71,1024.48,S1
2024-08-02 05:00:00,16.41,41.6,1028.89,S1
2024-08-02 06:00:00,14.87,44.36,1026.65,S1
2024-08-02 07:00:00,12.53,49.6,999.49,S3
2024-08-02 08:00:00,14.41,55.17,1009.48,S3
2024-08-02 09:00:00,13.17,61.48,1005.72,S1
2024-08-02 10:00:00,15.38,40.51,1019.67,S3
2024-08-02 11:00:00,17.28,50.4,1010.06,S3
2024-08-02 12:00:00,12.6,47.1,1002.86,S1
2024-08-02 13:00:00,15.07,45.98,1027.79,S1
2024-08-02 14:00:00,15.03,45.82,1007.22,S2
2024-08-02 15:00:00,10.46,41.06,1023.11,S1
2024-08-02 16:00:00,16.41,55.58,1006.9,S3
2024-08-02 17:00:00,18.93,36.84,1020.87,S2
2024-08-02 18:00:00,15.01,46.51,1009.76,S3
2024-08-02 19:00:00,17.44,54.75,1002.6,S2
2024-08-02 20:00:00,12.21,48.4,1024.52,S3
2024-08-02 21:00:00,13.27,43.92,1005.93,S2
2024-08-02 22:00:00,14.85,44.13,1014.1,S2
2024-08-02 23:00:00,12.99,51.68,1000.01,S3
2024-08-03 00:00:00,14.77,45.76,999.22,S2
2024-08-03 01:00:00,16.69,47.13,1028.38,S3
2024-08-03 02:00:00,12.91,50.41,1014.4,S3
2024-08-03 03:00:00,16.77,51.96,1011.94,S2
2024-08-03 04:00:00,10.82,44.52,1008.77,S1
2024-08-03 05:00:00,13.52,40.49,1005.22,S1
2024-08-03 06:00:00,14.26,42.31,1018.83,S1
2024-08-03 07:00:00,12.8,54.23,1027.2,S3
2024-08-03 08:00:00,13.53,47.68,1021.18,S3
2024-08-03 09:00:00,17.43,41.09,1019.11,S1
2024-08-03 10:00:00,17.11,42.68,1009.86,S3
2024-08-03 11:00:00,16.07,53.17,1019.35,S1
2024-08-03 12:00:00,16.7,47.79,1032.49,S3
2024-08-03 13:00:00,13.37,38.99,1010.34,S3
2024-08-03 14:00:00,12.16,41.86,1016.59,S3
2024-08-03 15:00:00,12.99,53.14,1026.6,S1
2024-08-03 16:00:00,13.28,44.54,1032.5,S2
2024-08-03 17:00:00,13.37,57.86,1014.4,S3
2024-08-03 18:00:00,15.64,56.97,1021.48,S3
2024-08-03 19:00:00,15.22,54.84,1010.46,S1
2024-08-03 20:00:00,14.22,49.89,1016.24,S1
2024-08-03 21:00:00,14.34,52.57,1010.57,S3
2024-08-03 22:00:00,16.75,47.14,1024.75,S3
2024-08-03 23:00:00,11.97,47.27,1029.76,S2
2024-08-04 00:00:00,16.13,41.43,1000.94,S3
2024-08-04 01:00:00,10.32,47.21,1011.95,S3
2024-08-04 02:00:00,13.4,41.09,1007.59,S3
2024-08-04 03:00:00,17.55,47.47,1009.81,S2
2024-08-04 04:00:00,15.13,41.39,1010.58,S3
2024-08-04 05:00:00,13.58,43.11,1004.32,S2
2024-08-04 06:00:00,16.34,34.69,1015.79,S1
2024-08-04 07:00:00,15.7,43.55,1001.35,S3
2024-08-04 08:00:00,15.61,43.87,1021.83,S3
2024-08-04 09:00:00,14.09,45.93,1015.94,S3
2024-08-04 10:00:00,16.41,53.44,1002.39,S3
2024-08-04 11:00:00,13.19,47.23,1001.86,S2
2024-08-04 12:00:00,13.09,52.14,1020.82,S1
2024-08-04 13:00:00,18.22,52.35,1005.96,S1
2024-08-04 14:00:00,13.46,54.56,1028.47,S2
2024-08-04 15:00:00,10.39,42.98,991.77,S2
2024-08-04 16:00:00,16.58,41.61,1002.48,S2
2024-08-04 17:00:00,17.17,46.94,1009.16,S2
2024-08-04 18:00:00,13.97,42.32,1012.69,S3
2024-08-04 19:00:00,10.25,46.39,1019.63,S3
2024-08-04 20:00:00,14.32,42.8,1010.98,S2
2024-08-04 21:00:00,18.57,41.45,1009.79,S3
2024-08-04 22:00:00,14.82,49.33,1006.27,S3
2024-08-04 23:00:00,15.95,56.89,1005.09,S1
2024-08-05 00:00:00,16.06,46.32,1005.87,S3
2024-08-05 01:00:00,16.34,48.96,1012.22,S1
2024-08-05 02:00:00,18.12,47.91,994.54,S3
2024-08-05 03:00:00,16.55,47.41,1018.37,S1
2024-08-05 04:00:00,14.22,54.74,1013.69,S1
2024-08-05 05:00:00,12.14,46.22,1011.83,S1
2024-08-05 06:00:00,15.23,31.41,1024.38,S1
2024-08-05 07:00:00,13.98,43.22,1018.95,S2
2024-08-05 08:00:00,15.79,48.15,1014.28,S3
2024-08-05 09:00:00,12.62,47.09,1019.54,S2
2024-08-05 10:00:00,13.74,46.48,1006.77,S3
2024-08-05 11:00:00,14.36,45.08,1018.93,S2
2024-08-05 12:00:00,12.45,48.07,1021.21,S3
2024-08-05 13:00:00,14.41,57.92,988.53,S2
2024-08-05 14:00:00,15.89,46.02,1030.7,S2
2024-08-05 15:00:00,18.14,58.48,1016.34,S1
2024-08-05 16:00:00,12.84,50.02,1019.11,S2
2024-08-05 17:00:00,16.12,44.32,1023.83,S1
2024-08-05 18:00:00,10.34,52.01,1011.63,S1
2024-08-05 19:00:00,14.28,35.51,1008.84,S2
2024-08-05 20:00:00,14.43,47.61,1016.0,S3
2024-08-05 21:00:00,15.91,50.29,1040.59,S2
2024-08-05 22:00:00,13.23,50.36,1011.99,S1
2024-08-05 23:00:00,14.76,50.89,1006.59,S1
2024-08-06 00:00:00,16.48,51.34,1026.42,S2
2024-08-06 01:00:00,12.0,49.21,992.13,S2
2024-08-06 02:00:00,10.33,51.34,1011.91,S2
2024-08-06 03:00:00,16.4,44.93,1006.64,S2
2024-08-06 04:00:00,12.24,53.62,1019.29,S3
2024-08-06 05:00:00,15.15,45.45,1014.36,S1
2024-08-06 06:00:00,18.13,53.54,1002.0,S2
2024-08-06 07:00:00,15.89,47.66,1019.47,S2
2024-08-06 08:00:00,12.27,48.86,1004.79,S2
2024-08-06 09:00:00,11.29,52.18,1012.53,S1
2024-08-06 10:00:00,12.65,55.31,1008.73,S1
2024-08-06 11:00:00,14.54,47.99,1021.15,S1
2024-08-06 12:00:00,13.69,48.87,1008.41,S2
2024-08-06 13:00:00,16.91,34.88,982.09,S1
2024-08-06 14:00:00,15.51,43.46,1001.85,S2
2024-08-06 15:00:00,12.71,40.25,1013.63,S2
2024-08-06 16:00:00,15.86,45.79,1006.4,S3
2024-08-06 17:00:00,17.18,44.48,1024.92,S3
2024-08-06 18:00:00,13.53,43.87,1002.79,S3
2024-08-06 19:00:00,15.11,42.67,1018.77,S1
2024-08-06 20:00:00,12.4,50.47,1021.08,S3
2024-08-06 21:00:00,13.86,38.89,1014.76,S1
2024-08-06 22:00:00,12.35,42.4,1017.09,S2
2024-08-06 23:00:00,16.61,48.02,1011.65,S3
2024-08-07 00:00:00,13.12,52.71,1015.76,S3
2024-08-07 01:00:00,15.0,43.22,1008.14,S1
2024-08-07 02:00:00,15.38,53.13,1015.26,S1
2024-08-07 03:00:00,20.32,34.22,1010.12,S3
2024-08-07 04:00:00,13.57,47.9,1010.12,S1
2024-08-07 05:00:00,12.54,49.43,1006.35,S1
2024-08-07 06:00:00,13.94,42.96,1010.83,S1
2024-08-07 07:00:00,12.38,41.36,1028.09,S2
2024-08-07 08:00:00,13.1,48.55,1010.59,S3
2024-08-07 09:00:00,15.52,47.74,1022.4,S1
2024-08-07 10:00:00,12.72,43.87,1018.24,S1
2024-08-07 11:00:00,15.18,46.49,1015.47,S2
2024-08-07 12:00:00,15.25,44.93,1015.86,S2
2024-08-07 13:00:00,14.55,54.2,1013.21,S2
2024-08-07 14:00:00,15.38,51.35,1007.18,S2
2024-08-07 15:00:00,13.45,48.93,1030.18,S3
2024-08-07 16:00:00,10.02,57.4,1023.58,S3
2024-08-07 17:00:00,14.14,53.15,1013.43,S1
2024-08-07 18:00:00,14.17,54.2,1013.69,S3
2024-08-07 19:00:00,13.27,55.89,1018.66,S1
2024-08-07 20:00:00,15.3,47.21,1002.42,S3
2024-08-07 21:00:00,15.53,41.91,1005.17,S3
2024-08-07 22:00:00,14.43,39.09,994.23,S3
2024-08-07 23:00:00,14.19,51.71,1010.88,S1
2024-08-08 00:00:00,16.42,43.19,1024.92,S1
2024-08-08 01:00:00,11.83,64.66,1010.18,S2
2024-08-08 02:00:00,13.31,43.82,1034.91,S1
2024-08-08 03:00:00,15.96,42.96,1008.64,S2
2024-08-08 04:00:00,15.03,51.93,1014.78,S1
2024-08-08 05:00:00,13.49,52.04,1010.22,S1
2024-08-08 06:00:00,14.73,57.04,990.61,S3
2024-08-08 07:00:00,12.85,46.82,1010.25,S1
2024-08-08 08:00:00,14.26,53.87,1004.59,S3
2024-08-08 09:00:00,15.31,47.26,1015.35,S1
2024-08-08 10:00:00,16.51,50.81,1025.76,S2
2024-08-08 11:00:00,15.24,47.02,1009.47,S1
2024-08-08 12:00:00,16.64,57.67,1016.71,S3
2024-08-08 13:00:00,11.02,59.44,1010.87,S3
2024-08-08 14:00:00,9.48,42.16,1021.97,S3
2024-08-08 15:00:00,9.53,54.5,1035.81,S3
2024-08-08 16:00:00,16.12,43.47,1027.85,S1
2024-08-08 17:00:00,15.09,53.94,1006.84,S3
2024-08-08 18:00:00,12.44,56.34,1026.81,S3
2024-08-08 19:00:00,13.11,43.33,1016.0,S1
2024-08-08 20:00:00,14.54,42.04,1025.32,S3
2024-08-08 21:00:00,12.42,45.68,1002.74,S2
2024-08-08 22:00:00,12.22,54.0,1012.11,S2
2024-08-08 23:00:00,12.54,50.55,1014.79,S3
2024-08-09 00:00:00,12.37,46.93,1012.46,S2
2024-08-09 01:00:00,13.93,51.79,1015.9,S3
2024-08-09 02:00:00,17.16,46.73,1011.9,S1
2024-08-09 03:00:00,11.82,48.85,1009.44,S2
2024-08-09 04:00:00,13.68,50.93,1008.43,S2
2024-08-09 05:00:00,14.74,50.6,1004.81,S1
2024-08-09 06:00:00,14.88,56.67,1016.08,S2
2024-08-09 07:00:00,12.8,42.21,1011.57,S3
2024-08-09 08:00:00,15.04,52.96,1007.6,S3
2024-08-09 09:00:00,14.64,43.53,998.01,S2
2024-08-09 10:00:00,12.89,46.22,1018.39,S1
2024-08-09 11:00:00,11.08,47.45,1019.76,S3
2024-08-09 12:00:00,11.49,46.14,1003.62,S3
2024-08-09 13:00:00,15.27,41.54,1014.03,S2
2024-08-09 14:00:00,16.62,46.01,1007.55,S1
2024-08-09 15:00:00,13.76,49.64,1020.18,S3
2024-08-09 16:00:00,16.56,47.61,1008.04,S1
2024-08-09 17:00:00,13.65,55.65,1008.08,S2
2024-08-09 18:00:00,11.46,47.76,1014.31,S2
2024-08-09 19:00:00,13.32,48.38,1008.8,S3
2024-08-09 20:00:00,16.72,49.22,1008.11,S1
2024-08-09 21:00:00,12.52,47.65,1006.85,S1
2024-08-09 22:00:00,13.45,50.71,1008.58,S2
2024-08-09 23:00:00,16.09,45.74,1009.25,S2
2024-08-10 00:00:00,15.95,42.51,1013.13,S2
2024-08-10 01:00:00,14.32,47.98,1011.38,S2
2024-08-10 02:00:00,14.77,50.27,1017.95,S2
2024-08-10 03:00:00,15.82,49.17,1001.47,S3
2024-08-10 04:00:00,14.31,43.92,1033.89,S3
2024-08-10 05:00:00,16.25,49.17,1013.22,S1
2024-08-10 06:00:00,15.02,51.77,1022.71,S3
2024-08-10 07:00:00,13.38,49.4,1017.83,S3
2024-08-10 08:00:00,14.54,44.84,1014.21,S3
2024-08-10 09:00:00,12.89,48.78,1017.51,S1
2024-08-10 10:00:00,11.73,56.92,1016.4,S3
2024-08-10 11:00:00,11.37,43.22,1011.24,S1
2024-08-10 12:00:00,13.23,53.9,1036.94,S1
2024-08-10 13:00:00,14.27,37.21,1024.15,S3
2024-08-10 14:00:00,17.24,45.71,997.06,S3
2024-08-10 15:00:00,14.46,46.29,1023.51,S3
2024-08-10 16:00:00,14.01,53.85,1013.71,S2
2024-08-10 17:00:00,13.42,57.31,1029.37,S1
2024-08-10 18:00:00,12.9,54.02,1009.74,S1
2024-08-10 19:00:00,13.87,51.02,989.64,S2
2024-08-10 20:00:00,13.05,53.79,1009.49,S2
2024-08-10 21:00:00,12.95,41.72,996.98,S3
2024-08-10 22:00:00,15.23,52.96,1006.19,S2
2024-08-10 23:00:00,11.77,42.98,1007.29,S2
2024-08-11 00:00:00,13.08,44.8,1016.78,S2
2024-08-11 01:00:00,12.2,50.49,1015.55,S1
2024-08-11 02:00:00,13.8,42.33,1019.4,S2
2024-08-11 03:00:00,15.27,54.65,1018.55,S3
2024-08-11 04:00:00,14.26,48.53,1032.41,S1
2024-08-11 05:00:00,13.11,42.03,1013.02,S1
2024-08-11 06:00:00,15.43,56.09,1018.14,S2
2024-08-11 07:00:00,15.31,47.23,1021.85,S2
2024-08-11 08:00:00,13.61,47.74,1006.54,S2
2024-08-11 09:00:00,16.72,47.46,1000.36,S2
2024-08-11 10:00:00,14.36,33.98,1016.68,S3
2024-08-11 11:00:00,14.3,54.87,1009.0,S2
2024-08-11 12:00:00,11.11,48.72,1020.8,S3
2024-08-11 13:00:00,10.14,49.36,1020.34,S2
2024-08-11 14:00:00,13.63,52.0,1022.89,S2
2024-08-11 15:00:00,15.49,47.14,1005.14,S3
2024-08-11 16:00:00,14.15,43.0,1007.26,S2
2024-08-11 17:00:00,15.39,43.96,1014.07,S1
2024-08-11 18:00:00,12.65,52.99,1011.22,S3
2024-08-11 19:00:00,13.64,48.57,1017.57,S3
2024-08-11 20:00:00,13.5,53.67,1026.6,S1
2024-08-11 21:00:00,9.86,54.56,1012.0,S3
2024-08-11 22:00:00,17.04,53.09,999.44,S2
2024-08-11 23:00:00,15.85,54.94,993.46,S3
2024-08-12 00:00:00,15.31,45.11,1000.08,S3
2024-08-12 01:00:00,16.01,51.68,999.75,S1
2024-08-12 02:00:00,12.5,46.34,1019.67,S3
2024-08-12 03:00:00,15.02,43.22,1012.52,S2
2024-08-12 04:00:00,12.49,51.0,1013.75,S3
2024-08-12 05:00:00,13.72,52.47,1020.22,S3
2024-08-12 06:00:00,9.93,46.99,1026.63,S1
2024-08-12 07:00:00,13.11,48.96,1011.05,S1
2024-08-12 08:00:00,10.34,52.24,1020.43,S3
2024-08-12 09:00:00,10.89,45.67,1016.52,S2
2024-08-12 10:00:00,13.29,52.79,997.43,S1
2024-08-12 11:00:00,11.97,44.21,998.16,S1
2024-08-12 12:00:00,14.06,50.79,1009.6,S2
2024-08-12 13:00:00,16.73,42.71,1014.97,S1
2024-08-12 14:00:00,12.13,55.5,1017.81,S3
2024-08-12 15:00:00,12.84,52.2,1011.02,S1
2024-08-12 16:00:00,14.69,58.83,996.04,S2
2024-08-12 17:00:00,12.02,44.12,1009.32,S3
2024-08-12 18:00:00,11.92,52.12,994.62,S2
2024-08-12 19:00:00,12.46,48.71,1010.95,S2
2024-08-12 20:00:00,15.1,41.48,1018.6,S2
2024-08-12 21:00:00,9.8,49.37,1017.29,S2
2024-08-12 22:00:00,11.64,51.67,1007.98,S1
2024-08-12 23:00:00,16.39,58.68,1017.05,S1
2024-08-13 00:00:00,7.12,46.32,1001.8,S1
2024-08-13 01:00:00,13.06,51.22,1006.58,S1
2024-08-13 02:00:00,16.37,50.39,996.43,S3
2024-08-13 03:00:00,17.12,47.99,1007.69,S1
2024-08-13 04:00:00,14.9,48.37,1005.25,S2
2024-08-13 05:00:00,15.64,52.61,1008.91,S3
2024-08-13 06:00:00,11.39,48.38,1010.28,S1
2024-08-13 07:00:00,11.55,47.71,1015.49,S1
2024-08-13 08:00:00,16.71,46.36,993.36,S3
2024-08-13 09:00:00,12.74,41.4,1004.4,S1
2024-08-13 10:00:00,9.51,53.58,1022.78,S2
2024-08-13 11:00:00,14.1,46.33,1022.96,S2
2024-08-13 12:00:00,12.87,55.09,1013.56,S2
2024-08-13 13:00:00,13.41,55.24,1013.77,S2
2024-08-13 14:00:00,8.48,60.93,1001.73,S1
2024-08-13 15:00:00,7.94,51.17,1009.27,S2
2024-08-13 16:00:00,13.84,51.76,1021.22,S1
2024-08-13 17:00:00,12.62,52.02,1000.55,S1
2024-08-13 18:00:00,12.31,50.27,1014.45,S1
2024-08-13 19:00:00,14.0,54.88,1018.57,S1
2024-08-13 20:00:00,11.66,48.57,1013.47,S3
2024-08-13 21:00:00,12.68,51.75,1011.51,S3
2024-08-13 22:00:00,12.31,48.46,1011.41,S3
2024-08-13 23:00:00,14.97,42.45,1018.01,S2
2024-08-14 00:00:00,9.43,52.73,1014.95,S1
2024-08-14 01:00:00,11.89,35.27,1017.94,S1
2024-08-14 02:00:00,15.36,51.77,1009.33,S2
2024-08-14 03:00:00,11.5,54.47,1009.79,S3
2024-08-14 04:00:00,13.41,51.98,1018.49,S1
2024-08-14 05:00:00,16.5,45.1,1004.08,S2
2024-08-14 06:00:00,13.48,56.79,1001.71,S3
2024-08-14 07:00:00,17.44,58.14,1035.73,S2
2024-08-14 08:00:00,15.95,52.4,1017.23,S2
2024-08-14 09:00:00,11.84,58.35,1010.54,S1
2024-08-14 10:00:00,10.61,59.69,1006.05,S3
2024-08-14 11:00:00,11.93,45.89,1003.81,S3
2024-08-14 12:00:00,13.89,44.55,1012.52,S1
2024-08-14 13:00:00,13.82,52.82,1012.05,S3
2024-08-14 14:00:00,14.45,33.41,1017.39,S2
2024-08-14 15:00:00,11.26,48.02,1000.01,S2
2024-08-14 16:00:00,11.55,45.84,1000.42,S2
2024-08-14 17:00:00,14.22,48.19,1015.6,S1
2024-08-14 18:00:00,17.08,43.01,1016.86,S3
2024-08-14 19:00:00,10.9,48.39,1022.04,S1
2024-08-14 20:00:00,12.94,52.19,1029.62,S1
2024-08-14 21:00:00,12.36,57.8,1010.31,S1
2024-08-14 22:00:00,13.37,51.52,1019.71,S1
2024-08-14 23:00:00,10.68,40.31,1002.59,S3
2024-08-15 00:00:00,13.24,49.52,987.14,S2
2024-08-15 01:00:00,15.5,56.29,1003.21,S2
2024-08-15 02:00:00,9.81,48.17,1008.21,S2
2024-08-15 03:00:00,15.04,52.64,1034.51,S3
2024-08-15 04:00:00,10.66,55.28,996.37,S3
2024-08-15 05:00:00,13.56,50.09,1020.41,S3
2024-08-15 06:00:00,14.01,51.03,1007.08,S2
2024-08-15 07:00:00,13.78,52.19,1017.98,S3
2024-08-15 08:00:00,12.36,47.17,1013.42,S2
2024-08-15 09:00:00,14.35,48.24,1003.85,S2
2024-08-15 10:00:00,10.5,44.88,1023.24,S1
2024-08-15 11:00:00,14.84,46.85,1017.49,S3
2024-08-15 12:00:00,12.08,53.34,1012.85,S1
2024-08-15 13:00:00,13.64,51.98,1015.94,S3
2024-08-15 14:00:00,12.29,43.63,1008.75,S3
2024-08-15 15:00:00,16.05,44.55,993.67,S1
2024-08-15 16:00:00,13.86,46.4,1014.12,S3
2024-08-15 17:00:00,14.29,42.27,1035.27,S3
2024-08-15 18:00:00,14.55,50.61,1021.45,S3
2024-08-15 19:00:00,12.49,46.21,1015.93,S2
2024-08-15 20:00:00,13.54,51.92,1016.85,S2
2024-08-15 21:00:00,13.29,54.43,1012.99,S3
2024-08-15 22:00:00,14.24,40.99,990.6,S1
2024-08-15 23:00:00,12.06,46.24,1002.48,S2
2024-08-16 00:00:00,11.53,41.64,1012.36,S2
2024-08-16 01:00:00,15.3,40.19,1022.23,S3
2024-08-16 02:00:00,14.51,52.11,1031.31,S2
2024-08-16 03:00:00,11.25,50.45,1002.24,S1
2024-08-16 04:00:00,16.73,46.57,1019.56,S1
2024-08-16 05:00:00,11.78,44.66,990.7,S1
2024-08-16 06:00:00,13.15,44.01,1009.69,S1
2024-08-16 07:00:00,15.25,50.31,1012.72,S2
2024-08-16 08:00:00,15.22,48.27,1029.85,S2
2024-08-16 09:00:00,11.49,44.96,1004.84,S1
2024-08-16 10:00:00,13.93,51.53,1009.52,S2
2024-08-16 11:00:00,12.27,50.87,1022.92,S3
2024-08-16 12:00:00,13.72,44.61,1005.67,S3
2024-08-16 13:00:00,12.63,47.1,1007.71,S3
2024-08-16 14:00:00,12.07,53.78,998.59,S3
2024-08-16 15:00:00,10.94,53.23,1019.23,S3
2024-08-16 16:00:00,15.23,46.21,998.67,S1
2024-08-16 17:00:00,11.37,57.81,1023.52,S2
2024-08-16 18:00:00,15.79,48.63,1000.52,S1
2024-08-16 19:00:00,12.26,53.46,1005.43,S1
2024-08-16 20:00:00,13.81,44.27,1001.28,S1
2024-08-16 21:00:00,15.92,48.77,1010.17,S2
2024-08-16 22:00:00,11.97,44.96,1023.77,S3
2024-08-16 23:00:00,13.77,41.28,1006.01,S1
2024-08-17 00:00:00,13.81,49.34,1003.19,S2
2024-08-17 01:00:00,11.49,47.92,1012.82,S1
2024-08-17 02:00:00,13.26,54.93,1012.34,S2
2024-08-17 03:00:00,14.3,46.69,1019.78,S1
2024-08-17 04:00:00,16.21,50.93,999.85,S3
2024-08-17 05:00:00,11.97,47.56,1015.38,S2
2024-08-17 06:00:00,13.49,44.74,1025.4,S1
2024-08-17 07:00:00,12.53,53.64,1002.85,S3
2024-08-17 08:00:00,13.17,46.55,1014.91,S3
2024-08-17 09:00:00,11.59,47.45,1002.83,S2
2024-08-17 10:00:00,12.44,43.7,1023.95,S3
2024-08-17 11:00:00,15.8,41.2,1029.92,S2
2024-08-17 12:00:00,13.02,51.91,1001.09,S2
2024-08-17 13:00:00,12.91,49.16,1015.92,S3
2024-08-17 14:00:00,11.05,54.25,1016.57,S3
2024-08-17 15:00:00,14.93,52.22,1014.34,S2
2024-08-17 16:00:00,14.44,43.45,1010.74,S3
2024-08-17 17:00:00,12.99,49.7,1007.29,S2
2024-08-17 18:00:00,16.54,49.52,997.34,S3
2024-08-17 19:00:00,11.66,54.76,1011.38,S2
2024-08-17 20:00:00,10.64,55.88,1021.64,S3
2024-08-17 21:00:00,12.53,41.07,1024.04,S3
2024-08-17 22:00:00,11.02,55.22,1014.8,S1
2024-08-17 23:00:00,13.19,54.55,1003.11,S1
2024-08-18 00:00:00,12.85,45.68,1000.19,S2
2024-08-18 01:00:00,15.01,49.52,1006.82,S1
2024-08-18 02:00:00,11.78,39.24,993.9,S1
2024-08-18 03:00:00,13.35,49.51,987.77,S2
2024-08-18 04:00:00,13.06,44.52,999.55,S3
2024-08-18 05:00:00,14.35,52.39,1016.12,S3
2024-08-18 06:00:00,10.41,51.85,996.62,S2
2024-08-18 07:00:00,10.87,49.33,1016.29,S1
2024-08-18 08:00:00,11.51,50.79,1004.73,S3
2024-08-18 09:00:00,10.49,45.86,1025.03,S1
2024-08-18 10:00:00,13.88,44.18,1006.99,S2
2024-08-18 11:00:00,13.89,60.4,1008.38,S1
2024-08-18 12:00:00,14.83,54.96,1005.5,S2
2024-08-18 13:00:00,12.35,50.5,1005.71,S2
2024-08-18 14:00:00,11.71,48.78,1013.88,S3
2024-08-18 15:00:00,10.74,61.87,1015.87,S2
2024-08-18 16:00:00,15.23,58.24,1012.54,S3
2024-08-18 17:00:00,12.18,48.45,1000.27,S2
2024-08-18 18:00:00,11.17,45.03,1017.07,S3
2024-08-18 19:00:00,14.11,50.15,1000.9,S1
2024-08-18 20:00:00,11.93,48.01,1002.12,S2
2024-08-18 21:00:00,10.47,45.17,1007.33,S1
2024-08-18 22:00:00,10.86,56.78,1020.75,S2
2024-08-18 23:00:00,12.77,52.54,1001.61,S2
2024-08-19 00:00:00,10.44,47.89,1016.68,S2
2024-08-19 01:00:00,12.41,47.83,987.31,S3
2024-08-19 02:00:00,10.85,50.01,1018.06,S3
2024-08-19 03:00:00,10.68,47.52,1023.45,S1
2024-08-19 04:00:00,11.59,47.1,1019.08,S1
2024-08-19 05:00:00,12.88,60.24,1012.5,S2
2024-08-19 06:00:00,13.2,45.42,1006.04,S1
2024-08-19 07:00:00,14.4,38.93,1003.59,S2
2024-08-19 08:00:00,10.98,53.27,1004.54,S2
2024-08-19 09:00:00,15.33,55.59,1006.99,S2
2024-08-19 10:00:00,17.98,50.78,1022.35,S3
2024-08-19 11:00:00,11.7,41.96,1011.79,S1
2024-08-19 12:00:00,9.0,49.35,1020.84,S3
2024-08-19 13:00:00,9.04,47.49,1043.43,S2
2024-08-19 14:00:00,11.53,56.73,1029.53,S2
2024-08-19 15:00:00,11.13,45.83,1012.84,S3
2024-08-19 16:00:00,12.52,51.21,1007.4,S1
2024-08-19 17:00:00,13.52,53.06,1021.33,S3
2024-08-19 18:00:00,9.93,45.79,1021.32,S3
2024-08-19 19:00:00,12.15,47.11,1018.38,S1
2024-08-19 20:00:00,11.48,52.26,1027.75,S2
2024-08-19 21:00:00,16.56,34.08,1003.56,S1
2024-08-19 22:00:00,9.72,56.92,1015.86,S1
2024-08-19 23:00:00,10.96,45.06,1012.63,S3
2024-08-20 00:00:00,12.54,50.35,1019.82,S2
2024-08-20 01:00:00,10.96,43.37,1008.39,S2
2024-08-20 02:00:00,14.73,56.73,1016.68,S2
2024-08-20 03:00:00,10.42,50.15,995.12,S3
2024-08-20 04:00:00,10.62,51.23,1012.8,S3
2024-08-20 05:00:00,14.89,52.96,1030.12,S1
2024-08-20 06:00:00,10.06,55.62,1007.81,S1
2024-08-20 07:00:00,14.11,44.59,1011.98,S3
2024-08-20 08:00:00,11.53,48.84,1023.69,S1
2024-08-20 09:00:00,11.19,56.51,1017.71,S3
2024-08-20 10:00:00,11.41,48.01,995.89,S1
2024-08-20 11:00:00,10.18,57.05,1011.6,S2
2024-08-20 12:00:00,14.23,51.25,1016.83,S3
2024-08-20 13:00:00,12.68,48.11,1026.67,S1
2024-08-20 14:00:00,14.19,53.7,1024.79,S3
2024-08-20 15:00:00,14.76,49.48,1012.36,S3
2024-08-20 16:00:00,13.48,54.51,1019.35,S1
2024-08-20 17:00:00,9.49,47.87,1012.22,S1
2024-08-20 18:00:00,10.45,54.55,1007.97,S3
2024-08-20 19:00:00,14.09,52.47,1023.96,S3
2024-08-20 20:00:00,12.49,48.59,1023.29,S1
2024-08-20 21:00:00,13.68,41.18,1015.69,S2
2024-08-20 22:00:00,12.19,52.7,1006.47,S2
2024-08-20 23:00:00,11.51,55.69,1012.73,S2
2024-08-21 00:00:00,13.66,51.28,1013.39,S3
2024-08-21 01:00:00,8.9,39.11,1022.22,S2
2024-08-21 02:00:00,11.71,56.03,1009.95,S3
2024-08-21 03:00:00,12.48,52.33,1013.28,S1
2024-08-21 04:00:00,12.76,53.44,1014.87,S2
2024-08-21 05:00:00,9.75,49.96,1010.3,S1
2024-08-21 06:00:00,9.83,40.71,1015.56,S2
2024-08-21 07:00:00,11.54,53.28,1014.11,S2
2024-08-21 08:00:00,12.2,49.29,1004.84,S1
2024-08-21 09:00:00,15.43,46.74,1007.44,S1
2024-08-21 10:00:00,10.56,59.12,998.92,S3
2024-08-21 11:00:00,11.32,53.35,1005.61,S1
2024-08-21 12:00:00,15.49,51.51,1027.27,S3
2024-08-21 13:00:00,14.43,46.11,1019.62,S3
2024-08-21 14:00:00,10.07,45.5,1004.97,S1
2024-08-21 15:00:00,13.64,52.95,1011.08,S2
2024-08-21 16:00:00,13.95,40.48,1004.3,S2
2024-08-21 17:00:00,12.67,53.21,1020.26,S2
2024-08-21 18:00:00,9.93,53.53,1015.52,S1
2024-08-21 19:00:00,11.08,57.35,1019.82,S2
2024-08-21 20:00:00,11.01,55.39,1009.84,S3
2024-08-21 21:00:00,13.32,56.19,1023.01,S1
2024-08-21 22:00:00,11.4,47.51,1001.08,S3
2024-08-21 23:00:00,11.73,43.18,1007.07,S2
2024-08-22 00:00:00,11.05,51.4,1009.02,S2
2024-08-22 01:00:00,9.13,52.74,1021.02,S2
2024-08-22 02:00:00,17.43,55.59,1007.57,S3
2024-08-22 03:00:00,13.04,57.98,1003.34,S2
2024-08-22 04:00:00,15.18,44.73,1013.09,S3
2024-08-22 05:00:00,10.0,54.84,1037.37,S1
2024-08-22 06:00:00,15.26,39.35,1003.24,S1
2024-08-22 07:00:00,11.43,51.95,1025.39,S1
2024-08-22 08:00:00,13.28,54.08,1012.92,S2
2024-08-22 09:00:00,14.19,42.96,1013.06,S3
2024-08-22 10:00:00,15.23,53.72,1006.97,S2
2024-08-22 11:00:00,12.11,45.29,1019.25,S1
2024-08-22 12:00:00,10.19,48.65,1023.38,S1
2024-08-22 13:00:00,12.16,54.93,1028.05,S2
2024-08-22 14:00:00,13.37,49.05,1015.86,S2
2024-08-22 15:00:00,11.11,48.98,1006.08,S2
2024-08-22 16:00:00,11.33,52.25,1030.87,S3
2024-08-22 17:00:00,9.08,54.65,1008.47,S2
2024-08-22 18:00:00,10.21,50.66,1005.28,S1
2024-08-22 19:00:00,13.05,58.59,1015.89,S1
2024-08-22 20:00:00,13.93,49.01,1003.36,S3
2024-08-22 21:00:00,14.36,56.86,1008.01,S2
2024-08-22 22:00:00,16.7,53.35,1019.27,S3
2024-08-22 23:00:00,15.12,54.07,1041.73,S2
2024-08-23 00:00:00,11.84,44.92,1018.65,S1
2024-08-23 01:00:00,10.27,56.81,1024.85,S2
2024-08-23 02:00:00,11.62,51.34,1007.93,S2
2024-08-23 03:00:00,11.03,62.31,1015.67,S1
2024-08-23 04:00:00,12.46,52.04,993.82,S1
2024-08-23 05:00:00,13.9,50.66,999.68,S1
2024-08-23 06:00:00,13.08,48.2,1014.56,S2
2024-08-23 07:00:00,15.26,50.8,1016.54,S3
2024-08-23 08:00:00,12.9,57.84,1021.45,S2
2024-08-23 09:00:00,9.55,54.71,1011.1,S3
2024-08-23 10:00:00,10.96,52.28,1028.09,S2
2024-08-23 11:00:00,12.9,55.09,1018.5,S2
2024-08-23 12:00:00,12.55,48.61,994.87,S2
2024-08-23 13:00:00,14.7,48.24,994.89,S2
2024-08-23 14:00:00,12.1,47.7,1014.29,S3
2024-08-23 15:00:00,11.72,55.79,1010.63,S2
2024-08-23 16:00:00,8.93,56.3,1015.22,S1
2024-08-23 17:00:00,10.46,46.87,1009.64,S1
2024-08-23 18:00:00,12.68,47.5,1007.0,S2
2024-08-23 19:00:00,12.48,50.2,1005.65,S3
2024-08-23 20:00:00,13.25,45.77,1012.43,S1
2024-08-23 21:00:00,12.95,52.08,1021.4,S1
2024-08-23 22:00:00,11.82,58.09,1002.24,S1
2024-08-23 23:00:00,10.04,52.76,1011.61,S2
2024-08-24 00:00:00,12.04,56.06,1027.25,S1
2024-08-24 01:00:00,11.95,44.33,995.59,S3
2024-08-24 02:00:00,14.77,48.42,1019.43,S3
2024-08-24 03:00:00,14.68,41.47,1010.92,S3
2024-08-24 04:00:00,11.06,50.65,1005.2,S1
2024-08-24 05:00:00,10.77,61.88,1007.46,S1
2024-08-24 06:00:00,9.3,59.83,1023.33,S3
2024-08-24 07:00:00,11.68,52.92,1011.7,S1
2024-08-24 08:00:00,11.06,51.4,1002.24,S3
2024-08-24 09:00:00,17.21,53.4,1004.33,S2
2024-08-24 10:00:00,9.76,45.12,1008.01,S2
2024-08-24 11:00:00,12.11,52.24,1021.68,S2
2024-08-24 12:00:00,10.7,40.31,1007.97,S1
2024-08-24 13:00:00,12.03,38.25,1012.75,S2
2024-08-24 14:00:00,11.31,49.31,1006.09,S2
2024-08-24 15:00:00,13.6,62.92,1009.02,S3
2024-08-24 16:00:00,12.85,59.39,1011.38,S3
2024-08-24 17:00:00,13.52,56.8,1003.7,S3
2024-08-24 18:00:00,10.46,51.17,1005.19,S2
2024-08-24 19:00:00,14.12,58.88,1007.79,S3
2024-08-24 20:00:00,10.99,48.54,1028.02,S2
2024-08-24 21:00:00,9.14,45.19,1013.61,S1
2024-08-24 22:00:00,11.58,48.26,1004.05,S2
2024-08-24 23:00:00,12.17,43.09,1021.44,S3
2024-08-25 00:00:00,9.44,62.46,1021.97,S3
2024-08-25 01:00:00,13.68,53.85,1003.84,S3
2024-08-25 02:00:00,10.3,46.79,1029.25,S3
2024-08-25 03:00:00,10.21,50.76,1016.83,S1
2024-08-25 04:00:00,11.92,50.61,1017.2,S1
2024-08-25 05:00:00,13.63,58.35,1016.61,S2
2024-08-25 06:00:00,9.48,62.37,1016.38,S3
2024-08-25 07:00:00,13.79,56.62,1011.85,S1
2024-08-25 08:00:00,7.58,54.91,1019.5,S1
2024-08-25 09:00:00,12.56,52.81,1009.7,S1
2024-08-25 10:00:00,9.63,51.8,1028.73,S3
2024-08-25 11:00:00,10.29,51.69,993.07,S1
2024-08-25 12:00:00,15.36,51.8,1003.9,S3
2024-08-25 13:00:00,9.9,50.25,1016.55,S1
2024-08-25 14:00:00,11.76,49.01,1012.2,S1
2024-08-25 15:00:00,9.74,45.96,1007.97,S3
2024-08-25 16:00:00,13.41,50.1,1014.75,S3
2024-08-25 17:00:00,12.68,44.72,1000.85,S3
2024-08-25 18:00:00,12.96,48.47,1002.64,S1
2024-08-25 19:00:00,14.12,50.75,1011.73,S2
2024-08-25 20:00:00,11.18,52.61,1016.84,S2
2024-08-25 21:00:00,14.0,52.53,1005.83,S3
2024-08-25 22:00:00,14.82,53.8,995.02,S3
2024-08-25 23:00:00,12.41,53.38,1015.3,S2
2024-08-26 00:00:00,9.62,60.31,1017.86,S2
2024-08-26 01:00:00,9.42,59.64,1002.09,S3
2024-08-26 02:00:00,12.71,49.44,1009.07,S3
2024-08-26 03:00:00,9.61,55.96,1022.1,S3
2024-08-26 04:00:00,9.13,50.5,1001.41,S2
2024-08-26 05:00:00,13.58,43.03,1012.67,S2
2024-08-26 06:00:00,10.89,54.72,1006.35,S2
2024-08-26 07:00:00,16.64,48.76,1034.84,S3
2024-08-26 08:00:00,10.49,48.02,1000.73,S1
2024-08-26 09:00:00,10.8,48.5,994.76,S2
2024-08-26 10:00:00,12.51,47.66,1019.06,S1
2024-08-26 11:00:00,12.2,60.6,1009.74,S1
2024-08-26 12:00:00,11.62,45.42,1002.69,S2
2024-08-26 13:00:00,11.57,50.69,1008.08,S2
2024-08-26 14:00:00,18.26,43.02,1028.16,S2
2024-08-26 15:00:00,15.09,47.81,1013.03,S3
2024-08-26 16:00:00,13.46,44.91,1027.65,S1
2024-08-26 17:00:00,9.31,54.07,1000.61,S1
2024-08-26 18:00:00,11.61,43.88,1023.87,S1
2024-08-26 19:00:00,13.08,58.66,1003.32,S1
2024-08-26 20:00:00,13.25,44.95,1025.27,S3
2024-08-26 21:00:00,14.3,46.33,1024.45,S2
2024-08-26 22:00:00,10.46,54.91,1003.05,S2
2024-08-26 23:00:00,11.66,60.94,1017.22,S3
2024-08-27 00:00:00,10.23,49.37,1015.07,S2
2024-08-27 01:00:00,14.4,54.53,1022.36,S1
2024-08-27 02:00:00,13.13,46.35,1001.67,S3
2024-08-27 03:00:00,10.71,49.03,1008.93,S3
2024-08-27 04:00:00,12.17,51.05,1013.48,S1
2024-08-27 05:00:00,11.82,47.46,1028.05,S3
2024-08-27 06:00:00,9.95,57.31,1013.6,S1
2024-08-27 07:00:00,13.57,55.63,1003.29,S3
2024-08-27 08:00:00,11.86,48.97,1016.21,S2
2024-08-27 09:00:00,10.64,39.37,1002.85,S1
2024-08-27 10:00:00,9.9,48.01,996.14,S2
2024-08-27 11:00:00,13.4,57.95,1011.38,S3
2024-08-27 12:00:00,12.22,51.04,1015.78,S3
2024-08-27 13:00:00,10.3,56.79,1014.93,S3
2024-08-27 14:00:00,10.68,59.94,1013.53,S3
2024-08-27 15:00:00,11.69,54.72,1030.86,S3
2024-08-27 16:00:00,11.8,57.35,1028.51,S2
2024-08-27 17:00:00,12.05,48.86,1004.76,S1
2024-08-27 18:00:00,8.13,57.53,1022.43,S3
2024-08-27 19:00:00,11.9,50.66,1035.62,S3
2024-08-27 20:00:00,9.22,47.9,1030.58,S3
2024-08-27 21:00:00,14.49,62.31,1023.08,S2
2024-08-27 22:00:00,13.73,51.65,1011.66,S3
2024-08-27 23:00:00,13.96,48.2,999.95,S3
2024-08-28 00:00:00,6.72,53.89,1003.39,S3
2024-08-28 01:00:00,11.04,46.35,1018.28,S1
2024-08-28 02:00:00,11.48,45.51,1015.94,S1
2024-08-28 03:00:00,12.78,50.75,1013.69,S3
2024-08-28 04:00:00,13.43,44.6,1022.1,S1
2024-08-28 05:00:00,14.19,49.44,1024.7,S3
2024-08-28 06:00:00,6.98,45.26,1024.69,S3
2024-08-28 07:00:00,10.01,56.73,1020.36,S1
2024-08-28 08:00:00,11.72,60.26,1018.17,S1
2024-08-28 09:00:00,13.26,44.9,1007.73,S3
2024-08-28 10:00:00,13.21,62.52,1013.85,S1
2024-08-28 11:00:00,12.55,55.67,1016.6,S1
2024-08-28 12:00:00,10.32,53.09,1012.47,S1
2024-08-28 13:00:00,10.57,44.27,997.09,S2
2024-08-28 14:00:00,10.33,43.69,1016.21,S2
2024-08-28 15:00:00,9.62,51.72,1012.42,S2
2024-08-28 16:00:00,9.59,51.05,1011.62,S2
2024-08-28 17:00:00,9.39,50.45,1018.74,S2
2024-08-28 18:00:00,12.24,52.17,1018.53,S3
2024-08-28 19:00:00,11.82,48.37,1024.94,S1
2024-08-28 20:00:00,9.71,50.83,1018.91,S2
2024-08-28 21:00:00,8.14,51.94,1009.16,S1
2024-08-28 22:00:00,10.82,64.82,1026.23,S3
2024-08-28 23:00:00,14.51,40.63,1028.04,S1
2024-08-29 00:00:00,11.56,53.86,1012.79,S1
2024-08-29 01:00:00,13.14,52.42,1025.49,S3
2024-08-29 02:00:00,11.9,52.1,1014.63,S3
2024-08-29 03:00:00,11.42,53.84,1024.5,S1
2024-08-29 04:00:00,8.59,61.94,1026.24,S1
2024-08-29 05:00:00,10.72,53.76,1006.67,S3
2024-08-29 06:00:00,10.46,44.57,1027.0,S2
2024-08-29 07:00:00,14.48,53.84,1013.45,S2
2024-08-29 08:00:00,11.88,51.26,1016.9,S2
2024-08-29 09:00:00,14.07,48.98,1024.12,S2
2024-08-29 10:00:00,13.76,53.01,1010.43,S1
2024-08-29 11:00:00,9.81,51.49,1022.92,S2
2024-08-29 12:00:00,11.5,50.96,1014.67,S2
2024-08-29 13:00:00,14.87,51.59,1008.46,S3
2024-08-29 14:00:00,12.62,46.24,1019.43,S3
2024-08-29 15:00:00,12.5,55.71,1025.53,S3
2024-08-29 16:00:00,13.31,51.44,1014.06,S3
2024-08-29 17:00:00,12.44,53.46,1002.86,S1
2024-08-29 18:00:00,12.57,47.82,1009.78,S1
2024-08-29 19:00:00,12.08,46.56,1005.93,S1
2024-08-29 20:00:00,10.79,50.31,1035.75,S2
2024-08-29 21:00:00,9.35,52.03,1004.26,S2
2024-08-29 22:00:00,7.75,50.13,990.25,S1
2024-08-29 23:00:00,10.8,52.62,1009.15,S2
2024-08-30 00:00:00,12.33,41.44,1014.86,S2
2024-08-30 01:00:00,11.93,62.23,1013.33,S2
2024-08-30 02:00:00,12.72,48.39,1014.8,S2
2024-08-30 03:00:00,11.19,46.44,1000.2,S2
2024-08-30 04:00:00,16.89,57.96,1013.62,S3
2024-08-30 05:00:00,15.49,46.44,1003.09,S1
2024-08-30 06:00:00,8.4,53.27,1022.05,S1
2024-08-30 07:00:00,12.74,46.45,1001.57,S2
2024-08-30 08:00:00,13.36,50.76,1012.14,S2
2024-08-30 09:00:00,7.18,50.83,1005.05,S3
2024-08-30 10:00:00,11.75,48.54,1022.52,S1
2024-08-30 11:00:00,12.45,56.68,1008.3,S3
2024-08-30 12:00:00,11.4,59.4,1002.5,S3
2024-08-30 13:00:00,12.18,48.5,1023.54,S1
2024-08-30 14:00:00,11.56,52.99,993.07,S3
2024-08-30 15:00:00,12.81,45.74,1019.92,S3
2024-08-30 16:00:00,14.49,52.88,1016.37,S1
2024-08-30 17:00:00,12.94,56.47,1038.22,S1
2024-08-30 18:00:00,13.74,52.93,1019.51,S1
2024-08-30 19:00:00,9.27,49.55,1018.01,S3
2024-08-30 20:00:00,15.44,51.11,1004.48,S2
2024-08-30 21:00:00,12.01,49.99,1010.81,S2
2024-08-30 22:00:00,10.59,51.35,1015.62,S2
2024-08-30 23:00:00,12.2,49.15,1027.22,S3
2024-08-31 00:00:00,10.28,53.29,1005.31,S3
2024-08-31 01:00:00,11.64,46.44,994.62,S2
2024-08-31 02:00:00,11.96,38.5,1013.72,S1
2024-08-31 03:00:00,9.99,57.78,997.07,S1
2024-08-31 04:00:00,11.67,52.17,1021.09,S3
2024-08-31 05:00:00,9.95,53.06,1028.16,S2
2024-08-31 06:00:00,9.93,48.74,1023.31,S3
2024-08-31 07:00:00,9.32,50.34,1007.96,S3
2024-08-31 08:00:00,10.59,47.17,1029.2,S2
2024-08-31 09:00:00,10.23,58.4,1005.32,S3
2024-08-31 10:00:00,12.28,50.01,1003.17,S1
2024-08-31 11:00:00,13.52,44.8,1027.3,S1
2024-08-31 12:00:00,12.65,55.92,1009.44,S2
2024-08-31 13:00:00,13.27,58.22,1014.59,S3
2024-08-31 14:00:00,13.09,51.64,1023.15,S1
2024-08-31 15:00:00,9.46,60.11,1002.01,S2
2024-08-31 16:00:00,10.64,54.05,1007.66,S2
2024-08-31 17:00:00,14.87,51.96,1007.12,S2
2024-08-31 18:00:00,10.21,52.13,1010.67,S3
2024-08-31 19:00:00,15.01,55.1,1005.9,S2
2024-08-31 20:00:00,10.46,58.0,1016.72,S3
2024-08-31 21:00:00,7.2,55.22,1016.59,S2
2024-08-31 22:00:00,10.8,53.93,1013.01,S3
2024-08-31 23:00:00,12.98,53.0,1015.29,S1
2024-09-01 00:00:00,14.61,56.16,1006.45,S3
2024-09-01 01:00:00,8.32,49.47,1013.21,S1
2024-09-01 02:00:00,12.93,45.13,996.15,S1
2024-09-01 03:00:00,13.06,53.61,1022.9,S2
2024-09-01 04:00:00,13.87,47.63,1007.39,S1
2024-09-01 05:00:00,5.92,45.23,1007.82,S3
2024-09-01 06:00:00,14.58,60.8,1003.65,S1
2024-09-01 07:00:00,12.14,36.1,1014.4,S3
2024-09-01 08:00:00,12.17,55.85,1007.66,S3
2024-09-01 09:00:00,13.33,47.36,1019.3,S3
2024-09-01 10:00:00,7.24,48.73,1002.5,S2
2024-09-01 11:00:00,13.27,54.91,1014.38,S3
2024-09-01 12:00:00,15.99,64.4,1017.26,S2
2024-09-01 13:00:00,8.5,56.28,1020.97,S1
2024-09-01 14:00:00,11.11,47.68,1019.67,S1
2024-09-01 15:00:00,11.31,52.56,1003.93,S2
2024-09-01 16:00:00,11.94,51.36,1013.68,S1
2024-09-01 17:00:00,12.08,42.44,1011.96,S1
2024-09-01 18:00:00,9.88,53.11,1002.52,S1
2024-09-01 19:00:00,11.3,49.46,1012.73,S1
2024-09-01 20:00:00,14.7,56.53,999.06,S3
2024-09-01 21:00:00,12.02,51.31,1015.35,S1
2024-09-01 22:00:00,11.94,60.59,1025.06,S3
2024-09-01 23:00:00,9.77,54.63,1022.99,S1
2024-09-02 00:00:00,13.88,53.94,1016.91,S2
2024-09-02 01:00:00,10.76,62.71,1015.59,S2
2024-09-02 02:00:00,7.09,54.4,1011.85,S3
2024-09-02 03:00:00,12.03,61.12,1034.6,S2
2024-09-02 04:00:00,12.6,47.26,1010.86,S3
2024-09-02 05:00:00,10.59,42.84,999.83,S1
2024-09-02 06:00:00,6.72,54.05,1020.63,S2
2024-09-02 07:00:00,8.94,58.94,1017.61,S3
2024-09-02 08:00:00,10.94,47.22,1001.96,S3
2024-09-02 09:00:00,10.39,50.76,1009.03,S1
2024-09-02 10:00:00,12.05,44.59,1014.69,S1
2024-09-02 11:00:00,12.35,52.82,1007.35,S2
2024-09-02 12:00:00,10.29,52.93,1022.18,S3
2024-09-02 13:00:00,8.36,56.05,1005.22,S1
2024-09-02 14:00:00,14.06,50.5,1010.49,S2
2024-09-02 15:00:00,12.27,51.69,1008.79,S3
2024-09-02 16:00:00,12.49,56.17,1017.51,S1
2024-09-02 17:00:00,11.91,54.12,1019.33,S2
2024-09-02 18:00:00,13.33,55.07,1017.49,S2
2024-09-02 19:00:00,10.37,57.32,994.53,S1
2024-09-02 20:00:00,12.79,56.73,1014.63,S1
2024-09-02 21:00:00,12.47,63.63,1017.77,S3
2024-09-02 22:00:00,12.4,55.31,1018.92,S3
2024-09-02 23:00:00,8.73,55.33,1011.23,S1
2024-09-03 00:00:00,11.4,51.58,1013.24,S2
2024-09-03 01:00:00,11.89,53.43,1007.31,S1
2024-09-03 02:00:00,14.67,46.71,1025.78,S3
2024-09-03 03:00:00,11.31,50.04,999.59,S3
2024-09-03 04:00:00,13.27,58.78,1017.52,S1
2024-09-03 05:00:00,8.13,45.4,1003.05,S3
2024-09-03 06:00:00,9.67,60.14,1008.2,S2
2024-09-03 07:00:00,11.97,51.67,1012.61,S3
2024-09-03 08:00:00,11.95,48.64,993.14,S2
2024-09-03 09:00:00,9.66,51.81,999.07,S3
2024-09-03 10:00:00,13.0,56.15,996.99,S2
2024-09-03 11:00:00,10.75,53.65,1017.26,S1
2024-09-03 12:00:00,10.7,62.77,1023.24,S2
2024-09-03 13:00:00,10.92,55.4,997.04,S1
2024-09-03 14:00:00,13.75,55.79,1011.22,S3
2024-09-03 15:00:00,13.25,55.95,1015.75,S2
2024-09-03 16:00:00,14.83,53.95,1015.7,S2
2024-09-03 17:00:00,12.16,52.04,1033.09,S3
2024-09-03 18:00:00,14.92,53.79,1014.54,S3
2024-09-03 19:00:00,11.53,54.43,1003.72,S2
2024-09-03 20:00:00,10.8,53.03,1020.49,S1
2024-09-03 21:00:00,10.17,59.59,1028.91,S3
2024-09-03 22:00:00,10.7,59.08,999.98,S2
2024-09-03 23:00:00,10.79,47.41,1018.34,S3
2024-09-04 00:00:00,9.67,58.18,1013.29,S3
2024-09-04 01:00:00,9.86,53.25,1003.47,S1
2024-09-04 02:00:00,12.25,51.83,1006.61,S1
2024-09-04 03:00:00,10.06,56.91,1028.92,S1
2024-09-04 04:00:00,7.63,54.8,1020.73,S2
2024-09-04 05:00:00,7.52,48.9,1017.25,S3
2024-09-04 06:00:00,6.83,57.43,998.08,S1
2024-09-04 07:00:00,8.18,52.97,1019.74,S2
2024-09-04 08:00:00,8.62,57.36,1024.16,S1
2024-09-04 09:00:00,9.07,53.35,999.34,S1
2024-09-04 10:00:00,11.58,57.45,1013.22,S3
2024-09-04 11:00:00,8.46,58.18,1023.08,S2
2024-09-04 12:00:00,9.16,59.43,1021.73,S3
2024-09-04 13:00:00,7.34,50.41,1019.4,S1
2024-09-04 14:00:00,9.68,62.61,1013.44,S3
2024-09-04 15:00:00,12.44,52.77,1023.86,S2
2024-09-04 16:00:00,10.94,47.5,1014.61,S1
2024-09-04 17:00:00,11.15,54.41,1018.53,S1
2024-09-04 18:00:00,10.98,52.61,1016.43,S1
2024-09-04 19:00:00,8.41,50.6,1002.37,S1
2024-09-04 20:00:00,10.16,53.79,1003.78,S2
2024-09-04 21:00:00,11.42,57.3,998.48,S3
2024-09-04 22:00:00,12.91,55.22,1009.18,S2
2024-09-04 23:00:00,11.7,60.23,1021.12,S1
2024-09-05 00:00:00,12.73,52.96,1016.39,S2
2024-09-05 01:00:00,8.79,55.7,1012.68,S1
2024-09-05 02:00:00,7.95,54.83,1026.59,S1
2024-09-05 03:00:00,7.45,62.9,1009.97,S3
2024-09-05 04:00:00,12.59,48.53,1018.59,S1
2024-09-05 05:00:00,8.07,50.79,1009.59,S2
2024-09-05 06:00:00,13.07,64.03,998.03,S2
2024-09-05 07:00:00,10.05,52.52,1005.47,S3
2024-09-05 08:00:00,14.28,45.78,1005.21,S3
2024-09-05 09:00:00,10.04,63.58,998.78,S1
2024-09-05 10:00:00,10.15,48.81,1011.48,S1
2024-09-05 11:00:00,11.07,54.17,1005.58,S1
2024-09-05 12:00:00,10.1,59.07,1027.97,S1
2024-09-05 13:00:00,11.76,58.2,1010.66,S2
2024-09-05 14:00:00,8.83,49.32,1004.63,S1
2024-09-05 15:00:00,11.29,65.64,1002.12,S3
2024-09-05 16:00:00,9.42,56.36,1001.78,S2
2024-09-05 17:00:00,10.5,53.52,1021.78,S2
2024-09-05 18:00:00,8.16,48.75,1022.65,S1
2024-09-05 19:00:00,12.65,56.16,993.03,S1
2024-09-05 20:00:00,10.19,61.27,1034.63,S2
2024-09-05 21:00:00,12.74,52.35,1013.77,S3
2024-09-05 22:00:00,9.43,45.03,1023.22,S1
2024-09-05 23:00:00,10.88,50.27,1004.98,S2
2024-09-06 00:00:00,12.75,52.14,1003.16,S2
2024-09-06 01:00:00,8.54,46.19,1010.52,S1
2024-09-06 02:00:00,9.12,56.44,1016.75,S3
2024-09-06 03:00:00,12.51,57.5,1015.19,S2
2024-09-06 04:00:00,13.58,50.26,1024.69,S2
2024-09-06 05:00:00,10.91,58.07,995.32,S2
2024-09-06 06:00:00,8.94,49.28,1022.07,S1
2024-09-06 07:00:00,10.24,47.21,1018.14,S2
2024-09-06 08:00:00,14.81,48.6,1016.12,S2
2024-09-06 09:00:00,8.2,49.75,999.53,S1
2024-09-06 10:00:00,11.92,57.84,1005.02,S3
2024-09-06 11:00:00,11.11,56.69,1019.38,S2
2024-09-06 12:00:00,8.55,49.34,988.44,S1
2024-09-06 13:00:00,10.23,50.56,994.03,S3
2024-09-06 14:00:00,7.24,62.79,1017.6,S1
2024-09-06 15:00:00,11.43,58.04,1018.62,S3
2024-09-06 16:00:00,11.71,46.9,1005.55,S1
2024-09-06 17:00:00,8.11,60.6,1005.52,S3
2024-09-06 18:00:00,11.95,65.26,1022.51,S3
2024-09-06 19:00:00,9.51,53.86,1021.87,S1
2024-09-06 20:00:00,9.32,52.48,1009.6,S2
2024-09-06 21:00:00,8.88,51.87,1000.72,S3
2024-09-06 22:00:00,12.15,52.47,1027.75,S1
2024-09-06 23:00:00,7.48,57.87,1000.13,S2
2024-09-07 00:00:00,7.65,50.87,1019.76,S2
2024-09-07 01:00:00,9.64,57.87,1025.0,S1
2024-09-07 02:00:00,9.7,54.06,1012.93,S1
2024-09-07 03:00:00,12.07,51.12,1007.11,S3
2024-09-07 04:00:00,10.63,55.87,996.86,S1
2024-09-07 05:00:00,10.63,53.01,1013.62,S2
2024-09-07 06:00:00,7.57,50.9,998.37,S1
2024-09-07 07:00:00,10.34,53.96,1016.07,S2
2024-09-07 08:00:00,5.99,54.04,992.74,S2
2024-09-07 09:00:00,11.27,51.74,996.23,S1
2024-09-07 10:00:00,12.15,50.06,1014.31,S2
2024-09-07 11:00:00,9.23,54.6,1021.4,S2
2024-09-07 12:00:00,11.54,55.19,1010.16,S3
2024-09-07 13:00:00,9.91,56.17,1023.51,S2
2024-09-07 14:00:00,13.25,56.02,1007.39,S3
2024-09-07 15:00:00,11.24,60.78,1034.78,S3
2024-09-07 16:00:00,8.7,48.76,999.69,S3
2024-09-07 17:00:00,13.12,62.14,1005.87,S3
2024-09-07 18:00:00,12.43,47.53,1026.51,S2
2024-09-07 19:00:00,9.95,60.46,1010.42,S2
2024-09-07 20:00:00,11.76,56.74,1022.5,S1
2024-09-07 21:00:00,11.72,51.67,999.78,S3
2024-09-07 22:00:00,9.91,42.15,1003.47,S2
2024-09-07 23:00:00,10.89,46.79,1018.98,S3
2024-09-08 00:00:00,11.25,51.11,998.62,S3
2024-09-08 01:00:00,9.4,56.51,1000.87,S1
2024-09-08 02:00:00,13.44,51.62,1011.89,S3
2024-09-08 03:00:00,6.79,54.11,1026.18,S2
2024-09-08 04:00:00,12.1,52.13,1016.67,S2
2024-09-08 05:00:00,8.31,55.17,1010.92,S2
2024-09-08 06:00:00,10.25,47.41,1014.65,S2
2024-09-08 07:00:00,7.54,53.02,995.6,S3
2024-09-08 08:00:00,8.1,56.99,1007.2,S2
2024-09-08 09:00:00,10.56,67.0,1017.41,S1
2024-09-08 10:00:00,10.88,58.59,1015.37,S3
2024-09-08 11:00:00,12.85,53.46,1019.12,S2
2024-09-08 12:00:00,9.93,51.2,1020.01,S2
2024-09-08 13:00:00,11.95,56.69,1015.27,S1
2024-09-08 14:00:00,10.7,50.22,987.86,S3
2024-09-08 15:00:00,11.87,55.15,1016.36,S1
2024-09-08 16:00:00,8.53,56.02,1008.13,S1
2024-09-08 17:00:00,10.89,53.46,1009.13,S2
2024-09-08 18:00:00,11.46,59.31,1009.28,S2
2024-09-08 19:00:00,9.71,53.99,1015.92,S1
2024-09-08 20:00:00,11.47,52.22,998.3,S3
2024-09-08 21:00:00,11.65,51.93,995.84,S3
2024-09-08 22:00:00,9.66,48.04,1000.62,S3
2024-09-08 23:00:00,12.25,47.4,1022.2,S1
2024-09-09 00:00:00,6.09,57.51,1008.63,S3
2024-09-09 01:00:00,6.86,61.92,1018.05,S2
2024-09-09 02:00:00,8.62,65.28,1017.8,S1
2024-09-09 03:00:00,11.25,60.13,1016.97,S1
2024-09-09 04:00:00,9.17,57.16,1018.27,S1
2024-09-09 05:00:00,8.0,56.1,1007.78,S3
2024-09-09 06:00:00,10.5,61.12,1019.69,S3
2024-09-09 07:00:00,10.88,52.74,1016.82,S2
2024-09-09 08:00:00,9.4,63.6,997.14,S3
2024-09-09 09:00:00,8.3,54.41,1013.59,S3
2024-09-09 10:00:00,10.68,55.91,1011.51,S3
2024-09-09 11:00:00,12.25,54.75,1017.63,S3
2024-09-09 12:00:00,8.23,60.26,1013.26,S2
2024-09-09 13:00:00,13.82,54.59,1010.6,S2
2024-09-09 14:00:00,9.52,56.68,1028.56,S2
2024-09-09 15:00:00,9.38,48.57,1019.08,S3
2024-09-09 16:00:00,10.92,53.71,1013.41,S3
2024-09-09 17:00:00,10.86,59.92,1001.81,S1
2024-09-09 18:00:00,6.18,50.47,1014.21,S1
2024-09-09 19:00:00,10.43,54.57,1004.47,S3
2024-09-09 20:00:00,11.8,54.52,996.47,S1
2024-09-09 21:00:00,12.69,51.8,1008.93,S2
2024-09-09 22:00:00,10.4,59.83,1009.55,S2
2024-09-09 23:00:00,9.92,57.22,1023.3,S2
2024-09-10 00:00:00,12.08,59.27,1022.74,S1
2024-09-10 01:00:00,14.21,60.02,1019.69,S2
2024-09-10 02:00:00,10.81,54.93,1012.12,S2
2024-09-10 03:00:00,10.26,62.66,1012.26,S2
2024-09-10 04:00:00,13.13,48.71,1018.55,S3
2024-09-10 05:00:00,8.36,54.06,1019.43,S3
2024-09-10 06:00:00,10.74,55.56,1016.56,S2
2024-09-10 07:00:00,15.43,46.13,1018.09,S2
2024-09-10 08:00:00,11.52,61.91,1012.32,S3
2024-09-10 09:00:00,12.14,50.5,1010.18,S3
2024-09-10 10:00:00,9.95,55.2,990.8,S1
2024-09-10 11:00:00,11.78,58.64,1009.6,S3
2024-09-10 12:00:00,13.03,66.47,1005.77,S2
2024-09-10 13:00:00,7.57,46.56,1013.97,S3
2024-09-10 14:00:00,10.4,57.88,1006.24,S2
2024-09-10 15:00:00,11.29,53.53,1014.37,S1
2024-09-10 16:00:00,10.48,58.16,994.35,S3
2024-09-10 17:00:00,9.61,59.61,1003.36,S1
2024-09-10 18:00:00,13.38,57.03,1005.85,S2
2024-09-10 19:00:00,10.99,55.34,1002.5,S2
2024-09-10 20:00:00,9.18,49.67,1044.18,S2
2024-09-10 21:00:00,12.55,50.04,992.71,S2
2024-09-10 22:00:00,13.36,59.01,1019.75,S1
2024-09-10 23:00:00,12.86,50.69,1022.96,S3
2024-09-11 00:00:00,9.74,57.13,1008.59,S3
2024-09-11 01:00:00,9.83,61.52,1016.32,S2
2024-09-11 02:00:00,8.49,48.53,1019.1,S2
2024-09-11 03:00:00,11.07,61.56,1014.36,S1
2024-09-11 04:00:00,12.76,61.4,995.34,S1
2024-09-11 05:00:00,11.69,56.76,1017.07,S2
2024-09-11 06:00:00,14.06,51.98,1022.71,S2
2024-09-11 07:00:00,6.68,57.73,1033.64,S3
2024-09-11 08:00:00,10.83,54.19,999.21,S3
2024-09-11 09:00:00,12.21,51.55,1011.28,S3
2024-09-11 10:00:00,9.33,55.79,1012.72,S2
2024-09-11 11:00:00,8.28,50.73,1012.0,S1
2024-09-11 12:00:00,8.13,49.21,996.27,S1
2024-09-11 13:00:00,10.75,52.41,1024.02,S1
2024-09-11 14:00:00,8.08,46.54,1022.97,S2
2024-09-11 15:00:00,13.48,61.14,1016.77,S2
2024-09-11 16:00:00,11.56,57.74,1008.75,S1
2024-09-11 17:00:00,10.13,50.87,1010.84,S1
2024-09-11 18:00:00,10.37,52.63,1010.14,S1
2024-09-11 19:00:00,12.69,58.98,999.09,S2
2024-09-11 20:00:00,13.21,61.57,1020.01,S3
2024-09-11 21:00:00,8.66,55.75,1013.24,S3
2024-09-11 22:00:00,9.05,53.93,1019.87,S2
2024-09-11 23:00:00,9.8,47.06,1015.59,S3
2024-09-12 00:00:00,9.27,53.63,1002.95,S1
2024-09-12 01:00:00,6.9,49.56,1003.75,S3
2024-09-12 02:00:00,8.88,49.43,1026.14,S1
2024-09-12 03:00:00,9.1,61.44,1018.6,S2
2024-09-12 04:00:00,8.11,54.7,1009.2,S2
2024-09-12 05:00:00,11.39,56.0,1018.6,S1
2024-09-12 06:00:00,10.25,57.34,1004.29,S1
2024-09-12 07:00:00,11.74,54.42,1023.86,S3
2024-09-12 08:00:00,8.53,55.66,999.42,S1
2024-09-12 09:00:00,11.76,55.43,1014.97,S2
2024-09-12 10:00:00,10.78,53.21,1011.63,S2
2024-09-12 11:00:00,9.39,56.72,1013.13,S3
2024-09-12 12:00:00,13.7,54.92,1019.51,S1
2024-09-12 13:00:00,10.71,55.82,1023.01,S1
2024-09-12 14:00:00,9.43,55.41,1008.88,S3
2024-09-12 15:00:00,11.04,65.17,993.09,S2
2024-09-12 16:00:00,8.59,60.35,995.83,S1
2024-09-12 17:00:00,10.12,59.3,1009.18,S3
2024-09-12 18:00:00,14.53,57.78,1013.34,S3
2024-09-12 19:00:00,6.93,57.57,1016.75,S3
2024-09-12 20:00:00,9.42,54.04,1014.91,S3
2024-09-12 21:00:00,10.17,61.06,1021.91,S1
2024-09-12 22:00:00,9.73,57.11,1031.02,S3
2024-09-12 23:00:00,9.46,58.4,1013.96,S1
2024-09-13 00:00:00,13.85,54.02,1016.61,S2
2024-09-13 01:00:00,9.35,51.14,1005.35,S3
2024-09-13 02:00:00,11.25,61.19,1013.55,S3
2024-09-13 03:00:00,9.23,56.16,1015.07,S2
2024-09-13 04:00:00,11.25,53.13,1014.54,S3
2024-09-13 05:00:00,12.32,57.25,1005.49,S1
2024-09-13 06:00:00,10.3,55.02,1014.65,S2
2024-09-13 07:00:00,9.3,63.31,1013.92,S2
2024-09-13 08:00:00,10.2,53.79,1016.17,S1
2024-09-13 09:00:00,11.51,57.81,1008.99,S1
2024-09-13 10:00:00,12.17,61.03,1013.11,S2
2024-09-13 11:00:00,10.95,58.88,1034.77,S3
2024-09-13 12:00:00,10.28,58.32,1013.55,S1
2024-09-13 13:00:00,12.99,53.09,1023.71,S1
2024-09-13 14:00:00,9.18,56.22,1027.25,S1
2024-09-13 15:00:00,9.61,57.95,998.47,S2
2024-09-13 16:00:00,14.02,56.5,1011.01,S3
2024-09-13 17:00:00,10.23,63.07,1011.46,S1
2024-09-13 18:00:00,11.74,54.84,1033.14,S2
2024-09-13 19:00:00,8.65,55.85,1031.83,S2
2024-09-13 20:00:00,12.42,68.61,998.46,S3
2024-09-13 21:00:00,8.12,59.85,1002.94,S2
2024-09-13 22:00:00,7.97,50.87,1025.25,S2
2024-09-13 23:00:00,12.2,58.21,1007.78,S1
2024-09-14 00:00:00,9.69,59.7,1019.48,S1
2024-09-14 01:00:00,9.93,51.74,1010.81,S1
2024-09-14 02:00:00,11.27,54.25,1002.29,S2
2024-09-14 03:00:00,9.83,49.81,1026.04,S3
2024-09-14 04:00:00,8.31,57.24,1005.73,S3
2024-09-14 05:00:00,9.27,47.68,1011.7,S3
2024-09-14 06:00:00,8.45,51.86,1001.65,S2
2024-09-14 07:00:00,12.72,48.89,1001.89,S1
2024-09-14 08:00:00,12.81,57.46,1013.59,S2
2024-09-14 09:00:00,8.71,54.13,1003.49,S1
2024-09-14 10:00:00,11.26,57.82,1028.08,S2
2024-09-14 11:00:00,9.85,46.67,1019.89,S2
2024-09-14 12:00:00,13.31,51.95,1020.93,S3
2024-09-14 13:00:00,15.13,59.82,1010.07,S2
2024-09-14 14:00:00,11.85,50.13,1010.35,S3
2024-09-14 15:00:00,9.36,61.0,1017.44,S2
2024-09-14 16:00:00,8.06,55.14,985.96,S3
2024-09-14 17:00:00,10.87,51.73,1008.45,S2
2024-09-14 18:00:00,10.07,52.06,994.8,S2
2024-09-14 19:00:00,7.49,57.0,1015.27,S1
2024-09-14 20:00:00,10.53,66.92,1001.43,S1
2024-09-14 21:00:00,14.6,69.54,1011.79,S1
2024-09-14 22:00:00,11.98,49.29,1004.13,S2
2024-09-14 23:00:00,8.04,59.34,1027.27,S1
2024-09-15 00:00:00,10.33,64.32,1035.61,S1
2024-09-15 01:00:00,11.11,49.77,1022.17,S2
2024-09-15 02:00:00,11.35,52.88,1022.73,S2
2024-09-15 03:00:00,7.09,57.47,1012.57,S1
2024-09-15 04:00:00,10.12,56.23,1006.72,S1
2024-09-15 05:00:00,10.88,49.11,993.73,S2
2024-09-15 06:00:00,9.98,59.78,1014.82,S2
2024-09-15 07:00:00,6.49,58.23,1009.99,S3
2024-09-15 08:00:00,10.05,60.77,1015.24,S3
2024-09-15 09:00:00,11.92,58.74,1005.89,S2
2024-09-15 10:00:00,9.2,58.72,998.09,S2
2024-09-15 11:00:00,9.4,56.24,1001.41,S1
2024-09-15 12:00:00,13.14,62.15,1028.32,S3
2024-09-15 13:00:00,9.94,49.48,1032.35,S1
2024-09-15 14:00:00,10.56,50.64,997.28,S3
2024-09-15 15:00:00,6.61,61.62,1006.3,S1
2024-09-15 16:00:00,8.23,54.73,995.54,S3
2024-09-15 17:00:00,14.71,51.62,1013.61,S2
2024-09-15 18:00:00,13.64,60.39,1013.87,S2
2024-09-15 19:00:00,11.28,59.56,1011.84,S2
2024-09-15 20:00:00,5.75,46.24,1007.96,S1
2024-09-15 21:00:00,7.66,59.61,1015.45,S3
2024-09-15 22:00:00,7.61,53.06,1019.51,S1
2024-09-15 23:00:00,7.58,58.67,1019.94,S2
2024-09-16 00:00:00,9.55,55.84,1025.2,S3
2024-09-16 01:00:00,11.88,59.31,1009.51,S3
2024-09-16 02:00:00,9.05,56.2,1007.15,S1
2024-09-16 03:00:00,9.69,50.03,1022.53,S2
2024-09-16 04:00:00,9.7,48.23,1007.38,S1
2024-09-16 05:00:00,12.12,49.55,1010.86,S1
2024-09-16 06:00:00,12.1,50.73,1007.52,S2
2024-09-16 07:00:00,10.63,58.5,1029.98,S2
2024-09-16 08:00:00,12.86,61.12,1018.85,S1
2024-09-16 09:00:00,9.54,54.77,1001.65,S3
2024-09-16 10:00:00,13.8,51.86,1012.99,S2
2024-09-16 11:00:00,9.09,56.5,1017.05,S2
2024-09-16 12:00:00,6.36,46.49,1001.77,S2
2024-09-16 13:00:00,7.77,59.46,1016.54,S2
2024-09-16 14:00:00,7.59,56.02,1011.49,S3
2024-09-16 15:00:00,8.81,56.76,1000.75,S3
2024-09-16 16:00:00,12.55,53.72,999.53,S1
2024-09-16 17:00:00,9.39,53.29,1026.69,S1
2024-09-16 18:00:00,7.58,48.17,1004.61,S2
2024-09-16 19:00:00,7.37,60.77,1023.08,S1
2024-09-16 20:00:00,10.17,50.14,1019.57,S3
2024-09-16 21:00:00,13.33,52.85,1006.77,S2
2024-09-16 22:00:00,10.72,51.72,1017.99,S2
2024-09-16 23:00:00,12.17,60.64,1016.28,S2
2024-09-17 00:00:00,11.08,53.56,1022.07,S1
2024-09-17 01:00:00,7.22,61.31,1014.75,S2
2024-09-17 02:00:00,11.48,59.42,1009.68,S2
2024-09-17 03:00:00,8.0,51.79,1026.24,S3
2024-09-17 04:00:00,9.44,56.02,1020.31,S2
2024-09-17 05:00:00,8.83,48.05,1006.57,S1
2024-09-17 06:00:00,10.06,58.54,1011.24,S2
2024-09-17 07:00:00,9.77,53.28,1026.0,S1
2024-09-17 08:00:00,9.5,51.29,1027.99,S3
2024-09-17 09:00:00,9.71,55.21,1011.22,S3
2024-09-17 10:00:00,10.8,54.27,1017.88,S2
2024-09-17 11:00:00,9.71,58.01,1016.61,S3
2024-09-17 12:00:00,9.91,66.11,1002.0,S2
2024-09-17 13:00:00,14.24,63.23,1018.1,S3
2024-09-17 14:00:00,12.33,50.66,991.48,S3
2024-09-17 15:00:00,9.26,64.32,1022.1,S1
2024-09-17 16:00:00,10.47,56.88,1018.21,S1
2024-09-17 17:00:00,10.31,43.94,982.74,S2
2024-09-17 18:00:00,10.41,55.54,1003.35,S2
2024-09-17 19:00:00,10.21,48.89,995.39,S1
2024-09-17 20:00:00,10.42,54.5,1002.75,S3
2024-09-17 21:00:00,9.74,66.25,1014.34,S2
2024-09-17 22:00:00,9.01,50.16,1030.42,S3
2024-09-17 23:00:00,9.47,50.02,1018.17,S1
2024-09-18 00:00:00,6.77,56.24,1009.2,S3
2024-09-18 01:00:00,11.63,52.66,1020.17,S3
2024-09-18 02:00:00,11.2,55.48,1019.2,S2
2024-09-18 03:00:00,14.26,57.31,1027.47,S3
2024-09-18 04:00:00,7.84,49.37,1021.38,S1
2024-09-18 05:00:00,9.42,57.93,1013.06,S3
2024-09-18 06:00:00,12.56,52.99,997.94,S1
2024-09-18 07:00:00,10.95,62.17,1026.5,S1
2024-09-18 08:00:00,13.49,52.45,1011.76,S2
2024-09-18 09:00:00,13.18,53.27,1004.11,S1
2024-09-18 10:00:00,5.36,52.18,993.16,S1
2024-09-18 11:00:00,10.74,54.78,1001.5,S2
2024-09-18 12:00:00,10.75,49.65,1017.02,S2
2024-09-18 13:00:00,10.17,59.48,1009.11,S2
2024-09-18 14:00:00,9.35,54.25,1022.92,S1
2024-09-18 15:00:00,13.34,60.95,1029.2,S2
2024-09-18 16:00:00,10.16,57.2,991.65,S1
2024-09-18 17:00:00,3.94,65.47,1002.82,S1
2024-09-18 18:00:00,9.33,55.63,1014.39,S1
2024-09-18 19:00:00,14.35,55.15,1027.8,S2
2024-09-18 20:00:00,7.98,59.89,1004.62,S1
2024-09-18 21:00:00,12.64,46.57,1015.25,S1
2024-09-18 22:00:00,12.29,54.57,1002.1,S2
2024-09-18 23:00:00,9.69,56.54,1012.16,S2
2024-09-19 00:00:00,10.58,60.61,1014.38,S1
2024-09-19 01:00:00,10.06,61.65,1009.75,S1
2024-09-19 02:00:00,9.15,62.6,1029.38,S1
2024-09-19 03:00:00,8.86,55.54,1024.9,S2
2024-09-19 04:00:00,13.04,53.35,1009.81,S2
2024-09-19 05:00:00,9.85,57.33,1010.39,S3
2024-09-19 06:00:00,8.65,55.72,1020.97,S2
2024-09-19 07:00:00,11.29,48.69,1013.48,S1
2024-09-19 08:00:00,11.05,57.89,1013.13,S2
2024-09-19 09:00:00,7.21,52.51,1006.13,S2
2024-09-19 10:00:00,8.9,55.95,1018.99,S3
2024-09-19 11:00:00,6.79,55.66,1006.6,S3
2024-09-19 12:00:00,15.29,67.82,1006.6,S1
2024-09-19 13:00:00,9.46,61.62,1015.89,S3
2024-09-19 14:00:00,8.83,60.34,1014.4,S1
2024-09-19 15:00:00,9.18,62.0,1013.34,S1
2024-09-19 16:00:00,8.67,55.43,994.85,S1
2024-09-19 17:00:00,9.81,50.95,1015.38,S1
2024-09-19 18:00:00,12.65,46.37,992.93,S3
2024-09-19 19:00:00,10.37,59.89,1023.22,S1
2024-09-19 20:00:00,7.4,59.97,1007.46,S1
2024-09-19 21:00:00,7.88,53.41,1014.59,S2
2024-09-19 22:00:00,10.52,54.03,1007.19,S1
2024-09-19 23:00:00,8.51,53.22,1016.08,S2
2024-09-20 00:00:00,9.79,53.24,1000.95,S3
2024-09-20 01:00:00,15.46,54.73,1031.51,S2
2024-09-20 02:00:00,8.16,58.94,1006.13,S3
2024-09-20 03:00:00,7.27,62.58,1021.76,S3
2024-09-20 04:00:00,8.68,57.16,1001.85,S2
2024-09-20 05:00:00,6.57,63.62,1009.07,S3
2024-09-20 06:00:00,12.74,69.16,1005.5,S3
2024-09-20 07:00:00,7.84,59.31,1007.03,S3
2024-09-20 08:00:00,8.21,57.02,1017.23,S2
2024-09-20 09:00:00,7.49,45.7,1017.67,S3
2024-09-20 10:00:00,6.77,60.37,1017.08,S1
2024-09-20 11:00:00,10.05,57.67,1004.28,S2
2024-09-20 12:00:00,8.65,57.8,1014.3,S1
2024-09-20 13:00:00,6.54,56.26,1004.54,S2
2024-09-20 14:00:00,9.41,55.21,1027.66,S1
2024-09-20 15:00:00,10.88,52.4,1003.74,S3
2024-09-20 16:00:00,9.27,61.45,1008.28,S1
2024-09-20 17:00:00,11.35,43.88,1013.58,S1
2024-09-20 18:00:00,13.54,59.65,1002.79,S1
2024-09-20 19:00:00,11.78,49.86,1019.34,S2
2024-09-20 20:00:00,10.58,63.85,1024.14,S3
2024-09-20 21:00:00,11.77,55.8,1004.17,S3
2024-09-20 22:00:00,14.6,60.27,1006.21,S1
2024-09-20 23:00:00,7.26,58.44,1024.94,S1
2024-09-21 00:00:00,11.41,63.47,1014.45,S2
2024-09-21 01:00:00,8.15,66.73,1010.8,S1
2024-09-21 02:00:00,10.62,63.31,1005.38,S1
2024-09-21 03:00:00,7.49,60.62,1009.31,S1
2024-09-21 04:00:00,11.65,56.12,1011.54,S2
2024-09-21 05:00:00,10.69,59.97,1019.4,S1
2024-09-21 06:00:00,13.13,62.7,1012.97,S1
2024-09-21 07:00:00,9.59,55.64,1003.9,S1
2024-09-21 08:00:00,9.52,57.92,1007.77,S2
2024-09-21 09:00:00,9.54,53.78,1001.82,S2
2024-09-21 10:00:00,15.05,61.94,1011.68,S3
2024-09-21 11:00:00,11.39,60.12,1035.54,S2
2024-09-21 12:00:00,12.82,51.27,1037.77,S3
2024-09-21 13:00:00,11.57,59.32,1016.27,S3
2024-09-21 14:00:00,11.89,56.67,996.47,S1
2024-09-21 15:00:00,7.17,58.29,1022.26,S3
2024-09-21 16:00:00,9.0,54.16,1019.67,S1
2024-09-21 17:00:00,8.88,64.26,1039.87,S2
2024-09-21 18:00:00,10.24,54.41,1013.75,S2
2024-09-21 19:00:00,9.91,68.32,1008.75,S3
2024-09-21 20:00:00,6.9,58.46,1003.02,S1
2024-09-21 21:00:00,10.2,56.25,1021.22,S3
2024-09-21 22:00:00,6.09,59.97,1011.12,S3
2024-09-21 23:00:00,11.67,59.28,1010.44,S2
2024-09-22 00:00:00,10.32,67.65,1007.97,S3
2024-09-22 01:00:00,12.6,60.08,1035.0,S1
2024-09-22 02:00:00,10.54,48.5,1008.88,S2
2024-09-22 03:00:00,9.19,54.61,1020.0,S2
2024-09-22 04:00:00,6.96,61.84,1017.62,S3
2024-09-22 05:00:00,9.32,56.93,990.77,S3
2024-09-22 06:00:00,8.53,55.3,1035.13,S3
2024-09-22 07:00:00,10.85,54.47,994.47,S1
2024-09-22 08:00:00,9.26,53.23,1003.99,S3
2024-09-22 09:00:00,11.31,59.12,1007.92,S1
2024-09-22 10:00:00,12.81,54.53,1005.75,S3
2024-09-22 11:00:00,7.27,64.59,1010.71,S3
2024-09-22 12:00:00,10.1,53.73,1005.28,S2
2024-09-22 13:00:00,10.0,51.38,1026.57,S2
2024-09-22 14:00:00,10.73,57.8,1018.91,S1
2024-09-22 15:00:00,11.47,47.73,1006.79,S3
2024-09-22 16:00:00,13.27,45.89,1004.63,S1
2024-09-22 17:00:00,7.88,61.05,1007.35,S2
2024-09-22 18:00:00,6.95,58.21,1003.95,S2
2024-09-22 19:00:00,10.47,47.52,1001.01,S2
2024-09-22 20:00:00,10.99,58.42,1022.35,S2
2024-09-22 21:00:00,11.53,56.51,1009.1,S1
2024-09-22 22:00:00,8.57,50.37,1016.95,S3
2024-09-22 23:00:00,6.93,61.65,1013.65,S1
2024-09-23 00:00:00,12.53,65.6,1027.5,S3
2024-09-23 01:00:00,11.11,67.64,1021.95,S2
2024-09-23 02:00:00,9.33,59.66,1016.62,S1
2024-09-23 03:00:00,5.79,58.15,1035.95,S3
2024-09-23 04:00:00,8.75,66.92,1005.95,S3
2024-09-23 05:00:00,11.47,59.32,1011.12,S2
2024-09-23 06:00:00,10.95,56.37,1019.53,S3
2024-09-23 07:00:00,7.33,54.8,1021.44,S3
2024-09-23 08:00:00,11.32,60.86,1004.21,S1
2024-09-23 09:00:00,9.9,49.92,1012.66,S2
2024-09-23 10:00:00,12.61,63.91,1013.22,S2
2024-09-23 11:00:00,8.68,51.17,1036.31,S3
2024-09-23 12:00:00,8.84,53.89,1019.62,S3
2024-09-23 13:00:00,10.31,59.69,1023.81,S2
2024-09-23 14:00:00,9.24,66.88,1009.11,S2
2024-09-23 15:00:00,8.33,56.82,1005.5,S2
2024-09-23 16:00:00,13.76,52.92,1008.76,S3
2024-09-23 17:00:00,12.92,63.52,1018.48,S3
2024-09-23 18:00:00,8.15,55.99,1027.75,S2
2024-09-23 19:00:00,10.51,49.81,998.78,S2
2024-09-23 20:00:00,7.01,61.25,1032.81,S3
2024-09-23 21:00:00,13.47,57.12,1021.86,S3
2024-09-23 22:00:00,11.59,57.02,1023.01,S3
2024-09-23 23:00:00,12.08,61.94,1022.34,S1
2024-09-24 00:00:00,9.56,62.4,1008.94,S2
2024-09-24 01:00:00,12.42,54.51,1011.72,S1
2024-09-24 02:00:00,12.42,58.89,1019.8,S1
2024-09-24 03:00:00,9.74,50.5,1010.5,S3
2024-09-24 04:00:00,7.77,57.02,1015.34,S2
2024-09-24 05:00:00,10.93,53.93,1006.36,S3
2024-09-24 06:00:00,9.81,57.27,1020.73,S3
2024-09-24 07:00:00,13.77,56.29,1011.59,S3
2024-09-24 08:00:00,10.16,57.44,1008.95,S3
2024-09-24 09:00:00,10.27,50.0,1004.74,S2
2024-09-24 10:00:00,11.67,51.78,1006.35,S2
2024-09-24 11:00:00,10.07,57.29,999.8,S3
2024-09-24 12:00:00,11.45,65.86,1017.23,S1
2024-09-24 13:00:00,8.98,62.06,1007.02,S3
2024-09-24 14:00:00,7.82,60.58,1012.58,S1
2024-09-24 15:00:00,8.23,55.44,1025.15,S1
2024-09-24 16:00:00,9.38,53.71,1011.8,S3
2024-09-24 17:00:00,10.29,61.57,1011.42,S2
2024-09-24 18:00:00,11.05,52.63,1012.49,S3
2024-09-24 19:00:00,10.96,66.62,1015.93,S2
2024-09-24 20:00:00,10.07,58.26,1008.32,S1
2024-09-24 21:00:00,7.91,68.56,1021.52,S2
2024-09-24 22:00:00,11.45,67.01,1014.3,S2
2024-09-24 23:00:00,7.05,60.61,1007.57,S2
2024-09-25 00:00:00,7.71,60.43,1009.57,S3
2024-09-25 01:00:00,10.14,55.3,1024.43,S1
2024-09-25 02:00:00,11.64,65.15,1006.43,S1
2024-09-25 03:00:00,11.3,56.64,1017.2,S2
2024-09-25 04:00:00,9.85,50.12,1017.78,S1
2024-09-25 05:00:00,10.93,64.34,1002.25,S2
2024-09-25 06:00:00,7.91,61.31,998.53,S2
2024-09-25 07:00:00,8.92,56.02,1009.77,S2
2024-09-25 08:00:00,8.95,59.93,1021.06,S2
2024-09-25 09:00:00,8.09,58.78,998.29,S3
2024-09-25 10:00:00,9.32,66.02,1004.28,S2
2024-09-25 11:00:00,9.62,53.6,1019.73,S1
2024-09-25 12:00:00,9.12,66.1,1002.31,S3
2024-09-25 13:00:00,9.53,65.31,1023.23,S1
2024-09-25 14:00:00,4.32,55.47,1039.51,S3
2024-09-25 15:00:00,10.81,60.78,1004.85,S2
2024-09-25 16:00:00,9.23,61.43,1027.73,S3
2024-09-25 17:00:00,9.22,73.59,1016.28,S1
2024-09-25 18:00:00,7.26,54.81,1005.08,S3
2024-09-25 19:00:00,13.14,49.09,1028.93,S3
2024-09-25 20:00:00,13.23,48.68,1017.07,S2
2024-09-25 21:00:00,6.7,59.8,1024.9,S2
2024-09-25 22:00:00,9.56,63.88,1036.46,S3
2024-09-25 23:00:00,11.89,54.32,1011.92,S2
2024-09-26 00:00:00,9.32,57.82,1018.53,S2
2024-09-26 01:00:00,8.82,56.57,1001.85,S3
2024-09-26 02:00:00,8.69,53.08,1008.35,S1
2024-09-26 03:00:00,10.66,61.82,1012.19,S2
2024-09-26 04:00:00,15.26,50.08,1015.12,S3
2024-09-26 05:00:00,11.69,62.02,991.71,S3
2024-09-26 06:00:00,7.81,56.69,1028.49,S3
2024-09-26 07:00:00,8.77,63.77,1019.34,S1
2024-09-26 08:00:00,9.49,59.72,1018.17,S1
2024-09-26 09:00:00,8.31,51.12,1033.49,S1
2024-09-26 10:00:00,7.94,60.45,1029.21,S2
2024-09-26 11:00:00,11.53,56.98,1011.49,S3
2024-09-26 12:00:00,9.02,64.37,1007.3,S3
2024-09-26 13:00:00,10.77,62.55,1019.23,S1
2024-09-26 14:00:00,13.59,64.64,1028.52,S2
2024-09-26 15:00:00,8.98,57.21,1011.51,S2
2024-09-26 16:00:00,10.57,54.37,1021.89,S3
2024-09-26 17:00:00,7.98,58.88,1030.06,S1
2024-09-26 18:00:00,10.85,62.63,1022.88,S3
2024-09-26 19:00:00,12.62,54.19,997.05,S1
2024-09-26 20:00:00,12.52,60.53,1001.05,S1
2024-09-26 21:00:00,10.11,60.88,1032.83,S3
2024-09-26 22:00:00,8.98,65.89,1014.1,S1
2024-09-26 23:00:00,10.49,53.81,1016.3,S1
2024-09-27 00:00:00,10.12,61.49,1018.68,S1
2024-09-27 01:00:00,10.94,56.58,1027.32,S1
2024-09-27 02:00:00,8.75,55.28,1005.17,S2
2024-09-27 03:00:00,9.22,68.78,1008.87,S1
2024-09-27 04:00:00,9.58,61.3,1002.95,S1
2024-09-27 05:00:00,11.35,66.77,992.36,S1
2024-09-27 06:00:00,11.62,55.36,1017.1,S3
2024-09-27 07:00:00,9.15,67.49,1004.34,S2
2024-09-27 08:00:00,7.72,57.08,1022.63,S1
2024-09-27 09:00:00,10.74,63.1,1006.93,S1
2024-09-27 10:00:00,11.48,54.41,999.53,S3
2024-09-27 11:00:00,9.75,53.79,1023.54,S2
2024-09-27 12:00:00,8.59,59.03,1018.23,S2
2024-09-27 13:00:00,9.06,66.92,1011.34,S2
2024-09-27 14:00:00,13.29,65.5,1011.91,S1
2024-09-27 15:00:00,10.46,59.9,1019.01,S2
2024-09-27 16:00:00,12.04,57.59,1030.02,S3
2024-09-27 17:00:00,8.41,60.81,1017.02,S3
2024-09-27 18:00:00,12.43,53.97,1017.7,S1
2024-09-27 19:00:00,11.8,59.94,1008.43,S1
2024-09-27 20:00:00,9.81,59.48,1010.64,S1
2024-09-27 21:00:00,11.23,59.52,979.85,S1
2024-09-27 22:00:00,12.6,61.59,1003.57,S3
2024-09-27 23:00:00,7.8,63.24,1002.35,S1
2024-09-28 00:00:00,8.96,47.34,1002.08,S1
2024-09-28 01:00:00,11.06,55.15,1009.18,S1
2024-09-28 02:00:00,10.05,56.03,1010.24,S1
2024-09-28 03:00:00,10.83,58.53,1002.35,S3
2024-09-28 04:00:00,11.39,58.98,1025.59,S2
2024-09-28 05:00:00,11.01,62.51,1018.99,S1
2024-09-28 06:00:00,9.5,60.96,1015.06,S3
2024-09-28 07:00:00,9.64,65.36,1019.46,S2
2024-09-28 08:00:00,13.12,57.88,995.81,S3
2024-09-28 09:00:00,10.18,55.99,995.52,S2
2024-09-28 10:00:00,12.72,58.7,1025.18,S3
2024-09-28 11:00:00,12.86,59.56,1036.82,S1
2024-09-28 12:00:00,8.45,59.92,1013.55,S2
2024-09-28 13:00:00,11.48,58.15,1035.5,S3
2024-09-28 14:00:00,7.85,64.87,1013.01,S1
2024-09-28 15:00:00,13.24,64.38,1005.91,S1
2024-09-28 16:00:00,10.38,64.9,1022.8,S2
2024-09-28 17:00:00,10.29,54.54,991.49,S3
2024-09-28 18:00:00,8.28,63.11,1007.13,S1
2024-09-28 19:00:00,8.79,67.52,1004.72,S3
2024-09-28 20:00:00,10.46,65.1,1001.0,S1
2024-09-28 21:00:00,10.19,56.95,1008.02,S1
2024-09-28 22:00:00,9.23,57.87,1015.9,S1
2024-09-28 23:00:00,11.76,51.69,1026.11,S2
2024-09-29 00:00:00,10.0,65.98,1023.42,S3
2024-09-29 01:00:00,7.98,54.68,997.06,S2
2024-09-29 02:00:00,11.44,57.17,1035.9,S2
2024-09-29 03:00:00,7.69,62.37,1025.46,S2
2024-09-29 04:00:00,6.16,60.31,1013.4,S2
2024-09-29 05:00:00,10.2,61.42,1026.45,S2
2024-09-29 06:00:00,7.94,56.73,1003.79,S1
2024-09-29 07:00:00,10.36,53.33,1021.45,S1
2024-09-29 08:00:00,11.64,60.71,993.65,S1
2024-09-29 09:00:00,11.97,55.24,1009.93,S2
2024-09-29 10:00:00,11.0,62.26,1026.64,S1
2024-09-29 11:00:00,7.35,55.21,1008.42,S1
2024-09-29 12:00:00,8.56,58.93,1008.86,S1
2024-09-29 13:00:00,10.01,68.27,1006.96,S2
2024-09-29 14:00:00,10.03,60.79,1011.03,S3
2024-09-29 15:00:00,8.12,55.71,1002.88,S3
2024-09-29 16:00:00,9.08,62.22,1028.82,S1
2024-09-29 17:00:00,11.62,59.02,1001.01,S2
2024-09-29 18:00:00,11.01,55.8,1016.24,S3
2024-09-29 19:00:00,9.38,59.87,1021.46,S1
2024-09-29 20:00:00,12.06,65.96,1005.64,S2
2024-09-29 21:00:00,7.35,62.79,998.44,S3
2024-09-29 22:00:00,11.65,58.87,1007.22,S3
2024-09-29 23:00:00,11.37,53.73,1009.04,S2
2024-09-30 00:00:00,11.49,63.48,1022.19,S3
2024-09-30 01:00:00,10.59,62.21,1011.52,S1
2024-09-30 02:00:00,8.69,51.7,1013.03,S1
2024-09-30 03:00:00,11.18,52.43,998.95,S2
2024-09-30 04:00:00,9.17,67.71,1011.06,S2
2024-09-30 05:00:00,10.41,61.46,1027.36,S1
2024-09-30 06:00:00,8.54,52.91,1023.96,S2
2024-09-30 07:00:00,9.31,65.57,1007.97,S3
2024-09-30 08:00:00,9.71,65.98,1021.3,S3
2024-09-30 09:00:00,10.8,56.35,1011.6,S3
2024-09-30 10:00:00,11.13,55.3,1018.04,S3
2024-09-30 11:00:00,13.39,60.32,1010.05,S2
2024-09-30 12:00:00,10.3,60.74,1003.33,S3
2024-09-30 13:00:00,8.1,59.16,1002.82,S2
2024-09-30 14:00:00,11.6,54.59,1018.27,S1
2024-09-30 15:00:00,10.68,58.21,986.53,S3
2024-09-30 16:00:00,9.62,57.86,1023.64,S2
2024-09-30 17:00:00,9.2,52.55,1010.6,S1
2024-09-30 18:00:00,8.76,64.96,1006.58,S3
2024-09-30 19:00:00,8.7,54.7,1022.99,S3
2024-09-30 20:00:00,7.56,66.55,985.33,S3
2024-09-30 21:00:00,11.93,60.8,1017.62,S2
2024-09-30 22:00:00,10.87,56.83,1029.41,S2
2024-09-30 23:00:00,10.19,61.99,999.28,S1
2024-10-01 00:00:00,8.76,59.4,1008.45,S3
2024-10-01 01:00:00,12.18,66.7,1017.53,S1
2024-10-01 02:00:00,7.16,70.69,997.29,S2
2024-10-01 03:00:00,9.74,62.06,1015.46,S3
2024-10-01 04:00:00,11.96,59.21,1039.87,S1
2024-10-01 05:00:00,6.02,68.13,1016.27,S3
2024-10-01 06:00:00,10.35,59.11,1015.94,S2
2024-10-01 07:00:00,8.68,57.51,1000.96,S1
2024-10-01 08:00:00,10.24,66.3,1026.3,S3
2024-10-01 09:00:00,9.25,64.36,985.74,S3
2024-10-01 10:00:00,11.19,57.6,1012.63,S3
2024-10-01 11:00:00,12.47,61.76,1022.16,S1
2024-10-01 12:00:00,15.03,58.47,988.0,S2
2024-10-01 13:00:00,9.77,63.23,992.86,S2
2024-10-01 14:00:00,11.48,62.74,998.23,S1
2024-10-01 15:00:00,10.69,53.83,1026.73,S3
2024-10-01 16:00:00,10.83,60.44,1006.64,S1
2024-10-01 17:00:00,12.95,52.83,1021.97,S1
2024-10-01 18:00:00,8.63,53.14,1020.35,S2
2024-10-01 19:00:00,9.29,57.8,996.39,S1
2024-10-01 20:00:00,9.65,57.3,1009.11,S3
2024-10-01 21:00:00,8.03,51.74,1010.72,S2
2024-10-01 22:00:00,10.0,54.37,1018.11,S2
2024-10-01 23:00:00,11.32,52.6,1015.28,S3
2024-10-02 00:00:00,11.66,56.62,1012.34,S1
2024-10-02 01:00:00,9.63,62.96,1024.65,S2
2024-10-02 02:00:00,12.29,67.73,1024.5,S1
2024-10-02 03:00:00,5.86,65.64,998.52,S3
2024-10-02 04:00:00,14.65,62.54,1008.51,S2
2024-10-02 05:00:00,11.14,62.26,1013.32,S3
2024-10-02 06:00:00,9.14,59.86,1013.85,S2
2024-10-02 07:00:00,10.93,59.9,1018.51,S3
2024-10-02 08:00:00,9.7,67.33,1016.73,S1
2024-10-02 09:00:00,5.83,63.51,1018.96,S3
2024-10-02 10:00:00,10.1,61.43,1020.13,S3
2024-10-02 11:00:00,11.83,51.66,1010.17,S3
2024-10-02 12:00:00,11.93,64.09,1009.63,S3
2024-10-02 13:00:00,10.51,64.17,1026.95,S3
2024-10-02 14:00:00,11.92,57.37,1008.04,S1
2024-10-02 15:00:00,10.88,61.62,1020.4,S1
2024-10-02 16:00:00,10.45,59.83,1005.44,S2
2024-10-02 17:00:00,8.63,57.81,1016.35,S3
2024-10-02 18:00:00,9.31,62.57,1017.07,S1
2024-10-02 19:00:00,9.49,55.12,1019.49,S3
2024-10-02 20:00:00,10.58,70.73,1028.9,S3
2024-10-02 21:00:00,11.61,63.2,1003.01,S2
2024-10-02 22:00:00,8.78,60.01,1014.49,S3
2024-10-02 23:00:00,7.22,65.36,1019.62,S1
2024-10-03 00:00:00,12.89,64.5,1019.65,S2
2024-10-03 01:00:00,8.07,56.87,1009.91,S2
2024-10-03 02:00:00,10.99,58.08,1016.85,S2
2024-10-03 03:00:00,10.51,49.18,1012.81,S3
2024-10-03 04:00:00,9.32,55.26,1020.4,S2
2024-10-03 05:00:00,11.22,63.97,1012.21,S1
2024-10-03 06:00:00,7.59,61.56,1012.36,S1
2024-10-03 07:00:00,13.27,58.19,1015.71,S2
2024-10-03 08:00:00,15.28,62.4,1008.01,S2
2024-10-03 09:00:00,12.47,58.02,1005.41,S2
2024-10-03 10:00:00,8.39,53.43,999.74,S3
2024-10-03 11:00:00,5.36,55.97,1011.65,S2
2024-10-03 12:00:00,10.97,72.19,1005.65,S2
2024-10-03 13:00:00,7.42,59.96,1010.04,S3
2024-10-03 14:00:00,9.19,60.26,1025.38,S2
2024-10-03 15:00:00,13.06,63.36,1010.35,S2
2024-10-03 16:00:00,13.26,65.65,1025.58,S1
2024-10-03 17:00:00,13.48,59.63,1016.85,S1
2024-10-03 18:00:00,10.21,66.32,1010.18,S1
2024-10-03 19:00:00,11.81,59.68,1002.8,S3
2024-10-03 20:00:00,6.03,60.74,1011.87,S1
2024-10-03 21:00:00,7.02,58.4,1008.98,S1
2024-10-03 22:00:00,9.44,64.66,1024.84,S2
2024-10-03 23:00:00,11.7,53.92,1032.69,S3
2024-10-04 00:00:00,9.16,61.98,1023.31,S2
2024-10-04 01:00:00,11.62,63.81,1005.59,S2
2024-10-04 02:00:00,7.71,65.99,1013.55,S3
2024-10-04 03:00:00,10.22,63.6,1010.73,S3
2024-10-04 04:00:00,11.12,56.28,1007.11,S2
2024-10-04 05:00:00,11.53,63.78,1012.09,S2
2024-10-04 06:00:00,9.12,64.6,1011.68,S2
2024-10-04 07:00:00,10.08,64.16,1031.37,S3
2024-10-04 08:00:00,6.94,59.73,1016.29,S2
2024-10-04 09:00:00,9.81,60.17,1021.26,S2
2024-10-04 10:00:00,12.18,65.93,1023.48,S1
2024-10-04 11:00:00,9.49,60.97,1020.55,S1
2024-10-04 12:00:00,8.52,56.2,1026.65,S1
2024-10-04 13:00:00,11.58,58.93,1009.28,S1
2024-10-04 14:00:00,14.59,68.45,1022.6,S1
2024-10-04 15:00:00,14.37,54.28,1032.62,S2
2024-10-04 16:00:00,10.55,67.51,1005.79,S2
2024-10-04 17:00:00,11.56,61.14,1009.6,S3
2024-10-04 18:00:00,13.3,54.4,1008.85,S3
2024-10-04 19:00:00,10.51,65.0,1034.56,S3
2024-10-04 20:00:00,10.95,57.5,1002.37,S2
2024-10-04 21:00:00,9.38,61.53,1014.1,S1
2024-10-04 22:00:00,14.76,51.89,1017.92,S2
2024-10-04 23:00:00,11.46,67.81,1007.51,S2
2024-10-05 00:00:00,9.49,59.63,1003.09,S3
2024-10-05 01:00:00,8.88,58.04,1004.8,S3
2024-10-05 02:00:00,6.31,62.07,1010.5,S3
2024-10-05 03:00:00,6.87,65.56,1007.65,S3
2024-10-05 04:00:00,8.58,60.2,1027.43,S2
2024-10-05 05:00:00,11.89,65.42,1007.74,S3
2024-10-05 06:00:00,10.68,61.03,1007.64,S1
2024-10-05 07:00:00,7.52,61.61,1016.94,S2
2024-10-05 08:00:00,8.18,57.18,1015.9,S1
2024-10-05 09:00:00,10.59,66.48,981.13,S2
2024-10-05 10:00:00,13.38,64.56,1004.31,S2
2024-10-05 11:00:00,7.83,63.96,1007.95,S3
2024-10-05 12:00:00,10.95,66.56,1002.89,S1
2024-10-05 13:00:00,9.14,55.99,1022.62,S2
2024-10-05 14:00:00,9.2,61.6,998.04,S1
2024-10-05 15:00:00,7.69,66.8,1023.51,S2
2024-10-05 16:00:00,11.29,61.09,991.85,S2
2024-10-05 17:00:00,9.06,62.02,1013.81,S2
2024-10-05 18:00:00,9.33,61.88,1028.64,S1
2024-10-05 19:00:00,12.01,63.66,1007.05,S2
2024-10-05 20:00:00,12.11,51.69,1013.23,S1
2024-10-05 21:00:00,8.58,61.92,1023.28,S1
2024-10-05 22:00:00,10.63,63.32,1022.99,S3
2024-10-05 23:00:00,11.85,63.31,1016.02,S1
2024-10-06 00:00:00,9.67,69.35,1011.18,S2
2024-10-06 01:00:00,11.38,58.44,1011.08,S2
2024-10-06 02:00:00,9.4,69.61,999.1,S2
2024-10-06 03:00:00,9.35,59.57,1002.75,S2
2024-10-06 04:00:00,8.18,54.65,1013.36,S1
2024-10-06 05:00:00,13.47,68.93,1015.73,S3
2024-10-06 06:00:00,9.08,66.68,1038.71,S1
2024-10-06 07:00:00,8.44,62.11,1020.81,S2
2024-10-06 08:00:00,7.96,58.51,1009.51,S1
2024-10-06 09:00:00,10.22,60.41,1018.1,S3
2024-10-06 10:00:00,8.01,62.74,995.36,S3
2024-10-06 11:00:00,8.62,68.41,1013.84,S3
2024-10-06 12:00:00,11.65,54.9,1019.85,S3
2024-10-06 13:00:00,10.95,60.44,1019.93,S3
2024-10-06 14:00:00,7.36,60.19,1012.34,S1
2024-10-06 15:00:00,11.5,59.09,1018.7,S3
2024-10-06 16:00:00,10.12,58.29,1010.31,S3
2024-10-06 17:00:00,12.33,69.57,1016.96,S2
2024-10-06 18:00:00,12.89,57.54,1003.59,S3
2024-10-06 19:00:00,6.84,62.23,1001.71,S1
2024-10-06 20:00:00,11.58,55.67,1025.64,S2
2024-10-06 21:00:00,13.33,65.92,1011.15,S1
2024-10-06 22:00:00,10.48,59.12,1017.42,S2
2024-10-06 23:00:00,11.43,50.58,1005.15,S3
2024-10-07 00:00:00,10.51,66.48,1001.74,S1
2024-10-07 01:00:00,12.02,58.85,1007.55,S2
2024-10-07 02:00:00,10.83,68.18,1017.25,S1
2024-10-07 03:00:00,6.02,67.09,992.37,S2
2024-10-07 04:00:00,9.82,61.1,1015.07,S3
2024-10-07 05:00:00,9.69,63.64,1019.81,S1
2024-10-07 06:00:00,11.49,62.15,1004.18,S1
2024-10-07 07:00:00,12.42,54.68,1015.41,S1
2024-10-07 08:00:00,9.61,68.81,1014.64,S3
2024-10-07 09:00:00,7.62,60.43,1004.33,S3
2024-10-07 10:00:00,10.68,61.84,1011.53,S2
2024-10-07 11:00:00,8.51,61.92,1012.86,S1
2024-10-07 12:00:00,8.86,60.61,1004.29,S2
2024-10-07 13:00:00,14.83,64.95,1009.52,S2
2024-10-07 14:00:00,8.71,61.27,1012.77,S3
2024-10-07 15:00:00,6.94,59.21,1015.87,S1
2024-10-07 16:00:00,11.28,59.71,1031.9,S3
2024-10-07 17:00:00,11.49,70.11,1003.32,S1
2024-10-07 18:00:00,11.83,62.1,1026.53,S2
2024-10-07 19:00:00,11.75,69.94,1004.03,S3
2024-10-07 20:00:00,10.37,57.04,1012.97,S3
2024-10-07 21:00:00,10.39,58.61,1022.19,S1
2024-10-07 22:00:00,11.96,59.43,1017.4,S2
2024-10-07 23:00:00,13.29,61.45,989.45,S3
2024-10-08 00:00:00,7.56,58.29,1023.86,S2
2024-10-08 01:00:00,8.86,61.24,1016.23,S3
2024-10-08 02:00:00,11.34,62.89,1007.44,S3
2024-10-08 03:00:00,10.59,66.92,1011.69,S3
2024-10-08 04:00:00,6.5,55.2,1017.27,S2
2024-10-08 05:00:00,8.94,66.57,1018.86,S2
2024-10-08 06:00:00,10.69,65.62,1018.5,S2
2024-10-08 07:00:00,10.11,57.07,1005.85,S2
2024-10-08 08:00:00,9.37,58.01,1012.88,S2
2024-10-08 09:00:00,14.77,63.76,1004.57,S2
2024-10-08 10:00:00,10.04,58.82,1020.66,S2
2024-10-08 11:00:00,10.55,68.84,1010.56,S1
2024-10-08 12:00:00,10.35,61.96,1017.36,S2
2024-10-08 13:00:00,10.51,55.96,1007.86,S2
2024-10-08 14:00:00,10.17,56.43,1013.86,S1
2024-10-08 15:00:00,5.93,54.58,1011.08,S1
2024-10-08 16:00:00,8.11,61.51,1000.86,S2
2024-10-08 17:00:00,9.46,61.76,1023.91,S2
2024-10-08 18:00:00,11.72,64.62,1019.69,S2
2024-10-08 19:00:00,9.5,68.38,1000.31,S1
2024-10-08 20:00:00,8.43,62.14,1004.81,S3
2024-10-08 21:00:00,11.99,68.43,1007.05,S3
2024-10-08 22:00:00,12.8,58.46,1026.17,S3
2024-10-08 23:00:00,7.03,54.75,1021.67,S3
2024-10-09 00:00:00,10.29,66.09,1015.17,S3
2024-10-09 01:00:00,4.76,65.76,997.18,S2
2024-10-09 02:00:00,9.48,63.41,1017.57,S3
2024-10-09 03:00:00,13.87,65.56,1014.69,S2
2024-10-09 04:00:00,10.29,50.62,1009.55,S1
2024-10-09 05:00:00,7.34,59.83,1026.22,S1
2024-10-09 06:00:00,7.39,67.78,1011.0,S3
2024-10-09 07:00:00,8.24,60.91,1024.81,S1
2024-10-09 08:00:00,8.77,65.46,1009.32,S2
2024-10-09 09:00:00,6.32,75.23,1004.44,S3
2024-10-09 10:00:00,10.77,67.34,1000.54,S3
2024-10-09 11:00:00,11.2,60.44,1012.2,S2
2024-10-09 12:00:00,9.41,53.42,1013.44,S2
2024-10-09 13:00:00,14.21,65.84,1003.45,S2
2024-10-09 14:00:00,9.26,52.16,1003.91,S3
2024-10-09 15:00:00,12.52,58.33,1024.76,S1
2024-10-09 16:00:00,7.34,58.59,1020.42,S1
2024-10-09 17:00:00,10.72,61.7,1031.31,S1
2024-10-09 18:00:00,11.02,63.69,996.83,S1
2024-10-09 19:00:00,8.7,58.01,1030.08,S3
2024-10-09 20:00:00,10.46,67.6,1005.13,S2
2024-10-09 21:00:00,8.68,69.44,999.85,S1
2024-10-09 22:00:00,9.5,61.15,1015.5,S3
2024-10-09 23:00:00,9.56,67.73,994.4,S3
2024-10-10 00:00:00,7.32,58.93,1023.83,S1
2024-10-10 01:00:00,11.17,57.21,1014.72,S2
2024-10-10 02:00:00,11.31,67.8,1005.96,S2
2024-10-10 03:00:00,9.38,63.74,1023.02,S3
2024-10-10 04:00:00,10.62,64.38,1011.64,S2
2024-10-10 05:00:00,8.29,71.63,1013.35,S3
2024-10-10 06:00:00,7.63,65.77,1019.27,S2
2024-10-10 07:00:00,9.33,74.46,1006.69,S1
2024-10-10 08:00:00,11.52,62.93,1002.45,S2
2024-10-10 09:00:00,9.99,70.03,1011.7,S1
2024-10-10 10:00:00,9.26,62.23,999.48,S1
2024-10-10 11:00:00,10.81,56.73,1008.7,S3
2024-10-10 12:00:00,8.31,66.67,1002.99,S1
2024-10-10 13:00:00,7.69,62.33,1009.88,S3
2024-10-10 14:00:00,9.44,72.9,1004.03,S1
2024-10-10 15:00:00,8.44,65.36,1009.59,S1
2024-10-10 16:00:00,7.77,67.31,1023.28,S1
2024-10-10 17:00:00,11.95,54.72,1005.58,S2
2024-10-10 18:00:00,14.55,66.19,1016.84,S2
2024-10-10 19:00:00,7.04,62.23,994.91,S1
2024-10-10 20:00:00,9.32,58.71,1009.7,S3
2024-10-10 21:00:00,10.5,69.62,1004.75,S1
2024-10-10 22:00:00,6.71,56.15,1013.58,S3
2024-10-10 23:00:00,9.71,64.4,1007.47,S1
2024-10-11 00:00:00,9.86,59.56,1021.64,S1
2024-10-11 01:00:00,11.12,64.01,1009.46,S3
2024-10-11 02:00:00,8.61,61.26,1024.25,S3
2024-10-11 03:00:00,9.03,61.76,992.08,S2
2024-10-11 04:00:00,12.1,62.96,1013.4,S3
2024-10-11 05:00:00,11.0,57.89,1014.34,S1
2024-10-11 06:00:00,11.62,67.83,1003.65,S3
2024-10-11 07:00:00,6.66,66.04,1013.01,S2
2024-10-11 08:00:00,8.83,57.78,1017.82,S1
2024-10-11 09:00:00,13.2,69.79,1023.87,S1
2024-10-11 10:00:00,10.0,66.54,1010.15,S1
2024-10-11 11:00:00,9.92,63.26,1008.61,S3
2024-10-11 12:00:00,10.01,55.65,1006.99,S1
2024-10-11 13:00:00,13.31,59.54,1013.5,S1
2024-10-11 14:00:00,8.68,53.34,1003.64,S3
2024-10-11 15:00:00,11.52,63.69,1020.5,S1
2024-10-11 16:00:00,10.7,67.04,996.77,S3
2024-10-11 17:00:00,7.44,59.2,1012.35,S3
2024-10-11 18:00:00,9.58,62.85,999.2,S2
2024-10-11 19:00:00,8.51,67.8,1012.52,S1
2024-10-11 20:00:00,7.63,59.73,1021.08,S3
2024-10-11 21:00:00,12.58,65.64,1014.85,S2
2024-10-11 22:00:00,7.74,73.39,1006.97,S3
2024-10-11 23:00:00,11.68,66.56,1020.17,S1
2024-10-12 00:00:00,8.46,57.73,985.64,S2
2024-10-12 01:00:00,12.9,62.77,1012.33,S3
2024-10-12 02:00:00,9.35,66.53,1004.68,S2
2024-10-12 03:00:00,10.86,65.42,1017.94,S1
2024-10-12 04:00:00,9.06,57.57,987.69,S3
2024-10-12 05:00:00,5.86,65.13,1008.35,S1
2024-10-12 06:00:00,6.86,61.89,1006.57,S3
2024-10-12 07:00:00,6.4,60.68,1022.04,S2
2024-10-12 08:00:00,10.71,65.74,1005.08,S1
2024-10-12 09:00:00,10.14,71.8,1010.78,S2
2024-10-12 10:00:00,11.39,59.26,1013.71,S3
2024-10-12 11:00:00,8.84,65.27,1012.76,S3
2024-10-12 12:00:00,5.86,62.61,1012.56,S1
2024-10-12 13:00:00,12.81,66.07,1013.62,S1
2024-10-12 14:00:00,12.19,63.57,1012.99,S3
2024-10-12 15:00:00,10.96,60.16,1036.77,S2
2024-10-12 16:00:00,12.43,59.97,995.07,S3
2024-10-12 17:00:00,10.01,65.37,1005.09,S2
2024-10-12 18:00:00,10.74,63.73,1012.53,S1
2024-10-12 19:00:00,8.81,66.19,1024.13,S2
2024-10-12 20:00:00,8.07,55.12,1022.54,S3
2024-10-12 21:00:00,7.06,68.57,1023.38,S2
2024-10-12 22:00:00,8.71,70.2,1012.65,S1
2024-10-12 23:00:00,15.54,63.89,1025.41,S2
2024-10-13 00:00:00,7.18,66.44,1007.01,S3
2024-10-13 01:00:00,8.35,68.03,1022.16,S3
2024-10-13 02:00:00,10.45,62.26,1014.89,S2
2024-10-13 03:00:00,15.02,64.33,1015.07,S3
2024-10-13 04:00:00,8.13,65.61,999.79,S1
2024-10-13 05:00:00,8.97,60.58,995.3,S2
2024-10-13 06:00:00,11.57,63.89,1010.09,S2
2024-10-13 07:00:00,11.46,53.12,1012.07,S2
2024-10-13 08:00:00,8.84,60.1,1001.79,S3
2024-10-13 09:00:00,8.57,70.56,1022.26,S2
2024-10-13 10:00:00,11.13,65.18,1004.77,S2
2024-10-13 11:00:00,9.63,59.27,1018.76,S2
2024-10-13 12:00:00,10.81,57.1,1010.06,S2
2024-10-13 13:00:00,9.9,75.89,1020.82,S1
2024-10-13 14:00:00,10.95,59.78,1001.02,S3
2024-10-13 15:00:00,11.15,60.81,996.95,S1
2024-10-13 16:00:00,6.35,66.3,1018.39,S2
2024-10-13 17:00:00,9.32,59.16,1021.53,S3
2024-10-13 18:00:00,10.92,65.21,1016.15,S2
2024-10-13 19:00:00,11.87,63.48,1004.17,S1
2024-10-13 20:00:00,9.59,57.49,1019.76,S2
2024-10-13 21:00:00,6.57,63.61,1018.68,S1
2024-10-13 22:00:00,12.75,65.0,1001.58,S1
2024-10-13 23:00:00,11.97,58.1,1017.49,S3
2024-10-14 00:00:00,10.47,66.0,1014.43,S2
2024-10-14 01:00:00,9.33,66.89,1014.05,S2
2024-10-14 02:00:00,11.46,58.3,999.17,S2
2024-10-14 03:00:00,9.35,65.85,1021.23,S3
2024-10-14 04:00:00,12.02,64.58,1007.57,S1
2024-10-14 05:00:00,13.86,61.73,1006.52,S3
2024-10-14 06:00:00,9.29,62.16,1017.55,S3
2024-10-14 07:00:00,11.83,65.44,1010.82,S1
2024-10-14 08:00:00,8.96,60.52,998.64,S2
2024-10-14 09:00:00,12.33,66.38,1028.29,S1
2024-10-14 10:00:00,9.78,59.49,1015.28,S1
2024-10-14 11:00:00,13.17,59.86,1012.8,S1
2024-10-14 12:00:00,9.72,57.09,1012.69,S2
2024-10-14 13:00:00,8.49,54.93,1013.15,S1
2024-10-14 14:00:00,9.61,64.29,1013.97,S3
2024-10-14 15:00:00,9.84,53.77,1024.41,S1
2024-10-14 16:00:00,10.76,65.19,1028.81,S1
2024-10-14 17:00:00,9.63,63.15,1010.1,S3
2024-10-14 18:00:00,10.78,73.01,1019.76,S2
2024-10-14 19:00:00,10.82,66.63,1019.27,S3
2024-10-14 20:00:00,9.44,66.15,1019.89,S2
2024-10-14 21:00:00,10.95,60.25,1025.71,S2
2024-10-14 22:00:00,9.12,60.8,1021.52,S2
2024-10-14 23:00:00,14.3,61.53,1017.17,S2
2024-10-15 00:00:00,10.9,63.47,1006.65,S3
2024-10-15 01:00:00,11.53,60.73,1016.03,S2
2024-10-15 02:00:00,9.91,66.52,1002.54,S3
2024-10-15 03:00:00,8.86,61.73,1017.61,S1
2024-10-15 04:00:00,11.98,69.26,1016.19,S3
2024-10-15 05:00:00,10.97,59.59,998.68,S1
2024-10-15 06:00:00,5.08,67.44,1008.31,S3
2024-10-15 07:00:00,14.16,73.37,1005.59,S1
2024-10-15 08:00:00,11.79,72.57,1020.03,S3
2024-10-15 09:00:00,9.55,59.44,1010.06,S3
2024-10-15 10:00:00,11.53,69.51,998.77,S3
2024-10-15 11:00:00,11.16,52.65,1017.46,S3
2024-10-15 12:00:00,11.31,55.99,1015.07,S1
2024-10-15 13:00:00,8.58,66.78,1014.25,S2
2024-10-15 14:00:00,10.47,65.98,1001.98,S3
2024-10-15 15:00:00,10.93,66.81,1018.88,S1
2024-10-15 16:00:00,12.79,61.38,1011.87,S3
2024-10-15 17:00:00,10.53,58.24,1011.27,S2
2024-10-15 18:00:00,11.19,54.79,1000.42,S1
2024-10-15 19:00:00,8.51,59.53,1000.78,S1
2024-10-15 20:00:00,10.47,67.1,1053.99,S1
2024-10-15 21:00:00,12.07,68.16,1001.47,S3
2024-10-15 22:00:00,8.97,65.35,991.93,S3
2024-10-15 23:00:00,9.56,64.86,1009.15,S2
2024-10-16 00:00:00,8.41,72.36,1011.1,S2
2024-10-16 01:00:00,7.63,70.94,1003.83,S3
2024-10-16 02:00:00,8.62,68.63,1004.78,S3
2024-10-16 03:00:00,11.47,69.7,1011.81,S1
2024-10-16 04:00:00,9.86,65.68,1016.64,S3
2024-10-16 05:00:00,8.64,66.34,999.0,S1
2024-10-16 06:00:00,14.71,60.09,1009.04,S2
2024-10-16 07:00:00,8.95,65.86,1012.98,S3
2024-10-16 08:00:00,11.61,60.75,1010.61,S2
2024-10-16 09:00:00,11.03,70.19,1006.13,S3
2024-10-16 10:00:00,10.86,67.12,1002.75,S3
2024-10-16 11:00:00,6.7,61.87,1030.3,S1
2024-10-16 12:00:00,12.91,67.53,989.63,S3
2024-10-16 13:00:00,11.01,69.64,1023.25,S2
2024-10-16 14:00:00,12.21,59.68,1001.57,S3
2024-10-16 15:00:00,12.65,62.76,1015.4,S2
2024-10-16 16:00:00,13.8,59.2,1013.78,S3
2024-10-16 17:00:00,8.38,63.87,1002.61,S2
2024-10-16 18:00:00,8.94,70.75,1011.08,S2
2024-10-16 19:00:00,9.21,64.09,1009.03,S2
2024-10-16 20:00:00,8.65,67.0,1013.28,S3
2024-10-16 21:00:00,13.03,61.38,1025.82,S1
2024-10-16 22:00:00,8.38,68.37,1027.23,S2
2024-10-16 23:00:00,9.63,63.81,1005.33,S2
2024-10-17 00:00:00,7.13,67.96,1016.46,S1
2024-10-17 01:00:00,11.85,68.49,1023.19,S2
2024-10-17 02:00:00,10.14,58.89,1008.67,S2
2024-10-17 03:00:00,12.16,60.75,1019.0,S3
2024-10-17 04:00:00,11.8,62.12,1036.8,S1
2024-10-17 05:00:00,7.12,73.07,1001.6,S2
2024-10-17 06:00:00,10.77,70.99,1017.79,S3
2024-10-17 07:00:00,8.22,64.71,1002.92,S3
2024-10-17 08:00:00,10.69,77.92,1006.75,S3
2024-10-17 09:00:00,9.23,57.68,1008.24,S3
2024-10-17 10:00:00,14.08,63.07,1017.43,S1
2024-10-17 11:00:00,15.74,70.13,1033.26,S1
2024-10-17 12:00:00,9.92,64.49,1007.03,S3
2024-10-17 13:00:00,10.61,60.03,1023.09,S1
2024-10-17 14:00:00,5.85,66.27,1003.98,S3
2024-10-17 15:00:00,7.13,77.68,1008.61,S2
2024-10-17 16:00:00,11.19,60.13,1026.13,S2
2024-10-17 17:00:00,10.36,60.66,1022.57,S3
2024-10-17 18:00:00,11.27,58.95,1008.88,S2
2024-10-17 19:00:00,8.83,62.24,1006.94,S3
2024-10-17 20:00:00,11.03,69.76,1017.69,S2
2024-10-17 21:00:00,5.37,72.2,1006.46,S2
2024-10-17 22:00:00,9.22,58.04,1008.2,S1
2024-10-17 23:00:00,11.37,67.42,1008.99,S3
2024-10-18 00:00:00,13.83,68.26,1011.22,S1
2024-10-18 01:00:00,10.21,60.99,1007.17,S3
2024-10-18 02:00:00,11.62,68.12,996.65,S2
2024-10-18 03:00:00,9.11,66.3,1028.52,S3
2024-10-18 04:00:00,11.33,69.89,1021.21,S3
2024-10-18 05:00:00,9.46,53.31,1012.13,S3
2024-10-18 06:00:00,14.36,65.91,1005.61,S3
2024-10-18 07:00:00,9.79,68.53,1025.03,S2
2024-10-18 08:00:00,10.11,69.71,1017.68,S2
2024-10-18 09:00:00,12.01,68.51,1006.51,S1
2024-10-18 10:00:00,11.46,58.46,1018.07,S3
2024-10-18 11:00:00,9.73,71.64,1013.81,S1
2024-10-18 12:00:00,11.28,68.24,1014.34,S2
2024-10-18 13:00:00,8.36,64.62,1021.62,S2
2024-10-18 14:00:00,10.92,64.71,1018.01,S3
2024-10-18 15:00:00,11.57,73.36,1021.54,S3
2024-10-18 16:00:00,9.63,68.11,1031.33,S1
2024-10-18 17:00:00,9.73,65.34,1018.84,S2
2024-10-18 18:00:00,9.22,60.32,1036.51,S1
2024-10-18 19:00:00,7.61,63.45,1024.94,S2
2024-10-18 20:00:00,11.31,60.33,1010.54,S2
2024-10-18 21:00:00,9.53,55.85,997.86,S1
2024-10-18 22:00:00,11.6,65.73,1025.04,S2
2024-10-18 23:00:00,10.12,55.86,1000.08,S2
2024-10-19 00:00:00,11.72,61.49,1014.55,S1
2024-10-19 01:00:00,7.06,63.1,1020.22,S2
2024-10-19 02:00:00,8.2,57.36,1002.27,S1
2024-10-19 03:00:00,8.81,69.76,1006.7,S3
2024-10-19 04:00:00,12.89,64.11,1002.36,S2
2024-10-19 05:00:00,11.31,53.2,1033.65,S1
2024-10-19 06:00:00,9.98,68.9,1020.34,S2
2024-10-19 07:00:00,9.55,73.55,1005.76,S2
2024-10-19 08:00:00,11.7,65.62,997.6,S1
2024-10-19 09:00:00,9.33,67.82,1004.28,S3
2024-10-19 10:00:00,11.98,66.36,1006.72,S1
2024-10-19 11:00:00,10.09,67.6,1007.45,S2
2024-10-19 12:00:00,13.1,62.06,1020.92,S3
2024-10-19 13:00:00,8.63,61.04,998.89,S3
2024-10-19 14:00:00,10.26,59.51,1023.87,S2
2024-10-19 15:00:00,8.69,65.39,994.93,S1
2024-10-19 16:00:00,13.78,68.03,1012.25,S1
2024-10-19 17:00:00,10.57,67.97,1006.04,S2
2024-10-19 18:00:00,8.52,62.72,1022.95,S1
2024-10-19 19:00:00,8.73,63.86,1027.4,S1
2024-10-19 20:00:00,11.56,63.85,1021.09,S1
2024-10-19 21:00:00,6.9,62.33,1017.43,S3
2024-10-19 22:00:00,10.18,55.22,1010.31,S3
2024-10-19 23:00:00,8.84,63.9,1026.41,S1
2024-10-20 00:00:00,10.22,63.39,1002.99,S2
2024-10-20 01:00:00,10.75,64.65,1017.47,S2
2024-10-20 02:00:00,10.35,62.24,1023.85,S2
2024-10-20 03:00:00,10.02,66.36,1022.16,S2
2024-10-20 04:00:00,10.88,78.46,1018.29,S1
2024-10-20 05:00:00,14.06,68.85,1018.02,S1
2024-10-20 06:00:00,13.11,62.57,1021.92,S2
2024-10-20 07:00:00,9.89,63.84,1011.67,S1
2024-10-20 08:00:00,12.01,64.39,1027.27,S2
2024-10-20 09:00:00,11.92,65.55,1033.57,S2
2024-10-20 10:00:00,9.81,64.96,994.51,S3
2024-10-20 11:00:00,10.51,62.73,1009.06,S2
2024-10-20 12:00:00,11.65,62.48,1001.84,S3
2024-10-20 13:00:00,9.11,68.24,1006.47,S2
2024-10-20 14:00:00,10.1,63.71,1014.24,S1
2024-10-20 15:00:00,10.18,67.89,1017.71,S3
2024-10-20 16:00:00,10.04,63.95,1011.35,S1
2024-10-20 17:00:00,9.97,56.03,1019.36,S2
2024-10-20 18:00:00,11.47,59.78,1005.63,S3
2024-10-20 19:00:00,10.64,57.07,1008.95,S2
2024-10-20 20:00:00,11.87,66.12,1019.46,S2
2024-10-20 21:00:00,15.63,56.6,1009.69,S1
2024-10-20 22:00:00,9.53,62.61,1000.11,S3
2024-10-20 23:00:00,11.03,63.27,1035.32,S1
2024-10-21 00:00:00,11.62,63.89,1022.38,S1
2024-10-21 01:00:00,12.79,69.54,1014.63,S3
2024-10-21 02:00:00,11.48,70.41,1021.92,S1
2024-10-21 03:00:00,8.42,61.44,1017.17,S2
2024-10-21 04:00:00,9.29,65.07,997.12,S3
2024-10-21 05:00:00,10.91,63.07,1014.53,S3
2024-10-21 06:00:00,9.23,67.29,1005.77,S3
2024-10-21 07:00:00,7.67,64.78,1014.13,S3
2024-10-21 08:00:00,9.01,67.47,1017.04,S3
2024-10-21 09:00:00,9.02,59.55,1022.52,S3
2024-10-21 10:00:00,8.61,66.37,1003.14,S2
2024-10-21 11:00:00,15.68,58.22,1003.51,S3
2024-10-21 12:00:00,11.26,61.34,1008.26,S1
2024-10-21 13:00:00,10.86,65.76,1027.64,S1
2024-10-21 14:00:00,12.48,55.51,1009.37,S1
2024-10-21 15:00:00,14.24,54.34,1018.35,S3
2024-10-21 16:00:00,11.41,59.5,1012.44,S1
2024-10-21 17:00:00,12.68,60.6,1009.05,S2
2024-10-21 18:00:00,9.64,61.13,1014.34,S1
2024-10-21 19:00:00,8.84,62.69,1020.92,S3
2024-10-21 20:00:00,12.47,66.86,1019.74,S2
2024-10-21 21:00:00,12.43,75.13,1000.91,S2
2024-10-21 22:00:00,12.25,62.2,1016.35,S2
2024-10-21 23:00:00,10.91,67.26,1029.31,S1
2024-10-22 00:00:00,9.1,71.59,1016.05,S1
2024-10-22 01:00:00,9.7,70.71,1024.31,S3
2024-10-22 02:00:00,12.98,61.46,1030.4,S2
2024-10-22 03:00:00,9.49,69.76,1014.64,S3
2024-10-22 04:00:00,11.04,71.86,1012.38,S3
2024-10-22 05:00:00,9.13,73.07,1017.3,S3
2024-10-22 06:00:00,10.29,73.27,1025.87,S2
2024-10-22 07:00:00,8.52,59.93,1011.41,S2
2024-10-22 08:00:00,10.53,66.64,1001.53,S3
2024-10-22 09:00:00,9.73,62.0,1016.6,S2
2024-10-22 10:00:00,7.27,58.93,1022.28,S1
2024-10-22 11:00:00,12.0,67.87,1017.0,S2
2024-10-22 12:00:00,11.91,66.49,1017.39,S1
2024-10-22 13:00:00,10.81,66.35,1012.61,S2
2024-10-22 14:00:00,8.45,63.13,1010.65,S3
2024-10-22 15:00:00,8.48,77.76,1025.71,S3
2024-10-22 16:00:00,15.36,73.07,995.16,S1
2024-10-22 17:00:00,5.46,63.44,1013.92,S1
2024-10-22 18:00:00,8.53,65.43,1003.18,S2
2024-10-22 19:00:00,15.01,68.03,1012.67,S1
2024-10-22 20:00:00,15.64,70.7,1015.64,S3
2024-10-22 21:00:00,14.11,67.99,1018.06,S2
2024-10-22 22:00:00,11.78,66.16,1014.42,S1
2024-10-22 23:00:00,9.45,58.51,1026.91,S3
2024-10-23 00:00:00,7.36,75.42,1014.06,S3
2024-10-23 01:00:00,11.54,62.46,1002.39,S2
2024-10-23 02:00:00,9.2,70.93,1023.35,S2
2024-10-23 03:00:00,13.64,65.79,1016.37,S2
2024-10-23 04:00:00,7.03,71.9,1003.4,S2
2024-10-23 05:00:00,11.14,59.15,1020.31,S1
2024-10-23 06:00:00,12.6,62.49,1007.42,S2
2024-10-23 07:00:00,12.77,64.97,1022.35,S1
2024-10-23 08:00:00,12.41,61.1,1000.38,S3
2024-10-23 09:00:00,11.43,63.01,1011.75,S2
2024-10-23 10:00:00,11.01,72.16,1017.3,S2
2024-10-23 11:00:00,12.57,68.48,1002.33,S2
2024-10-23 12:00:00,11.44,72.96,1018.23,S2
2024-10-23 13:00:00,11.51,66.06,1023.33,S2
2024-10-23 14:00:00,10.83,64.95,1010.96,S2
2024-10-23 15:00:00,10.0,59.22,1016.93,S2
2024-10-23 16:00:00,8.07,71.0,1005.05,S1
2024-10-23 17:00:00,8.42,64.97,1041.61,S2
2024-10-23 18:00:00,10.01,66.76,1013.06,S2
2024-10-23 19:00:00,10.54,63.0,1016.31,S2
2024-10-23 20:00:00,8.84,80.03,1010.32,S1
2024-10-23 21:00:00,8.7,66.43,1006.39,S2
2024-10-23 22:00:00,10.06,62.25,1022.64,S2
2024-10-23 23:00:00,12.59,60.04,988.93,S3
2024-10-24 00:00:00,6.55,68.49,994.76,S2
2024-10-24 01:00:00,8.92,62.09,1016.2,S3
2024-10-24 02:00:00,11.12,63.61,1009.32,S3
2024-10-24 03:00:00,13.37,58.23,1021.45,S2
2024-10-24 04:00:00,15.12,66.22,1007.82,S2
2024-10-24 05:00:00,10.12,66.18,996.28,S2
2024-10-24 06:00:00,10.09,75.19,1012.34,S3
2024-10-24 07:00:00,10.53,63.23,1010.32,S1
2024-10-24 08:00:00,11.27,54.94,1002.18,S1
2024-10-24 09:00:00,10.73,64.82,1020.86,S2
2024-10-24 10:00:00,11.05,72.46,1016.57,S2
2024-10-24 11:00:00,8.15,69.01,1003.14,S3
2024-10-24 12:00:00,7.5,71.39,997.67,S3
2024-10-24 13:00:00,12.26,68.23,1016.55,S1
2024-10-24 14:00:00,10.44,63.79,1003.44,S3
2024-10-24 15:00:00,12.5,60.37,1003.41,S1
2024-10-24 16:00:00,11.28,61.09,1011.91,S2
2024-10-24 17:00:00,7.97,63.0,1013.47,S1
2024-10-24 18:00:00,13.95,69.19,1018.03,S1
2024-10-24 19:00:00,10.91,65.63,1023.57,S2
2024-10-24 20:00:00,9.35,57.05,1008.36,S1
2024-10-24 21:00:00,9.78,67.65,1018.88,S3
2024-10-24 22:00:00,8.43,72.18,1011.26,S3
2024-10-24 23:00:00,11.52,58.18,1024.77,S2
2024-10-25 00:00:00,10.64,68.83,1004.52,S2
2024-10-25 01:00:00,14.9,55.54,1018.24,S3
2024-10-25 02:00:00,11.9,61.72,1004.73,S3
2024-10-25 03:00:00,14.78,59.69,1003.93,S3
2024-10-25 04:00:00,8.95,69.54,1008.44,S3
2024-10-25 05:00:00,10.21,74.45,991.98,S1
2024-10-25 06:00:00,12.66,71.45,1022.87,S3
2024-10-25 07:00:00,12.06,71.29,1004.27,S2
2024-10-25 08:00:00,10.85,61.5,1008.39,S2
2024-10-25 09:00:00,8.73,69.08,1003.33,S3
2024-10-25 10:00:00,6.53,67.38,1022.5,S1
2024-10-25 11:00:00,10.45,60.31,1015.67,S3
2024-10-25 12:00:00,10.54,71.58,1018.51,S3
2024-10-25 13:00:00,11.15,68.38,1014.7,S2
2024-10-25 14:00:00,8.01,65.12,1014.68,S2
2024-10-25 15:00:00,9.14,70.33,1016.32,S1
2024-10-25 16:00:00,11.69,66.98,1022.49,S1
2024-10-25 17:00:00,12.08,72.25,1001.53,S1
2024-10-25 18:00:00,11.31,75.7,1007.29,S2
2024-10-25 19:00:00,10.22,64.87,1002.49,S1
2024-10-25 20:00:00,8.54,64.83,1019.0,S3
2024-10-25 21:00:00,12.83,63.83,1017.41,S3
2024-10-25 22:00:00,12.38,66.38,1020.18,S2
2024-10-25 23:00:00,9.78,73.06,987.5,S3
2024-10-26 00:00:00,12.6,61.01,1008.67,S1
2024-10-26 01:00:00,10.79,59.47,989.2,S3
2024-10-26 02:00:00,9.57,67.52,1032.51,S1
2024-10-26 03:00:00,12.79,66.16,1014.27,S1
2024-10-26 04:00:00,11.14,67.32,1004.83,S1
2024-10-26 05:00:00,10.09,56.58,1011.78,S3
2024-10-26 06:00:00,8.38,74.08,1012.82,S2
2024-10-26 07:00:00,8.57,67.41,1032.77,S1
2024-10-26 08:00:00,12.65,78.63,1011.08,S3
2024-10-26 09:00:00,11.86,68.47,1014.86,S2
2024-10-26 10:00:00,8.62,64.41,1007.07,S3
2024-10-26 11:00:00,8.59,67.7,1034.09,S2
2024-10-26 12:00:00,15.17,73.83,1028.72,S3
2024-10-26 13:00:00,11.9,62.84,993.44,S1
2024-10-26 14:00:00,13.39,69.38,1021.54,S3
2024-10-26 15:00:00,13.96,68.65,1017.48,S2
2024-10-26 16:00:00,9.12,69.44,1005.24,S1
2024-10-26 17:00:00,14.47,61.94,1003.07,S1
2024-10-26 18:00:00,8.83,69.68,992.7,S3
2024-10-26 19:00:00,12.45,69.31,1019.43,S1
2024-10-26 20:00:00,10.76,74.34,999.41,S2
2024-10-26 21:00:00,12.44,75.39,1016.1,S1
2024-10-26 22:00:00,10.58,68.4,1002.12,S2
2024-10-26 23:00:00,12.1,67.69,1001.05,S2
2024-10-27 00:00:00,13.73,61.75,1013.5,S2
2024-10-27 01:00:00,13.25,65.58,1025.51,S1
2024-10-27 02:00:00,10.89,64.29,1005.32,S1
2024-10-27 03:00:00,9.11,71.46,1012.41,S3
2024-10-27 04:00:00,10.42,68.13,1014.03,S2
2024-10-27 05:00:00,11.91,61.69,1012.21,S2
2024-10-27 06:00:00,12.33,62.4,1016.1,S3
2024-10-27 07:00:00,13.17,79.38,1013.16,S3
2024-10-27 08:00:00,9.57,64.48,995.59,S2
2024-10-27 09:00:00,9.17,70.02,1026.05,S2
2024-10-27 10:00:00,9.0,66.76,1016.95,S3
2024-10-27 11:00:00,10.64,65.41,1010.87,S1
2024-10-27 12:00:00,11.47,72.53,1003.01,S3
2024-10-27 13:00:00,11.78,64.4,1009.35,S2
2024-10-27 14:00:00,8.22,65.18,1021.74,S2
2024-10-27 15:00:00,9.14,73.57,999.69,S1
2024-10-27 16:00:00,9.65,64.78,1004.61,S2
2024-10-27 17:00:00,14.57,59.68,1012.15,S2
2024-10-27 18:00:00,10.3,61.08,996.93,S3
2024-10-27 19:00:00,8.11,69.31,1003.29,S1
2024-10-27 20:00:00,11.83,63.24,1010.24,S3
2024-10-27 21:00:00,10.85,72.4,988.49,S1
2024-10-27 22:00:00,8.72,66.87,1010.59,S2
2024-10-27 23:00:00,10.13,70.58,999.85,S3
2024-10-28 00:00:00,10.4,68.55,1024.83,S3
2024-10-28 01:00:00,10.84,72.09,1007.46,S3
2024-10-28 02:00:00,12.95,76.22,1020.38,S1
2024-10-28 03:00:00,12.21,69.63,1016.86,S2
2024-10-28 04:00:00,11.34,69.4,1005.11,S2
2024-10-28 05:00:00,13.07,72.39,1016.52,S1
2024-10-28 06:00:00,10.28,64.02,1030.0,S3
2024-10-28 07:00:00,9.65,69.56,1013.5,S2
2024-10-28 08:00:00,11.72,62.25,1009.45,S2
2024-10-28 09:00:00,11.57,63.07,1016.81,S3
2024-10-28 10:00:00,8.16,64.5,1017.84,S1
2024-10-28 11:00:00,14.1,73.23,1009.3,S2
2024-10-28 12:00:00,9.08,66.19,983.96,S3
2024-10-28 13:00:00,12.18,63.0,1004.09,S3
2024-10-28 14:00:00,12.23,70.71,999.96,S3
2024-10-28 15:00:00,4.96,58.69,1012.77,S1
2024-10-28 16:00:00,11.59,57.58,1024.76,S2
2024-10-28 17:00:00,14.41,65.68,1017.88,S1
2024-10-28 18:00:00,9.72,65.61,1008.02,S1
2024-10-28 19:00:00,7.35,72.18,1015.62,S3
2024-10-28 20:00:00,10.91,72.97,1012.8,S3
2024-10-28 21:00:00,12.08,66.47,1018.21,S3
2024-10-28 22:00:00,10.98,65.95,1018.76,S1
2024-10-28 23:00:00,9.26,63.12,1026.02,S2
2024-10-29 00:00:00,9.1,66.46,1011.61,S3
2024-10-29 01:00:00,7.92,54.24,995.02,S2
2024-10-29 02:00:00,7.42,64.77,999.75,S2
2024-10-29 03:00:00,10.48,66.63,1013.17,S2
2024-10-29 04:00:00,12.02,63.12,1010.31,S3
2024-10-29 05:00:00,11.49,63.84,1020.22,S2
2024-10-29 06:00:00,11.68,65.57,1023.37,S1
2024-10-29 07:00:00,12.45,67.04,1013.36,S1
2024-10-29 08:00:00,13.8,71.4,1000.5,S1
2024-10-29 09:00:00,11.24,69.23,1018.62,S3
2024-10-29 10:00:00,11.88,71.51,1015.79,S1
2024-10-29 11:00:00,11.9,69.98,1019.35,S2
2024-10-29 12:00:00,11.49,67.7,1005.75,S3
2024-10-29 13:00:00,11.24,78.29,1042.81,S3
2024-10-29 14:00:00,11.41,63.56,995.55,S2
2024-10-29 15:00:00,14.33,62.59,1013.93,S1
2024-10-29 16:00:00,14.08,66.4,1020.15,S2
2024-10-29 17:00:00,7.8,66.87,1021.27,S2
2024-10-29 18:00:00,11.66,67.87,1013.1,S3
2024-10-29 19:00:00,11.24,62.42,1019.21,S1
2024-10-29 20:00:00,13.75,76.99,1022.05,S1
2024-10-29 21:00:00,11.16,65.48,1014.08,S1
2024-10-29 22:00:00,11.74,62.4,1015.29,S2
2024-10-29 23:00:00,9.94,68.55,1019.41,S3
2024-10-30 00:00:00,12.87,72.72,1013.21,S3
2024-10-30 01:00:00,8.76,75.3,1026.34,S3
2024-10-30 02:00:00,10.64,55.27,1022.97,S1
2024-10-30 03:00:00,9.14,71.1,1009.94,S1
2024-10-30 04:00:00,10.65,76.06,1005.82,S3
2024-10-30 05:00:00,10.16,64.31,1020.73,S2
2024-10-30 06:00:00,12.94,66.14,1013.86,S3
2024-10-30 07:00:00,10.83,62.56,1007.07,S2
2024-10-30 08:00:00,14.25,64.52,1008.2,S3
2024-10-30 09:00:00,10.79,62.0,1019.48,S2
2024-10-30 10:00:00,9.11,72.01,1008.35,S3
2024-10-30 11:00:00,10.79,66.81,1027.46,S1
2024-10-30 12:00:00,12.24,52.33,1003.02,S1
2024-10-30 13:00:00,14.66,64.35,1007.99,S1
2024-10-30 14:00:00,10.0,63.92,1003.7,S1
2024-10-30 15:00:00,14.61,71.66,1000.81,S3
2024-10-30 16:00:00,10.92,67.05,1005.04,S1
2024-10-30 17:00:00,10.41,66.93,1007.91,S2
2024-10-30 18:00:00,12.86,70.62,1008.8,S2
2024-10-30 19:00:00,14.15,72.7,991.35,S1
2024-10-30 20:00:00,12.43,68.76,1001.07,S1
2024-10-30 21:00:00,8.48,64.16,1014.8,S1
2024-10-30 22:00:00,11.98,59.92,1005.98,S3
2024-10-30 23:00:00,15.67,74.7,1023.41,S2
2024-10-31 00:00:00,6.77,84.41,1010.58,S2
2024-10-31 01:00:00,12.08,68.09,1018.92,S2
2024-10-31 02:00:00,10.76,69.06,1009.28,S3
2024-10-31 03:00:00,9.46,75.01,1022.15,S3
2024-10-31 04:00:00,13.41,58.94,989.66,S2
2024-10-31 05:00:00,7.87,72.28,1014.07,S2
2024-10-31 06:00:00,10.65,69.4,1028.3,S2
2024-10-31 07:00:00,13.35,63.68,998.43,S1
2024-10-31 08:00:00,13.13,64.94,1020.52,S3
2024-10-31 09:00:00,12.55,60.97,1016.92,S2
2024-10-31 10:00:00,11.71,73.18,998.73,S1
2024-10-31 11:00:00,11.12,62.37,1016.48,S2
2024-10-31 12:00:00,10.43,69.63,1016.41,S2
2024-10-31 13:00:00,9.43,59.45,1012.09,S3
2024-10-31 14:00:00,13.0,74.57,1024.41,S2
2024-10-31 15:00:00,11.8,66.58,1023.03,S3
2024-10-31 16:00:00,13.07,72.97,1021.15,S3
2024-10-31 17:00:00,9.82,66.56,1027.02,S2
2024-10-31 18:00:00,9.78,64.6,1004.88,S1
2024-10-31 19:00:00,12.39,60.94,1007.77,S2
2024-10-31 20:00:00,6.84,72.92,1006.41,S2
2024-10-31 21:00:00,6.34,65.84,1007.89,S2
2024-10-31 22:00:00,13.43,69.15,1008.08,S1
2024-10-31 23:00:00,9.99,64.14,1011.64,S3
2024-11-01 00:00:00,11.8,67.6,1009.15,S1
2024-11-01 01:00:00,12.18,68.72,1002.12,S1
2024-11-01 02:00:00,13.49,58.93,1020.94,S2
2024-11-01 03:00:00,10.54,64.3,1004.24,S2
2024-11-01 04:00:00,10.66,75.6,1028.74,S1
2024-11-01 05:00:00,10.2,63.64,1021.07,S3
2024-11-01 06:00:00,12.68,72.25,1001.22,S3
2024-11-01 07:00:00,12.77,69.38,1012.8,S2
2024-11-01 08:00:00,14.0,70.32,998.84,S3
2024-11-01 09:00:00,8.95,70.94,1025.74,S3
2024-11-01 10:00:00,15.92,67.88,1013.05,S3
2024-11-01 11:00:00,10.83,64.94,1012.67,S1
2024-11-01 12:00:00,11.36,64.07,1015.21,S1
2024-11-01 13:00:00,11.79,66.15,1011.28,S2
2024-11-01 14:00:00,9.64,74.07,1006.41,S3
2024-11-01 15:00:00,10.64,61.04,1012.04,S2
2024-11-01 16:00:00,14.39,66.28,1025.54,S1
2024-11-01 17:00:00,14.43,60.27,1007.43,S2
2024-11-01 18:00:00,11.89,64.94,1026.94,S1
2024-11-01 19:00:00,13.57,67.24,1008.28,S1
2024-11-01 20:00:00,12.31,74.84,1014.8,S2
2024-11-01 21:00:00,11.38,75.4,1032.61,S3
2024-11-01 22:00:00,9.99,58.9,1018.65,S2
2024-11-01 23:00:00,9.78,60.34,1016.54,S3
2024-11-02 00:00:00,9.99,67.08,1019.54,S2
2024-11-02 01:00:00,14.74,71.72,1022.99,S2
2024-11-02 02:00:00,13.26,59.91,1004.63,S2
2024-11-02 03:00:00,14.4,66.08,1017.98,S1
2024-11-02 04:00:00,12.32,73.12,1015.58,S2
2024-11-02 05:00:00,9.76,73.74,991.34,S1
2024-11-02 06:00:00,12.73,66.44,1015.48,S1
2024-11-02 07:00:00,14.07,57.96,1003.1,S1
2024-11-02 08:00:00,12.81,73.23,1014.13,S2
2024-11-02 09:00:00,8.9,63.39,1022.84,S2
2024-11-02 10:00:00,8.59,70.69,1003.66,S2
2024-11-02 11:00:00,12.82,63.51,1011.81,S2
2024-11-02 12:00:00,10.92,68.52,1008.74,S1
2024-11-02 13:00:00,12.18,69.58,1024.41,S3
2024-11-02 14:00:00,10.11,74.45,1007.5,S3
2024-11-02 15:00:00,11.81,61.0,1015.17,S1
2024-11-02 16:00:00,9.36,63.64,1019.31,S1
2024-11-02 17:00:00,12.06,76.13,1020.6,S3
2024-11-02 18:00:00,13.03,69.23,1003.31,S3
2024-11-02 19:00:00,13.14,63.78,1010.46,S3
2024-11-02 20:00:00,8.96,71.7,1029.01,S3
2024-11-02 21:00:00,12.52,63.1,1012.84,S3
2024-11-02 22:00:00,10.41,69.08,1023.3,S2
2024-11-02 23:00:00,14.64,64.69,1033.58,S3
2024-11-03 00:00:00,13.51,74.34,1012.32,S2
2024-11-03 01:00:00,11.65,63.85,1021.31,S2
2024-11-03 02:00:00,15.97,54.87,1022.54,S1
2024-11-03 03:00:00,10.15,65.91,999.41,S1
2024-11-03 04:00:00,11.5,64.82,1017.02,S3
2024-11-03 05:00:00,12.7,66.95,1028.03,S1
2024-11-03 06:00:00,15.69,70.96,997.22,S3
2024-11-03 07:00:00,14.55,62.28,1011.86,S1
2024-11-03 08:00:00,13.23,64.31,1014.15,S1
2024-11-03 09:00:00,9.87,68.18,1012.01,S3
2024-11-03 10:00:00,9.88,64.92,1010.99,S1
2024-11-03 11:00:00,13.03,68.55,1001.89,S3
2024-11-03 12:00:00,9.14,70.92,1016.85,S1
2024-11-03 13:00:00,12.29,68.31,1005.54,S3
2024-11-03 14:00:00,13.26,73.75,1005.8,S2
2024-11-03 15:00:00,8.7,63.52,994.13,S3
2024-11-03 16:00:00,12.95,65.38,998.76,S1
2024-11-03 17:00:00,13.45,75.74,1027.78,S2
2024-11-03 18:00:00,10.94,64.62,1013.78,S2
2024-11-03 19:00:00,11.36,80.55,1020.4,S3
2024-11-03 20:00:00,8.1,73.14,1004.13,S3
2024-11-03 21:00:00,11.46,64.2,993.56,S2
2024-11-03 22:00:00,8.63,71.25,1006.43,S3
2024-11-03 23:00:00,10.3,69.81,993.86,S3
2024-11-04 00:00:00,10.88,61.07,1006.0,S3
2024-11-04 01:00:00,9.38,76.07,1024.51,S1
2024-11-04 02:00:00,9.2,72.46,1012.01,S1
2024-11-04 03:00:00,9.3,75.75,1027.49,S2
2024-11-04 04:00:00,14.15,73.61,1018.7,S2
2024-11-04 05:00:00,11.57,70.13,1023.66,S2
2024-11-04 06:00:00,14.24,73.79,1010.57,S3
2024-11-04 07:00:00,10.91,61.72,999.08,S3
2024-11-04 08:00:00,10.95,78.33,1002.84,S3
2024-11-04 09:00:00,10.88,72.15,1025.25,S2
2024-11-04 10:00:00,5.76,58.66,1014.79,S2
2024-11-04 11:00:00,12.75,60.97,999.25,S1
2024-11-04 12:00:00,11.52,69.89,1019.49,S3
2024-11-04 13:00:00,11.84,64.01,997.42,S3
2024-11-04 14:00:00,7.56,71.06,1017.61,S1
2024-11-04 15:00:00,11.69,63.55,1010.41,S2
2024-11-04 16:00:00,10.88,62.12,1019.89,S2
2024-11-04 17:00:00,12.01,65.79,1010.36,S2
2024-11-04 18:00:00,11.61,84.84,1020.25,S3
2024-11-04 19:00:00,10.79,63.04,997.69,S1
2024-11-04 20:00:00,12.9,74.8,1016.34,S1
2024-11-04 21:00:00,13.82,64.74,1008.56,S2
2024-11-04 22:00:00,10.96,68.09,1016.74,S3
2024-11-04 23:00:00,8.88,69.17,1009.92,S1
2024-11-05 00:00:00,9.02,68.24,1004.06,S3
2024-11-05 01:00:00,12.63,68.85,1011.95,S2
2024-11-05 02:00:00,14.39,70.26,1025.38,S2
2024-11-05 03:00:00,8.17,61.11,1006.96,S1
2024-11-05 04:00:00,9.77,67.93,1015.0,S2
2024-11-05 05:00:00,11.14,68.32,1006.27,S1
2024-11-05 06:00:00,7.73,71.38,993.36,S2
2024-11-05 07:00:00,11.62,67.21,1013.75,S1
2024-11-05 08:00:00,12.54,71.27,1051.91,S2
2024-11-05 09:00:00,12.78,65.37,999.63,S2
2024-11-05 10:00:00,11.03,65.88,1022.59,S3
2024-11-05 11:00:00,11.12,70.21,989.29,S3
2024-11-05 12:00:00,9.79,63.52,1012.45,S2
2024-11-05 13:00:00,8.3,65.84,999.07,S1
2024-11-05 14:00:00,11.47,66.2,1017.33,S2
2024-11-05 15:00:00,12.66,66.48,1007.48,S3
2024-11-05 16:00:00,11.88,68.98,1007.12,S1
2024-11-05 17:00:00,14.07,64.25,1001.67,S2
2024-11-05 18:00:00,12.55,71.84,991.51,S2
2024-11-05 19:00:00,13.18,67.36,1010.06,S3
2024-11-05 20:00:00,12.2,70.75,1005.89,S1
2024-11-05 21:00:00,15.59,62.6,1008.83,S1
2024-11-05 22:00:00,10.9,54.46,1009.58,S1
2024-11-05 23:00:00,13.24,73.47,1004.6,S2
2024-11-06 00:00:00,12.38,69.81,1014.19,S3
2024-11-06 01:00:00,13.36,71.51,1010.82,S2
2024-11-06 02:00:00,12.56,75.37,1021.26,S3
2024-11-06 03:00:00,11.81,64.09,1036.79,S3
2024-11-06 04:00:00,12.66,59.76,1015.28,S1
2024-11-06 05:00:00,12.91,73.7,1024.07,S2
2024-11-06 06:00:00,13.18,72.08,1014.25,S1
2024-11-06 07:00:00,14.84,74.36,1017.65,S3
2024-11-06 08:00:00,12.31,77.13,1009.74,S3
2024-11-06 09:00:00,9.73,62.98,1011.97,S1
2024-11-06 10:00:00,12.26,73.54,1005.05,S1
2024-11-06 11:00:00,11.04,67.59,1027.18,S3
2024-11-06 12:00:00,10.99,73.7,1022.68,S2
2024-11-06 13:00:00,11.3,78.06,1015.55,S1
2024-11-06 14:00:00,10.14,69.02,1002.75,S2
2024-11-06 15:00:00,7.15,65.17,1011.24,S3
2024-11-06 16:00:00,14.9,62.12,1022.67,S1
2024-11-06 17:00:00,10.98,57.64,1037.46,S1
2024-11-06 18:00:00,8.53,76.18,1013.77,S3
2024-11-06 19:00:00,12.32,76.5,1025.25,S1
2024-11-06 20:00:00,13.2,74.0,1014.73,S1
2024-11-06 21:00:00,11.62,67.45,1025.76,S2
2024-11-06 22:00:00,9.4,72.89,992.09,S1
2024-11-06 23:00:00,9.15,70.49,1004.39,S2
2024-11-07 00:00:00,16.55,63.17,1016.13,S1
2024-11-07 01:00:00,9.17,74.72,1000.83,S1
2024-11-07 02:00:00,8.74,71.54,1017.24,S3
2024-11-07 03:00:00,11.38,72.68,1013.39,S3
2024-11-07 04:00:00,13.65,70.64,996.94,S1
2024-11-07 05:00:00,15.32,69.68,995.08,S2
2024-11-07 06:00:00,11.59,70.79,1016.33,S3
2024-11-07 07:00:00,11.56,67.61,1001.53,S3
2024-11-07 08:00:00,9.45,72.08,1008.43,S3
2024-11-07 09:00:00,14.2,78.81,1019.31,S1
2024-11-07 10:00:00,11.89,71.37,1012.18,S2
2024-11-07 11:00:00,11.96,74.65,1008.77,S2
2024-11-07 12:00:00,12.91,63.17,997.83,S1
2024-11-07 13:00:00,12.65,73.15,1028.0,S3
2024-11-07 14:00:00,11.77,71.64,1021.05,S2
2024-11-07 15:00:00,14.69,74.48,1006.56,S2
2024-11-07 16:00:00,8.85,66.99,1003.97,S1
2024-11-07 17:00:00,12.48,74.04,1007.38,S2
2024-11-07 18:00:00,12.88,65.53,1003.21,S2
2024-11-07 19:00:00,11.24,74.83,1010.03,S3
2024-11-07 20:00:00,13.31,75.18,1024.16,S3
2024-11-07 21:00:00,13.4,63.62,1023.12,S3
2024-11-07 22:00:00,14.3,70.98,1023.08,S2
2024-11-07 23:00:00,11.86,68.07,1000.02,S3
2024-11-08 00:00:00,11.66,71.61,1002.64,S1
2024-11-08 01:00:00,13.17,69.38,1022.62,S3
2024-11-08 02:00:00,11.7,68.07,1017.51,S3
2024-11-08 03:00:00,9.06,66.29,1008.65,S2
2024-11-08 04:00:00,13.83,76.42,1020.12,S3
2024-11-08 05:00:00,8.44,65.51,1018.05,S1
2024-11-08 06:00:00,12.92,66.5,997.67,S3
2024-11-08 07:00:00,17.2,62.96,990.42,S3
2024-11-08 08:00:00,13.19,73.53,1012.87,S1
2024-11-08 09:00:00,10.74,74.44,991.41,S1
2024-11-08 10:00:00,11.23,71.23,1023.96,S3
2024-11-08 11:00:00,12.88,65.42,1018.11,S2
2024-11-08 12:00:00,12.1,60.76,1009.32,S1
2024-11-08 13:00:00,13.66,72.09,1000.68,S1
2024-11-08 14:00:00,15.05,73.79,1003.63,S2
2024-11-08 15:00:00,14.79,66.76,982.73,S1
2024-11-08 16:00:00,9.85,69.69,1026.94,S1
2024-11-08 17:00:00,12.2,61.46,1014.94,S2
2024-11-08 18:00:00,13.16,65.38,1011.2,S3
2024-11-08 19:00:00,15.21,71.27,1031.35,S2
2024-11-08 20:00:00,12.9,68.82,1003.52,S3
2024-11-08 21:00:00,10.82,70.3,1010.98,S1
2024-11-08 22:00:00,13.06,75.06,1006.05,S1
2024-11-08 23:00:00,15.83,63.16,1033.81,S3
2024-11-09 00:00:00,11.69,70.41,1010.11,S2
2024-11-09 01:00:00,10.8,65.99,1014.85,S1
2024-11-09 02:00:00,12.14,68.52,1029.21,S2
2024-11-09 03:00:00,10.91,70.86,1023.84,S3
2024-11-09 04:00:00,13.87,63.09,996.75,S3
2024-11-09 05:00:00,10.93,66.16,1009.85,S3
2024-11-09 06:00:00,14.81,67.36,1012.3,S2
2024-11-09 07:00:00,13.22,71.42,1014.6,S2
2024-11-09 08:00:00,13.63,74.95,1016.15,S3
2024-11-09 09:00:00,13.62,61.1,1003.94,S1
2024-11-09 10:00:00,13.95,66.13,1028.28,S3
2024-11-09 11:00:00,11.63,68.74,1017.46,S1
2024-11-09 12:00:00,10.3,68.73,1019.5,S1
2024-11-09 13:00:00,11.3,71.57,1026.73,S1
2024-11-09 14:00:00,14.11,63.3,1015.77,S2
2024-11-09 15:00:00,8.73,68.49,1010.91,S1
2024-11-09 16:00:00,8.27,67.45,1009.37,S1
2024-11-09 17:00:00,12.72,73.13,1010.75,S3
2024-11-09 18:00:00,13.97,69.9,1011.39,S1
2024-11-09 19:00:00,14.24,67.32,993.88,S1
2024-11-09 20:00:00,10.39,75.64,1006.79,S3
2024-11-09 21:00:00,9.93,66.91,1002.07,S2
2024-11-09 22:00:00,10.92,65.57,992.71,S1
2024-11-09 23:00:00,11.52,72.52,1014.57,S2
2024-11-10 00:00:00,11.64,67.2,1017.43,S3
2024-11-10 01:00:00,12.55,69.92,1004.39,S2
2024-11-10 02:00:00,15.13,78.26,1010.2,S1
2024-11-10 03:00:00,12.2,67.16,1018.66,S2
2024-11-10 04:00:00,14.2,64.78,1009.98,S2
2024-11-10 05:00:00,13.64,68.55,1011.64,S3
2024-11-10 06:00:00,10.91,68.09,1010.55,S3
2024-11-10 07:00:00,13.62,73.47,1019.02,S3
2024-11-10 08:00:00,13.49,62.81,1012.83,S3
2024-11-10 09:00:00,12.35,83.09,1009.75,S3
2024-11-10 10:00:00,12.7,66.06,1008.25,S3
2024-11-10 11:00:00,12.24,72.3,1004.62,S3
2024-11-10 12:00:00,10.18,74.35,1018.97,S3
2024-11-10 13:00:00,17.1,70.65,1018.66,S2
2024-11-10 14:00:00,14.48,72.79,1012.94,S3
2024-11-10 15:00:00,13.43,70.06,1022.38,S2
2024-11-10 16:00:00,11.57,72.87,1013.11,S1
2024-11-10 17:00:00,12.2,67.6,1016.25,S3
2024-11-10 18:00:00,10.05,66.46,1007.3,S1
2024-11-10 19:00:00,13.33,60.84,1024.99,S3
2024-11-10 20:00:00,13.07,71.92,1014.62,S1
2024-11-10 21:00:00,11.99,68.04,1016.87,S2
2024-11-10 22:00:00,12.47,71.63,1013.67,S3
2024-11-10 23:00:00,11.82,68.18,1013.84,S2
2024-11-11 00:00:00,11.43,75.98,1015.61,S1
2024-11-11 01:00:00,10.87,68.96,992.46,S2
2024-11-11 02:00:00,10.38,66.69,1017.24,S3
2024-11-11 03:00:00,11.03,67.81,1005.88,S2
2024-11-11 04:00:00,11.19,72.32,1010.69,S2
2024-11-11 05:00:00,14.62,84.42,1006.44,S1
2024-11-11 06:00:00,11.21,76.68,1021.31,S1
2024-11-11 07:00:00,8.38,63.8,1005.08,S3
2024-11-11 08:00:00,13.04,71.02,1010.05,S1
2024-11-11 09:00:00,13.71,65.93,1006.51,S2
2024-11-11 10:00:00,14.4,67.89,1005.58,S1
2024-11-11 11:00:00,12.8,68.34,1005.7,S3
2024-11-11 12:00:00,10.19,69.45,1000.57,S1
2024-11-11 13:00:00,10.88,74.27,1007.37,S3
2024-11-11 14:00:00,13.68,68.58,1014.93,S3
2024-11-11 15:00:00,15.41,70.74,1003.89,S2
2024-11-11 16:00:00,10.21,69.87,1014.26,S2
2024-11-11 17:00:00,12.92,66.42,1018.3,S2
2024-11-11 18:00:00,11.39,67.22,1011.62,S3
2024-11-11 19:00:00,10.86,66.89,1001.09,S1
2024-11-11 20:00:00,12.58,73.26,995.41,S1
2024-11-11 21:00:00,12.25,68.09,1021.09,S3
2024-11-11 22:00:00,8.47,78.8,1028.43,S3
2024-11-11 23:00:00,12.93,66.05,1027.1,S1
2024-11-12 00:00:00,13.19,66.05,1016.01,S1
2024-11-12 01:00:00,14.03,64.64,1016.1,S3
2024-11-12 02:00:00,11.39,69.45,1010.82,S1
2024-11-12 03:00:00,9.37,67.3,1010.64,S1
2024-11-12 04:00:00,11.71,68.24,1005.72,S3
2024-11-12 05:00:00,13.97,75.14,1004.54,S3
2024-11-12 06:00:00,12.41,69.19,994.28,S2
2024-11-12 07:00:00,14.26,68.15,1020.0,S2
2024-11-12 08:00:00,9.97,71.47,1018.51,S1
2024-11-12 09:00:00,14.2,70.98,1009.21,S3
2024-11-12 10:00:00,13.08,73.82,1025.56,S1
2024-11-12 11:00:00,11.87,74.24,1035.34,S3
2024-11-12 12:00:00,14.73,72.33,998.11,S1
2024-11-12 13:00:00,13.07,74.77,1018.67,S1
2024-11-12 14:00:00,10.63,66.69,1012.79,S3
2024-11-12 15:00:00,14.57,69.5,1029.1,S2
2024-11-12 16:00:00,12.12,70.72,1007.8,S2
2024-11-12 17:00:00,12.69,70.55,1023.62,S3
2024-11-12 18:00:00,10.89,85.52,1019.89,S1
2024-11-12 19:00:00,12.52,75.61,1024.53,S1
2024-11-12 20:00:00,10.73,75.43,1005.76,S1
2024-11-12 21:00:00,12.29,68.7,1009.14,S3
2024-11-12 22:00:00,12.7,69.81,1018.27,S2
2024-11-12 23:00:00,13.85,73.98,1024.31,S3
2024-11-13 00:00:00,9.83,77.68,1015.22,S2
2024-11-13 01:00:00,14.66,65.9,994.01,S2
2024-11-13 02:00:00,14.72,67.82,1024.86,S3
2024-11-13 03:00:00,12.28,69.2,1025.96,S2
2024-11-13 04:00:00,12.92,71.49,1007.51,S2
2024-11-13 05:00:00,13.28,74.07,1021.51,S2
2024-11-13 06:00:00,12.84,73.8,1017.92,S1
2024-11-13 07:00:00,13.89,72.49,1004.09,S3
2024-11-13 08:00:00,11.91,66.43,1021.88,S1
2024-11-13 09:00:00,11.17,69.38,1012.57,S3
2024-11-13 10:00:00,13.55,63.56,999.42,S1
2024-11-13 11:00:00,9.65,75.14,1021.98,S2
2024-11-13 12:00:00,13.94,70.43,1034.15,S1
2024-11-13 13:00:00,14.15,64.45,989.97,S1
2024-11-13 14:00:00,11.15,82.04,1016.06,S3
2024-11-13 15:00:00,15.56,57.54,1015.66,S3
2024-11-13 16:00:00,12.02,69.98,1001.46,S1
2024-11-13 17:00:00,11.85,76.87,1023.26,S3
2024-11-13 18:00:00,11.43,67.88,1002.08,S2
2024-11-13 19:00:00,13.64,71.14,1013.84,S2
2024-11-13 20:00:00,11.96,72.72,1005.51,S2
2024-11-13 21:00:00,9.87,58.89,1002.74,S3
2024-11-13 22:00:00,13.44,64.89,1016.71,S3
2024-11-13 23:00:00,12.18,70.04,1005.88,S1
2024-11-14 00:00:00,14.94,69.94,1025.8,S3
2024-11-14 01:00:00,13.39,63.63,1013.22,S1
2024-11-14 02:00:00,13.31,70.27,1021.6,S3
2024-11-14 03:00:00,14.81,73.05,1020.98,S3
2024-11-14 04:00:00,13.1,76.83,1024.89,S1
2024-11-14 05:00:00,14.35,71.43,1010.09,S2
2024-11-14 06:00:00,11.49,65.86,1011.78,S3
2024-11-14 07:00:00,16.09,73.27,1004.12,S1
2024-11-14 08:00:00,13.35,73.86,1014.4,S3
2024-11-14 09:00:00,10.4,69.6,1005.01,S3
2024-11-14 10:00:00,13.09,68.55,1024.36,S3
2024-11-14 11:00:00,13.19,68.15,1003.84,S3
2024-11-14 12:00:00,13.07,73.58,1008.64,S3
2024-11-14 13:00:00,8.23,69.75,1018.45,S1
2024-11-14 14:00:00,11.74,72.13,1018.05,S3
2024-11-14 15:00:00,10.07,66.74,1001.55,S1
2024-11-14 16:00:00,10.11,70.84,1007.0,S1
2024-11-14 17:00:00,13.18,64.98,1009.92,S2
2024-11-14 18:00:00,11.73,67.57,1011.32,S1
2024-11-14 19:00:00,12.13,70.73,1014.97,S1
2024-11-14 20:00:00,11.07,66.79,1020.55,S2
2024-11-14 21:00:00,15.63,68.53,1011.59,S3
2024-11-14 22:00:00,12.95,74.32,1013.94,S2
2024-11-14 23:00:00,9.83,69.04,1005.15,S3
2024-11-15 00:00:00,14.17,68.72,1028.01,S3
2024-11-15 01:00:00,12.2,66.1,1017.12,S1
2024-11-15 02:00:00,15.28,67.95,1010.15,S3
2024-11-15 03:00:00,12.88,70.53,1025.29,S2
2024-11-15 04:00:00,11.51,73.73,1016.7,S2
2024-11-15 05:00:00,11.82,62.9,1015.2,S3
2024-11-15 06:00:00,12.11,74.6,1013.05,S2
2024-11-15 07:00:00,13.9,68.68,1023.16,S2
2024-11-15 08:00:00,11.35,70.13,1029.13,S1
2024-11-15 09:00:00,15.42,74.13,1022.99,S1
2024-11-15 10:00:00,13.67,81.74,1013.32,S1
2024-11-15 11:00:00,13.39,73.35,1026.39,S3
2024-11-15 12:00:00,13.09,68.17,1010.39,S1
2024-11-15 13:00:00,12.91,71.56,1004.18,S2
2024-11-15 14:00:00,10.42,72.75,1021.1,S1
2024-11-15 15:00:00,13.54,63.64,1027.41,S2
2024-11-15 16:00:00,16.82,65.24,1013.0,S1
2024-11-15 17:00:00,14.35,72.68,1029.48,S2
2024-11-15 18:00:00,13.85,73.32,998.5,S1
2024-11-15 19:00:00,9.91,72.57,1012.08,S1
2024-11-15 20:00:00,15.16,73.95,1004.47,S1
2024-11-15 21:00:00,14.6,68.85,1004.27,S1
2024-11-15 22:00:00,15.33,76.11,1012.68,S2
2024-11-15 23:00:00,11.19,79.82,1030.23,S1
2024-11-16 00:00:00,12.21,67.5,1026.18,S3
2024-11-16 01:00:00,10.04,64.43,1026.95,S1
2024-11-16 02:00:00,9.88,70.37,1017.45,S1
2024-11-16 03:00:00,11.87,75.13,1010.13,S3
2024-11-16 04:00:00,13.96,74.06,1016.35,S2
2024-11-16 05:00:00,12.2,71.47,998.84,S3
2024-11-16 06:00:00,11.7,59.21,1028.45,S2
2024-11-16 07:00:00,13.72,67.31,995.16,S3
2024-11-16 08:00:00,6.56,76.3,1011.72,S3
2024-11-16 09:00:00,11.97,62.06,1012.99,S3
2024-11-16 10:00:00,13.73,70.9,1021.47,S2
2024-11-16 11:00:00,12.26,67.94,1017.39,S1
2024-11-16 12:00:00,15.67,74.08,1018.06,S1
2024-11-16 13:00:00,11.75,62.48,989.5,S3
2024-11-16 14:00:00,11.89,69.32,1011.32,S2
2024-11-16 15:00:00,11.11,71.62,1006.66,S2
2024-11-16 16:00:00,11.57,69.08,1014.49,S1
2024-11-16 17:00:00,13.65,73.86,1011.68,S2
2024-11-16 18:00:00,14.71,63.15,1015.21,S2
2024-11-16 19:00:00,17.41,65.25,1001.07,S3
2024-11-16 20:00:00,14.26,69.24,1014.02,S2
2024-11-16 21:00:00,10.76,72.56,1030.5,S2
2024-11-16 22:00:00,15.6,73.45,1034.29,S3
2024-11-16 23:00:00,14.1,71.76,1026.5,S1
2024-11-17 00:00:00,13.19,66.3,994.7,S1
2024-11-17 01:00:00,15.27,67.92,1010.1,S2
2024-11-17 02:00:00,17.88,76.44,1008.01,S3
2024-11-17 03:00:00,12.77,81.03,1014.53,S1
2024-11-17 04:00:00,11.48,73.97,1026.27,S2
2024-11-17 05:00:00,15.81,72.66,1012.54,S1
2024-11-17 06:00:00,18.47,65.17,1003.81,S2
2024-11-17 07:00:00,13.46,71.94,1024.61,S1
2024-11-17 08:00:00,13.23,62.53,1016.72,S3
2024-11-17 09:00:00,13.52,77.53,1020.72,S3
2024-11-17 10:00:00,14.08,73.77,1023.1,S1
2024-11-17 11:00:00,10.37,70.69,1009.61,S3
2024-11-17 12:00:00,13.8,65.2,1001.19,S1
2024-11-17 13:00:00,13.74,71.9,1015.17,S1
2024-11-17 14:00:00,13.63,63.49,1009.56,S3
2024-11-17 15:00:00,13.54,69.44,1013.73,S2
2024-11-17 16:00:00,13.41,73.09,1027.17,S3
2024-11-17 17:00:00,9.02,67.46,1015.0,S2
2024-11-17 18:00:00,11.78,70.83,1031.4,S2
2024-11-17 19:00:00,14.94,82.69,1015.95,S2
2024-11-17 20:00:00,15.42,62.1,1010.14,S1
2024-11-17 21:00:00,12.39,67.19,1000.4,S2
2024-11-17 22:00:00,11.33,69.77,1015.24,S2
2024-11-17 23:00:00,14.68,68.41,1003.84,S3
2024-11-18 00:00:00,13.8,73.34,1018.34,S1
2024-11-18 01:00:00,13.02,73.78,1011.87,S1
2024-11-18 02:00:00,14.99,71.31,1011.54,S2
2024-11-18 03:00:00,10.91,71.78,1013.85,S3
2024-11-18 04:00:00,15.6,62.12,1015.33,S2
2024-11-18 05:00:00,10.28,73.47,1012.66,S1
2024-11-18 06:00:00,11.64,72.08,1034.37,S3
2024-11-18 07:00:00,11.21,67.66,1005.28,S1
2024-11-18 08:00:00,12.13,79.23,1023.24,S1
2024-11-18 09:00:00,13.92,70.77,1025.56,S1
2024-11-18 10:00:00,14.67,72.27,1001.93,S1
2024-11-18 11:00:00,13.15,70.95,1013.56,S1
2024-11-18 12:00:00,10.76,62.91,1016.56,S3
2024-11-18 13:00:00,9.32,66.11,1014.71,S3
2024-11-18 14:00:00,15.02,69.79,1014.32,S1
2024-11-18 15:00:00,14.78,76.09,1019.25,S2
2024-11-18 16:00:00,15.48,68.9,992.03,S2
2024-11-18 17:00:00,13.08,72.23,1012.01,S1
2024-11-18 18:00:00,14.69,73.48,1008.8,S3
2024-11-18 19:00:00,12.08,67.21,1005.81,S2
2024-11-18 20:00:00,14.32,66.54,1021.79,S3
2024-11-18 21:00:00,12.41,67.83,1023.32,S3
2024-11-18 22:00:00,11.74,67.52,1024.37,S2
2024-11-18 23:00:00,13.84,65.8,1021.51,S2
2024-11-19 00:00:00,13.74,75.56,1001.03,S3
2024-11-19 01:00:00,15.21,74.18,1014.46,S2
2024-11-19 02:00:00,10.83,65.85,1024.1,S1
2024-11-19 03:00:00,15.25,72.11,987.81,S2
2024-11-19 04:00:00,13.66,69.67,1029.26,S3
2024-11-19 05:00:00,15.55,70.68,1000.46,S3
2024-11-19 06:00:00,15.53,71.46,1004.1,S3
2024-11-19 07:00:00,8.55,63.9,1020.66,S3
2024-11-19 08:00:00,15.52,61.34,1032.49,S3
2024-11-19 09:00:00,15.62,71.41,1003.66,S3
2024-11-19 10:00:00,10.92,69.38,1005.14,S1
2024-11-19 11:00:00,10.32,70.21,1025.55,S3
2024-11-19 12:00:00,15.0,68.08,1014.64,S3
2024-11-19 13:00:00,13.68,71.28,1010.52,S1
2024-11-19 14:00:00,12.17,62.96,1015.1,S3
2024-11-19 15:00:00,16.34,71.48,1034.84,S3
2024-11-19 16:00:00,14.08,58.57,1020.7,S1
2024-11-19 17:00:00,9.3,67.67,1016.55,S2
2024-11-19 18:00:00,11.45,68.95,1018.8,S2
2024-11-19 19:00:00,15.57,62.16,1017.16,S3
2024-11-19 20:00:00,13.56,77.7,1022.13,S2
2024-11-19 21:00:00,12.06,70.9,1006.62,S2
2024-11-19 22:00:00,14.41,67.61,1012.32,S1
2024-11-19 23:00:00,12.29,80.82,1012.8,S2
2024-11-20 00:00:00,11.02,72.52,1003.74,S3
2024-11-20 01:00:00,15.55,73.17,1002.02,S1
2024-11-20 02:00:00,15.86,70.22,1026.96,S2
2024-11-20 03:00:00,14.49,68.65,1020.09,S3
2024-11-20 04:00:00,10.47,72.39,1030.69,S1
2024-11-20 05:00:00,17.24,57.17,1018.05,S3
2024-11-20 06:00:00,17.18,62.0,1016.2,S2
2024-11-20 07:00:00,16.1,63.84,1010.96,S3
2024-11-20 08:00:00,14.16,59.41,1023.08,S2
2024-11-20 09:00:00,13.75,73.71,1000.27,S2
2024-11-20 10:00:00,14.44,67.53,1016.05,S2
2024-11-20 11:00:00,11.29,77.18,1022.25,S2
2024-11-20 12:00:00,12.49,70.04,1012.16,S2
2024-11-20 13:00:00,12.41,66.71,1017.41,S1
2024-11-20 14:00:00,14.8,70.35,1028.84,S2
2024-11-20 15:00:00,14.09,76.25,1010.7,S1
2024-11-20 16:00:00,11.68,69.45,1017.2,S3
2024-11-20 17:00:00,10.42,76.94,1023.23,S3
2024-11-20 18:00:00,14.32,76.19,1009.81,S1
2024-11-20 19:00:00,11.49,67.85,1002.21,S1
2024-11-20 20:00:00,11.11,68.27,1020.3,S3
2024-11-20 21:00:00,17.82,68.0,1014.16,S1
2024-11-20 22:00:00,18.25,64.71,1012.73,S1
2024-11-20 23:00:00,12.74,63.3,1014.7,S2
2024-11-21 00:00:00,10.0,68.25,1001.18,S3
2024-11-21 01:00:00,16.07,58.56,1010.5,S1
2024-11-21 02:00:00,14.33,65.06,1020.15,S1
2024-11-21 03:00:00,15.2,73.12,1012.97,S1
2024-11-21 04:00:00,12.4,63.74,1007.84,S2
2024-11-21 05:00:00,11.6,77.1,1005.61,S3
2024-11-21 06:00:00,13.2,73.65,1015.72,S3
2024-11-21 07:00:00,14.03,79.93,1021.41,S1
2024-11-21 08:00:00,12.23,80.99,1023.26,S1
2024-11-21 09:00:00,16.29,74.38,1007.44,S2
2024-11-21 10:00:00,10.23,67.72,1029.25,S1
2024-11-21 11:00:00,14.53,62.39,1014.14,S1
2024-11-21 12:00:00,13.96,63.31,996.6,S2
2024-11-21 13:00:00,16.16,80.5,1014.19,S1
2024-11-21 14:00:00,11.8,63.22,1002.97,S3
2024-11-21 15:00:00,15.14,69.61,1017.09,S3
2024-11-21 16:00:00,14.69,76.71,1015.78,S3
2024-11-21 17:00:00,14.23,66.33,997.77,S2
2024-11-21 18:00:00,11.97,77.31,1027.38,S2
2024-11-21 19:00:00,12.21,70.4,1006.55,S3
2024-11-21 20:00:00,13.16,71.82,994.81,S3
2024-11-21 21:00:00,12.76,69.3,1025.81,S2
2024-11-21 22:00:00,16.29,66.15,1019.11,S1
2024-11-21 23:00:00,14.05,74.22,1010.44,S1
2024-11-22 00:00:00,15.37,73.61,1013.48,S2
2024-11-22 01:00:00,10.88,74.45,1011.83,S3
2024-11-22 02:00:00,10.11,75.84,997.14,S2
2024-11-22 03:00:00,13.44,68.64,999.02,S3
2024-11-22 04:00:00,11.25,73.63,1022.52,S2
2024-11-22 05:00:00,13.89,75.32,1017.13,S2
2024-11-22 06:00:00,12.13,72.88,1022.15,S2
2024-11-22 07:00:00,14.43,68.78,1025.08,S2
2024-11-22 08:00:00,12.26,72.64,979.91,S2
2024-11-22 09:00:00,14.95,60.88,1008.92,S2
2024-11-22 10:00:00,12.07,72.75,1001.45,S3
2024-11-22 11:00:00,10.11,65.31,1011.72,S3
2024-11-22 12:00:00,15.55,70.98,994.47,S1
2024-11-22 13:00:00,12.32,68.8,1018.97,S2
2024-11-22 14:00:00,16.6,71.14,1019.6,S1
2024-11-22 15:00:00,12.58,63.14,1035.74,S1
2024-11-22 16:00:00,12.22,74.44,1012.0,S2
2024-11-22 17:00:00,13.31,75.47,1019.77,S2
2024-11-22 18:00:00,12.76,66.04,1022.7,S1
2024-11-22 19:00:00,14.14,64.12,1030.19,S1
2024-11-22 20:00:00,14.7,66.39,1001.69,S2
2024-11-22 21:00:00,15.01,74.65,1021.95,S2
2024-11-22 22:00:00,13.73,70.62,1016.98,S2
2024-11-22 23:00:00,10.91,69.93,996.83,S3
2024-11-23 00:00:00,17.36,70.21,1017.67,S1
2024-11-23 01:00:00,13.18,67.62,1020.42,S1
2024-11-23 02:00:00,13.08,72.64,996.13,S1
2024-11-23 03:00:00,13.75,78.56,1012.24,S3
2024-11-23 04:00:00,13.42,66.52,1013.78,S1
2024-11-23 05:00:00,10.45,74.12,1013.48,S2
2024-11-23 06:00:00,15.1,70.73,1019.25,S3
2024-11-23 07:00:00,12.31,70.7,1007.0,S1
2024-11-23 08:00:00,13.31,77.9,1002.05,S3
2024-11-23 09:00:00,17.49,75.97,1017.87,S3
2024-11-23 10:00:00,15.86,71.07,1028.72,S2
2024-11-23 11:00:00,17.2,75.68,1027.98,S3
2024-11-23 12:00:00,12.63,62.45,1036.9,S2
2024-11-23 13:00:00,15.45,60.07,1009.3,S2
2024-11-23 14:00:00,14.8,67.54,1011.32,S1
2024-11-23 15:00:00,13.89,66.03,991.48,S2
2024-11-23 16:00:00,12.51,69.86,1006.84,S1
2024-11-23 17:00:00,16.18,76.78,997.2,S1
2024-11-23 18:00:00,12.99,70.04,1009.55,S1
2024-11-23 19:00:00,14.3,75.79,1026.62,S2
2024-11-23 20:00:00,15.86,75.68,1023.65,S1
2024-11-23 21:00:00,12.08,62.35,1009.7,S2
2024-11-23 22:00:00,11.86,74.71,1007.25,S2
2024-11-23 23:00:00,19.08,77.05,1004.88,S1
2024-11-24 00:00:00,12.33,77.4,1021.63,S2
2024-11-24 01:00:00,17.29,70.74,1009.86,S1
2024-11-24 02:00:00,13.96,71.69,1015.64,S1
2024-11-24 03:00:00,13.22,72.03,1019.69,S1
2024-11-24 04:00:00,13.42,70.95,1020.42,S3
2024-11-24 05:00:00,13.96,66.19,985.15,S2
2024-11-24 06:00:00,16.76,67.34,1018.61,S3
2024-11-24 07:00:00,15.61,74.47,1013.99,S3
2024-11-24 08:00:00,13.68,70.69,994.97,S2
2024-11-24 09:00:00,10.37,71.97,1026.82,S2
2024-11-24 10:00:00,14.15,76.93,1014.98,S1
2024-11-24 11:00:00,14.38,71.86,997.52,S3
2024-11-24 12:00:00,16.64,65.77,1007.18,S2
2024-11-24 13:00:00,11.19,82.52,1010.9,S1
2024-11-24 14:00:00,13.15,70.01,1039.13,S2
2024-11-24 15:00:00,13.09,69.72,1004.26,S2
2024-11-24 16:00:00,14.03,72.94,1006.11,S1
2024-11-24 17:00:00,14.33,70.81,1014.8,S2
2024-11-24 18:00:00,15.03,71.21,1034.41,S1
2024-11-24 19:00:00,10.37,68.69,1010.68,S3
2024-11-24 20:00:00,14.51,76.39,1008.53,S1
2024-11-24 21:00:00,14.67,77.13,1014.8,S2
2024-11-24 22:00:00,14.33,80.65,1009.7,S3
2024-11-24 23:00:00,13.83,81.39,1009.55,S3
2024-11-25 00:00:00,7.35,61.69,1022.62,S1
2024-11-25 01:00:00,15.33,74.62,1008.03,S1
2024-11-25 02:00:00,12.26,65.66,1009.49,S1
2024-11-25 03:00:00,15.44,78.02,1023.0,S3
2024-11-25 04:00:00,16.72,73.21,998.71,S1
2024-11-25 05:00:00,10.87,67.95,1009.53,S2
2024-11-25 06:00:00,15.39,65.93,996.36,S3
2024-11-25 07:00:00,11.76,68.34,1008.01,S1
2024-11-25 08:00:00,14.15,67.6,1009.49,S3
2024-11-25 09:00:00,13.99,78.28,1009.66,S2
2024-11-25 10:00:00,15.76,71.99,1009.1,S2
2024-11-25 11:00:00,15.47,66.66,1015.81,S2
2024-11-25 12:00:00,14.79,73.77,1001.82,S1
2024-11-25 13:00:00,10.98,73.68,1016.9,S1
2024-11-25 14:00:00,9.24,71.02,1007.94,S3
2024-11-25 15:00:00,16.1,77.94,1020.58,S1
2024-11-25 16:00:00,15.78,74.66,1012.38,S3
2024-11-25 17:00:00,12.3,74.27,1007.08,S1
2024-11-25 18:00:00,14.99,62.61,999.9,S2
2024-11-25 19:00:00,13.88,70.16,1015.96,S1
2024-11-25 20:00:00,16.48,75.17,1011.08,S1
2024-11-25 21:00:00,14.48,73.76,1027.63,S1
2024-11-25 22:00:00,16.12,72.34,1028.39,S2
2024-11-25 23:00:00,13.1,75.38,1008.14,S3
2024-11-26 00:00:00,14.9,74.2,989.43,S1
2024-11-26 01:00:00,13.51,75.98,1021.87,S2
2024-11-26 02:00:00,13.11,73.93,1007.68,S1
2024-11-26 03:00:00,9.69,75.78,1009.5,S1
2024-11-26 04:00:00,16.2,75.53,1024.95,S2
2024-11-26 05:00:00,17.86,71.97,1016.47,S1
2024-11-26 06:00:00,11.59,72.24,1021.48,S1
2024-11-26 07:00:00,15.76,72.79,1023.63,S1
2024-11-26 08:00:00,15.68,66.19,1011.32,S1
2024-11-26 09:00:00,13.36,64.69,1019.84,S1
2024-11-26 10:00:00,12.92,74.94,1014.05,S2
2024-11-26 11:00:00,16.76,75.21,1018.39,S2
2024-11-26 12:00:00,16.55,72.3,1014.56,S1
2024-11-26 13:00:00,15.31,74.22,1026.61,S1
2024-11-26 14:00:00,13.38,75.73,1000.19,S3
2024-11-26 15:00:00,16.6,74.63,1008.66,S2
2024-11-26 16:00:00,12.75,75.26,1012.11,S1
2024-11-26 17:00:00,17.28,65.98,1014.21,S3
2024-11-26 18:00:00,17.7,80.7,1000.17,S2
2024-11-26 19:00:00,16.81,74.09,1005.56,S3
2024-11-26 20:00:00,15.14,77.16,1013.37,S3
2024-11-26 21:00:00,9.36,75.41,1007.56,S1
2024-11-26 22:00:00,14.09,67.34,995.85,S1
2024-11-26 23:00:00,18.0,69.07,1009.35,S2
2024-11-27 00:00:00,16.35,69.88,1000.87,S3
2024-11-27 01:00:00,15.35,78.25,1019.01,S3
2024-11-27 02:00:00,13.13,67.7,1015.95,S1
2024-11-27 03:00:00,16.54,66.26,1022.01,S2
2024-11-27 04:00:00,11.35,74.67,1015.08,S1
2024-11-27 05:00:00,14.16,81.3,1002.26,S2
2024-11-27 06:00:00,17.99,68.33,981.54,S3
2024-11-27 07:00:00,12.91,79.71,1024.43,S2
2024-11-27 08:00:00,15.74,76.28,1008.74,S3
2024-11-27 09:00:00,11.02,70.45,990.68,S2
2024-11-27 10:00:00,13.23,65.95,1028.67,S1
2024-11-27 11:00:00,14.9,70.88,1018.77,S1
2024-11-27 12:00:00,15.25,68.62,1028.53,S1
2024-11-27 13:00:00,18.69,78.58,1017.27,S2
2024-11-27 14:00:00,13.55,72.42,1019.65,S3
2024-11-27 15:00:00,15.75,75.0,1007.92,S1
2024-11-27 16:00:00,15.7,75.04,1020.12,S2
2024-11-27 17:00:00,13.4,69.4,1032.36,S2
2024-11-27 18:00:00,16.5,72.97,1021.3,S1
2024-11-27 19:00:00,15.93,77.62,1009.44,S1
2024-11-27 20:00:00,14.05,72.24,999.9,S1
2024-11-27 21:00:00,14.99,71.3,1024.45,S1
2024-11-27 22:00:00,12.69,76.08,1013.59,S2
2024-11-27 23:00:00,12.84,66.14,1014.02,S3
2024-11-28 00:00:00,14.58,61.63,993.21,S3
2024-11-28 01:00:00,16.12,74.09,992.48,S2
2024-11-28 02:00:00,13.97,77.78,1013.85,S3
2024-11-28 03:00:00,13.41,81.67,1004.01,S2
2024-11-28 04:00:00,14.18,73.65,1015.09,S2
2024-11-28 05:00:00,16.31,76.79,1022.53,S2
2024-11-28 06:00:00,11.95,79.27,1007.33,S3
2024-11-28 07:00:00,16.39,72.84,1015.34,S2
2024-11-28 08:00:00,15.69,69.48,1011.83,S2
2024-11-28 09:00:00,11.96,68.98,1042.52,S1
2024-11-28 10:00:00,14.21,71.23,1007.72,S1
2024-11-28 11:00:00,15.96,79.95,1006.02,S3
2024-11-28 12:00:00,10.87,77.37,1008.45,S1
2024-11-28 13:00:00,12.63,71.63,1024.64,S1
2024-11-28 14:00:00,11.66,78.95,1008.05,S1
2024-11-28 15:00:00,13.55,74.99,1020.4,S2
2024-11-28 16:00:00,16.79,71.65,1013.35,S1
2024-11-28 17:00:00,16.32,73.63,1013.62,S3
2024-11-28 18:00:00,13.72,74.76,1029.0,S2
2024-11-28 19:00:00,16.79,73.44,994.94,S3
2024-11-28 20:00:00,16.07,81.46,1014.33,S3
2024-11-28 21:00:00,17.3,72.02,1019.97,S3
2024-11-28 22:00:00,14.58,65.86,1016.94,S3
2024-11-28 23:00:00,15.84,74.34,998.34,S3
2024-11-29 00:00:00,21.51,71.32,1001.6,S1
2024-11-29 01:00:00,14.15,66.07,1015.78,S1
2024-11-29 02:00:00,14.65,76.11,989.65,S3
2024-11-29 03:00:00,14.47,54.76,1007.7,S3
2024-11-29 04:00:00,14.61,74.25,1000.7,S1
2024-11-29 05:00:00,15.91,60.96,1014.93,S3
2024-11-29 06:00:00,14.92,72.84,1011.43,S1
2024-11-29 07:00:00,12.08,75.59,1016.79,S3
2024-11-29 08:00:00,14.85,76.49,1004.33,S3
2024-11-29 09:00:00,13.77,76.87,1015.65,S2
2024-11-29 10:00:00,11.37,67.56,1013.04,S3
2024-11-29 11:00:00,17.12,73.79,1004.41,S2
2024-11-29 12:00:00,13.78,69.34,1023.95,S3
2024-11-29 13:00:00,15.61,69.06,1019.99,S2
2024-11-29 14:00:00,8.54,72.31,1006.62,S1
2024-11-29 15:00:00,15.86,70.76,1005.12,S3
2024-11-29 16:00:00,14.24,67.69,1022.29,S1
2024-11-29 17:00:00,11.76,74.49,996.88,S2
2024-11-29 18:00:00,13.77,75.62,1000.07,S2
2024-11-29 19:00:00,13.51,68.58,1017.8,S2
2024-11-29 20:00:00,16.39,71.97,1031.15,S2
2024-11-29 21:00:00,15.08,72.06,1006.96,S1
2024-11-29 22:00:00,11.86,72.15,1008.1,S2
2024-11-29 23:00:00,15.78,72.63,1010.8,S3
2024-11-30 00:00:00,10.77,74.36,1008.26,S2
2024-11-30 01:00:00,12.67,78.76,1008.73,S1
2024-11-30 02:00:00,14.95,73.58,1006.87,S1
2024-11-30 03:00:00,13.68,70.38,1014.87,S3
2024-11-30 04:00:00,17.32,72.88,1019.94,S1
2024-11-30 05:00:00,15.28,67.63,1014.58,S2
2024-11-30 06:00:00,16.2,68.46,1011.38,S3
2024-11-30 07:00:00,16.29,75.11,1006.92,S3
2024-11-30 08:00:00,14.08,57.31,1001.24,S1
2024-11-30 09:00:00,12.84,71.88,1000.01,S3
2024-11-30 10:00:00,14.88,77.61,998.02,S2
2024-11-30 11:00:00,16.72,74.99,1019.32,S2
2024-11-30 12:00:00,14.52,77.28,1007.18,S1
2024-11-30 13:00:00,16.18,74.66,1016.97,S2
2024-11-30 14:00:00,14.95,82.95,1005.86,S2
2024-11-30 15:00:00,11.9,66.84,1012.27,S1
2024-11-30 16:00:00,12.08,73.58,1009.61,S2
2024-11-30 17:00:00,18.14,76.64,1028.73,S1
2024-11-30 18:00:00,12.69,70.9,1008.24,S1
2024-11-30 19:00:00,13.76,78.91,1021.42,S1
2024-11-30 20:00:00,16.87,76.05,999.03,S3
2024-11-30 21:00:00,12.66,65.57,1026.54,S2
2024-11-30 22:00:00,13.68,74.84,1021.29,S2
2024-11-30 23:00:00,14.63,76.08,1007.12,S2
2024-12-01 00:00:00,14.38,81.21,1006.97,S1
2024-12-01 01:00:00,13.13,72.15,1024.92,S1
2024-12-01 02:00:00,14.69,75.85,1022.31,S2
2024-12-01 03:00:00,16.44,74.35,1010.64,S2
2024-12-01 04:00:00,14.84,70.25,1004.4,S2
2024-12-01 05:00:00,13.78,71.32,1023.76,S2
2024-12-01 06:00:00,16.99,62.11,1008.28,S3
2024-12-01 07:00:00,18.52,70.72,1016.36,S1
2024-12-01 08:00:00,17.02,80.94,1007.3,S3
2024-12-01 09:00:00,12.87,72.23,1010.8,S2
2024-12-01 10:00:00,12.93,77.32,1032.04,S1
2024-12-01 11:00:00,16.0,74.24,1012.23,S3
2024-12-01 12:00:00,15.48,75.23,1027.39,S3
2024-12-01 13:00:00,12.69,83.08,997.78,S1
2024-12-01 14:00:00,15.72,71.08,995.67,S3
2024-12-01 15:00:00,15.35,71.05,1018.83,S2
2024-12-01 16:00:00,18.12,78.56,1005.31,S3
2024-12-01 17:00:00,14.3,72.73,1012.76,S3
2024-12-01 18:00:00,17.95,71.78,991.8,S2
2024-12-01 19:00:00,18.04,77.91,992.68,S2
2024-12-01 20:00:00,13.84,74.44,1013.14,S3
2024-12-01 21:00:00,15.9,72.4,1008.16,S2
2024-12-01 22:00:00,14.78,71.45,1009.65,S1
2024-12-01 23:00:00,14.7,68.95,1029.68,S1
2024-12-02 00:00:00,15.71,65.43,1017.76,S2
2024-12-02 01:00:00,13.64,78.73,1034.45,S2
2024-12-02 02:00:00,12.03,71.06,1013.76,S1
2024-12-02 03:00:00,14.17,64.67,1027.95,S1
2024-12-02 04:00:00,17.6,82.11,1022.83,S3
2024-12-02 05:00:00,14.84,73.63,1007.94,S3
2024-12-02 06:00:00,15.2,73.31,1011.27,S3
2024-12-02 07:00:00,16.84,65.27,1009.45,S3
2024-12-02 08:00:00,12.07,76.12,1023.74,S1
2024-12-02 09:00:00,16.15,70.56,1015.76,S1
2024-12-02 10:00:00,18.62,70.58,1003.8,S1
2024-12-02 11:00:00,15.47,75.29,1000.13,S2
2024-12-02 12:00:00,11.44,73.83,1000.47,S1
2024-12-02 13:00:00,15.14,68.38,1004.04,S2
2024-12-02 14:00:00,16.52,66.12,1003.52,S2
2024-12-02 15:00:00,15.53,74.07,1000.93,S2
2024-12-02 16:00:00,15.86,73.64,1024.22,S3
2024-12-02 17:00:00,16.11,86.29,997.7,S2
2024-12-02 18:00:00,13.46,62.02,1017.05,S1
2024-12-02 19:00:00,13.72,74.0,1035.8,S1
2024-12-02 20:00:00,14.6,65.16,1013.87,S1
2024-12-02 21:00:00,16.13,71.2,1013.9,S1
2024-12-02 22:00:00,12.97,71.14,1015.28,S1
2024-12-02 23:00:00,19.47,76.0,998.23,S1
2024-12-03 00:00:00,10.52,76.14,1017.33,S2
2024-12-03 01:00:00,11.96,80.12,1016.35,S1
2024-12-03 02:00:00,16.48,74.53,1012.59,S2
2024-12-03 03:00:00,16.32,78.23,996.11,S3
2024-12-03 04:00:00,15.25,80.19,1031.93,S1
2024-12-03 05:00:00,16.75,74.61,1015.37,S3
2024-12-03 06:00:00,16.54,79.19,1000.77,S3
2024-12-03 07:00:00,15.41,74.39,1002.95,S3
2024-12-03 08:00:00,15.95,73.3,1005.23,S1
2024-12-03 09:00:00,9.14,70.11,1028.88,S2
2024-12-03 10:00:00,15.16,75.25,1011.76,S3
2024-12-03 11:00:00,15.34,75.06,1011.77,S1
2024-12-03 12:00:00,19.27,75.13,1007.7,S2
2024-12-03 13:00:00,13.8,79.06,1023.25,S3
2024-12-03 14:00:00,15.38,77.9,1023.78,S1
2024-12-03 15:00:00,18.31,65.99,997.87,S2
2024-12-03 16:00:00,16.59,66.09,1011.99,S2
2024-12-03 17:00:00,15.52,73.99,1010.85,S1
2024-12-03 18:00:00,17.4,68.5,1003.46,S3
2024-12-03 19:00:00,13.9,72.91,1007.18,S1
2024-12-03 20:00:00,18.94,68.83,1010.08,S3
2024-12-03 21:00:00,16.78,73.88,1002.92,S1
2024-12-03 22:00:00,12.25,68.31,1015.92,S2
2024-12-03 23:00:00,14.3,75.41,1015.71,S2
2024-12-04 00:00:00,11.2,68.06,1018.18,S2
2024-12-04 01:00:00,17.12,74.09,1008.32,S2
2024-12-04 02:00:00,16.66,64.98,991.51,S2
2024-12-04 03:00:00,14.62,67.77,1005.86,S1
2024-12-04 04:00:00,17.94,76.96,1002.48,S1
2024-12-04 05:00:00,15.38,79.84,1011.3,S1
2024-12-04 06:00:00,20.8,77.99,1018.73,S3
2024-12-04 07:00:00,13.16,77.23,1031.9,S3
2024-12-04 08:00:00,16.85,80.86,1003.94,S2
2024-12-04 09:00:00,14.78,78.28,1014.28,S2
2024-12-04 10:00:00,14.23,65.8,1014.75,S2
2024-12-04 11:00:00,15.24,78.23,1027.4,S3
2024-12-04 12:00:00,16.33,78.15,1015.2,S3
2024-12-04 13:00:00,15.72,64.11,1009.36,S1
2024-12-04 14:00:00,16.96,70.11,1012.57,S3
2024-12-04 15:00:00,16.83,81.38,1016.48,S2
2024-12-04 16:00:00,18.52,72.84,1020.39,S1
2024-12-04 17:00:00,13.22,67.79,1030.02,S3
2024-12-04 18:00:00,12.52,77.81,1029.0,S1
2024-12-04 19:00:00,15.5,72.12,1005.37,S3
2024-12-04 20:00:00,14.06,71.57,997.96,S3
2024-12-04 21:00:00,17.4,77.88,1000.51,S3
2024-12-04 22:00:00,13.52,75.53,1015.4,S2
2024-12-04 23:00:00,14.57,72.93,1024.27,S3
2024-12-05 00:00:00,15.01,75.18,1010.56,S2
2024-12-05 01:00:00,19.21,72.65,1003.41,S1
2024-12-05 02:00:00,19.9,78.1,998.34,S3
2024-12-05 03:00:00,13.41,66.45,1028.86,S2
2024-12-05 04:00:00,11.31,72.58,1008.15,S2
2024-12-05 05:00:00,14.56,71.48,997.57,S1
2024-12-05 06:00:00,15.64,75.08,1012.74,S1
2024-12-05 07:00:00,15.63,67.92,1013.03,S1
2024-12-05 08:00:00,15.56,81.06,1021.85,S3
2024-12-05 09:00:00,17.36,69.86,1001.07,S3
2024-12-05 10:00:00,14.93,78.86,1024.63,S1
2024-12-05 11:00:00,16.17,76.6,1026.17,S3
2024-12-05 12:00:00,17.04,74.65,1013.92,S2
2024-12-05 13:00:00,16.2,74.81,1019.06,S2
2024-12-05 14:00:00,17.11,64.3,1021.12,S3
2024-12-05 15:00:00,12.35,71.07,1007.0,S3
2024-12-05 16:00:00,16.0,89.85,999.12,S2
2024-12-05 17:00:00,16.24,74.67,1007.11,S2
2024-12-05 18:00:00,15.46,75.66,995.43,S3
2024-12-05 19:00:00,14.6,64.02,1017.73,S3
2024-12-05 20:00:00,16.72,72.4,1028.99,S1
2024-12-05 21:00:00,16.05,71.84,1004.4,S1
2024-12-05 22:00:00,15.71,69.92,1008.38,S3
2024-12-05 23:00:00,15.16,76.5,1010.48,S2
2024-12-06 00:00:00,15.25,71.5,1033.63,S3
2024-12-06 01:00:00,14.3,70.01,1008.45,S2
2024-12-06 02:00:00,14.89,66.29,1024.19,S3
2024-12-06 03:00:00,13.97,68.12,1013.36,S3
2024-12-06 04:00:00,15.08,68.73,981.3,S2
2024-12-06 05:00:00,16.59,71.94,1007.99,S2
2024-12-06 06:00:00,17.51,71.18,1021.79,S3
2024-12-06 07:00:00,15.77,70.53,1008.04,S2
2024-12-06 08:00:00,15.72,65.25,1018.12,S2
2024-12-06 09:00:00,16.17,68.64,1030.33,S3
2024-12-06 10:00:00,17.86,74.32,1018.18,S1
2024-12-06 11:00:00,15.45,80.98,1006.65,S1
2024-12-06 12:00:00,16.83,81.69,1020.11,S2
2024-12-06 13:00:00,16.65,83.69,1017.88,S3
2024-12-06 14:00:00,14.67,75.01,1022.71,S2
2024-12-06 15:00:00,17.34,73.42,1012.07,S3
2024-12-06 16:00:00,11.79,76.87,1004.91,S1
2024-12-06 17:00:00,18.06,71.92,1018.38,S1
2024-12-06 18:00:00,13.56,77.73,1018.69,S1
2024-12-06 19:00:00,15.67,72.91,1007.69,S2
2024-12-06 20:00:00,17.62,75.1,997.57,S1
2024-12-06 21:00:00,15.11,70.08,1008.43,S1
2024-12-06 22:00:00,16.44,78.55,1001.23,S2
2024-12-06 23:00:00,17.67,68.81,1010.31,S3
2024-12-07 00:00:00,19.68,70.56,1020.78,S1
2024-12-07 01:00:00,15.96,72.06,992.95,S3
2024-12-07 02:00:00,16.36,69.56,1016.1,S3
2024-12-07 03:00:00,16.09,76.58,1017.12,S2
2024-12-07 04:00:00,15.57,74.4,1003.76,S3
2024-12-07 05:00:00,13.33,68.88,1016.48,S3
2024-12-07 06:00:00,13.78,71.16,1024.7,S2
2024-12-07 07:00:00,16.0,74.47,1017.32,S3
2024-12-07 08:00:00,16.72,74.81,1033.57,S1
2024-12-07 09:00:00,18.57,69.0,1013.83,S2
2024-12-07 10:00:00,15.63,73.86,1023.03,S2
2024-12-07 11:00:00,19.11,76.9,1033.33,S2
2024-12-07 12:00:00,13.66,72.27,1018.08,S1
2024-12-07 13:00:00,16.49,68.66,1030.53,S3
2024-12-07 14:00:00,15.54,80.46,1017.57,S3
2024-12-07 15:00:00,13.46,76.95,1027.57,S3
2024-12-07 16:00:00,12.7,71.73,1001.82,S1
2024-12-07 17:00:00,15.23,74.29,1013.61,S3
2024-12-07 18:00:00,15.38,72.04,1037.71,S3
2024-12-07 19:00:00,14.33,68.87,994.8,S1
2024-12-07 20:00:00,17.64,77.24,1005.3,S1
2024-12-07 21:00:00,15.31,82.16,1034.75,S3
2024-12-07 22:00:00,14.16,78.36,1011.93,S1
2024-12-07 23:00:00,15.66,75.07,1011.92,S1
2024-12-08 00:00:00,14.88,72.26,1022.16,S1
2024-12-08 01:00:00,19.44,60.53,1025.54,S2
2024-12-08 02:00:00,15.53,81.7,1009.31,S2
2024-12-08 03:00:00,14.33,70.52,996.59,S3
2024-12-08 04:00:00,19.46,78.02,1003.73,S3
2024-12-08 05:00:00,17.63,78.57,1007.39,S1
2024-12-08 06:00:00,16.4,78.43,1001.25,S3
2024-12-08 07:00:00,14.6,66.87,1004.39,S2
2024-12-08 08:00:00,17.73,78.79,1013.09,S3
2024-12-08 09:00:00,13.28,71.5,1004.51,S3
2024-12-08 10:00:00,17.6,73.43,1030.66,S2
2024-12-08 11:00:00,16.72,73.29,1008.96,S2
2024-12-08 12:00:00,18.2,70.81,997.71,S1
2024-12-08 13:00:00,11.51,72.4,1024.74,S1
2024-12-08 14:00:00,14.39,74.6,1045.23,S1
2024-12-08 15:00:00,14.24,69.2,1009.7,S3
2024-12-08 16:00:00,14.01,65.74,1015.57,S3
2024-12-08 17:00:00,17.11,78.38,1026.04,S3
2024-12-08 18:00:00,15.67,75.36,1009.23,S2
2024-12-08 19:00:00,14.53,64.6,1031.75,S3
2024-12-08 20:00:00,14.07,75.95,996.95,S2
2024-12-08 21:00:00,14.36,73.02,1011.82,S3
2024-12-08 22:00:00,18.02,67.42,1004.85,S3
2024-12-08 23:00:00,16.16,71.21,1001.69,S2
2024-12-09 00:00:00,17.97,75.78,1005.11,S2
2024-12-09 01:00:00,21.64,68.98,1018.13,S2
2024-12-09 02:00:00,16.28,68.86,1022.21,S1
2024-12-09 03:00:00,13.49,71.12,1020.09,S1
2024-12-09 04:00:00,16.06,69.23,998.28,S3
2024-12-09 05:00:00,20.09,68.45,1018.51,S3
2024-12-09 06:00:00,18.52,68.36,1011.81,S3
2024-12-09 07:00:00,15.06,76.13,1007.18,S1
2024-12-09 08:00:00,15.75,69.43,1010.82,S3
2024-12-09 09:00:00,17.91,79.38,1029.66,S2
2024-12-09 10:00:00,17.33,84.76,1010.24,S2
2024-12-09 11:00:00,17.95,73.17,1020.64,S1
2024-12-09 12:00:00,15.9,84.07,1023.32,S2
2024-12-09 13:00:00,17.17,76.7,1021.8,S2
2024-12-09 14:00:00,15.79,74.8,1008.43,S3
2024-12-09 15:00:00,19.19,73.69,1008.97,S2
2024-12-09 16:00:00,13.36,64.22,1015.74,S2
2024-12-09 17:00:00,13.37,71.75,1007.46,S1
2024-12-09 18:00:00,14.99,68.38,1004.48,S2
2024-12-09 19:00:00,15.07,78.39,1013.99,S2
2024-12-09 20:00:00,13.38,82.58,1004.94,S3
2024-12-09 21:00:00,13.03,75.09,1008.68,S3
2024-12-09 22:00:00,18.59,75.28,1010.26,S3
2024-12-09 23:00:00,16.12,78.84,1007.45,S1
2024-12-10 00:00:00,15.98,74.62,1010.44,S3
2024-12-10 01:00:00,16.58,80.05,1008.69,S2
2024-12-10 02:00:00,19.67,85.86,1033.43,S1
2024-12-10 03:00:00,16.72,81.26,1030.69,S2
2024-12-10 04:00:00,16.27,70.93,1008.74,S2
2024-12-10 05:00:00,15.22,78.25,1008.43,S3
2024-12-10 06:00:00,17.7,70.71,1010.76,S1
2024-12-10 07:00:00,16.38,72.95,1015.39,S1
2024-12-10 08:00:00,19.82,82.28,1011.98,S3
2024-12-10 09:00:00,16.2,69.08,1013.16,S1
2024-12-10 10:00:00,18.55,72.09,1020.91,S2
2024-12-10 11:00:00,15.12,79.78,1004.32,S1
2024-12-10 12:00:00,15.1,69.79,1007.06,S2
2024-12-10 13:00:00,12.9,64.49,998.59,S1
2024-12-10 14:00:00,18.15,66.63,1008.99,S1
2024-12-10 15:00:00,16.49,71.04,1013.37,S3
2024-12-10 16:00:00,17.85,73.9,1013.45,S3
2024-12-10 17:00:00,19.97,72.58,1025.53,S1
2024-12-10 18:00:00,14.89,71.54,1004.26,S2
2024-12-10 19:00:00,14.6,74.49,996.68,S3
2024-12-10 20:00:00,15.02,71.62,1013.9,S3
2024-12-10 21:00:00,12.4,70.63,1011.16,S3
2024-12-10 22:00:00,16.22,75.26,1021.55,S1
2024-12-10 23:00:00,18.39,74.69,1013.82,S2
2024-12-11 00:00:00,16.72,79.2,1025.8,S2
2024-12-11 01:00:00,13.49,84.22,1011.6,S1
2024-12-11 02:00:00,15.92,63.58,1007.84,S2
2024-12-11 03:00:00,16.9,76.73,1020.09,S3
2024-12-11 04:00:00,18.58,74.93,1017.82,S2
2024-12-11 05:00:00,18.25,80.53,1005.86,S3
2024-12-11 06:00:00,15.97,71.6,1018.44,S3
2024-12-11 07:00:00,15.98,72.26,1017.41,S1
2024-12-11 08:00:00,17.87,67.69,1012.48,S3
2024-12-11 09:00:00,15.5,79.28,1024.2,S2
2024-12-11 10:00:00,18.4,74.84,1027.59,S2
2024-12-11 11:00:00,15.38,79.79,1007.2,S2
2024-12-11 12:00:00,19.81,72.01,1017.88,S2
2024-12-11 13:00:00,17.18,70.81,1013.73,S2
2024-12-11 14:00:00,12.8,77.81,1008.51,S3
2024-12-11 15:00:00,18.01,72.48,1011.78,S1
2024-12-11 16:00:00,17.24,77.33,995.34,S1
2024-12-11 17:00:00,17.71,76.73,1023.76,S2
2024-12-11 18:00:00,21.25,74.72,1020.88,S3
2024-12-11 19:00:00,16.23,71.15,993.78,S1
2024-12-11 20:00:00,13.66,75.98,1011.14,S2
2024-12-11 21:00:00,19.3,70.4,1016.36,S3
2024-12-11 22:00:00,13.21,74.69,1021.55,S1
2024-12-11 23:00:00,15.29,82.62,1010.37,S3
2024-12-12 00:00:00,16.87,80.41,1010.53,S2
2024-12-12 01:00:00,15.0,71.67,1016.68,S3
2024-12-12 02:00:00,16.67,75.57,1006.19,S1
2024-12-12 03:00:00,16.54,71.53,1029.64,S1
2024-12-12 04:00:00,19.89,75.63,1014.03,S3
2024-12-12 05:00:00,11.98,69.64,1014.94,S1
2024-12-12 06:00:00,17.0,70.95,1026.48,S3
2024-12-12 07:00:00,14.99,83.6,1012.76,S3
2024-12-12 08:00:00,15.72,74.9,1026.58,S2
2024-12-12 09:00:00,18.21,71.99,996.96,S2
2024-12-12 10:00:00,17.89,63.6,1024.54,S3
2024-12-12 11:00:00,17.55,75.08,1023.33,S1
2024-12-12 12:00:00,14.35,85.18,992.47,S2
2024-12-12 13:00:00,19.25,71.4,1009.77,S1
2024-12-12 14:00:00,15.13,72.33,1017.06,S3
2024-12-12 15:00:00,19.66,74.5,1021.11,S1
2024-12-12 16:00:00,15.6,71.09,1026.11,S1
2024-12-12 17:00:00,18.96,85.31,998.03,S3
2024-12-12 18:00:00,17.11,79.17,1013.8,S2
2024-12-12 19:00:00,13.57,77.75,1003.6,S2
2024-12-12 20:00:00,16.21,84.84,1005.91,S1
2024-12-12 21:00:00,20.33,82.8,1021.01,S3
2024-12-12 22:00:00,18.58,74.67,1005.04,S3
2024-12-12 23:00:00,16.07,72.89,1013.03,S2
2024-12-13 00:00:00,19.56,72.84,1008.56,S3
2024-12-13 01:00:00,17.52,71.58,1023.03,S3
2024-12-13 02:00:00,20.25,73.2,994.66,S1
2024-12-13 03:00:00,16.81,71.74,1025.41,S1
2024-12-13 04:00:00,16.39,68.67,1027.89,S2
2024-12-13 05:00:00,18.96,62.2,1018.95,S2
2024-12-13 06:00:00,17.5,79.53,1015.27,S1
2024-12-13 07:00:00,18.11,61.0,992.59,S3
2024-12-13 08:00:00,15.28,76.09,1019.43,S3
2024-12-13 09:00:00,19.35,79.16,1023.09,S1
2024-12-13 10:00:00,18.98,76.52,1014.01,S1
2024-12-13 11:00:00,19.73,73.58,1006.47,S1
2024-12-13 12:00:00,14.31,75.41,1027.63,S1
2024-12-13 13:00:00,14.71,72.15,1004.33,S3
2024-12-13 14:00:00,15.55,73.87,1024.3,S3
2024-12-13 15:00:00,16.57,72.76,1018.28,S2
2024-12-13 16:00:00,14.39,70.9,1011.27,S1
2024-12-13 17:00:00,18.34,80.29,1037.39,S2
2024-12-13 18:00:00,16.2,78.7,1017.83,S3
2024-12-13 19:00:00,19.59,73.6,1018.83,S2
2024-12-13 20:00:00,21.29,74.59,1018.11,S3
2024-12-13 21:00:00,15.91,70.62,1016.03,S3
2024-12-13 22:00:00,15.57,76.16,1012.03,S2
2024-12-13 23:00:00,18.6,73.84,1020.57,S2
2024-12-14 00:00:00,17.31,72.71,1013.99,S1
2024-12-14 01:00:00,17.86,75.65,994.78,S3
2024-12-14 02:00:00,19.79,74.79,1004.75,S1
2024-12-14 03:00:00,16.59,70.14,1024.51,S1
2024-12-14 04:00:00,15.01,78.87,1021.84,S3
2024-12-14 05:00:00,14.69,79.3,1002.62,S2
2024-12-14 06:00:00,16.8,70.98,1007.57,S1
2024-12-14 07:00:00,16.46,90.35,1006.86,S1
2024-12-14 08:00:00,18.9,69.66,1027.56,S3
2024-12-14 09:00:00,19.96,77.47,997.59,S2
2024-12-14 10:00:00,19.96,77.21,1006.86,S2
2024-12-14 11:00:00,15.79,78.0,1013.79,S1
2024-12-14 12:00:00,15.59,82.95,998.56,S3
2024-12-14 13:00:00,13.58,73.03,1013.82,S1
2024-12-14 14:00:00,17.22,74.62,1002.56,S2
2024-12-14 15:00:00,18.99,76.53,1004.62,S1
2024-12-14 16:00:00,15.81,65.99,1007.8,S3
2024-12-14 17:00:00,14.27,75.09,1011.19,S1
2024-12-14 18:00:00,21.01,76.42,1007.36,S2
2024-12-14 19:00:00,15.84,70.88,1013.95,S3
2024-12-14 20:00:00,17.03,85.34,1025.46,S3
2024-12-14 21:00:00,16.33,75.73,1021.67,S3
2024-12-14 22:00:00,14.6,70.74,1028.14,S3
2024-12-14 23:00:00,19.08,71.57,1012.25,S3
2024-12-15 00:00:00,13.78,70.48,1012.29,S1
2024-12-15 01:00:00,19.54,70.65,1015.08,S3
2024-12-15 02:00:00,17.83,76.13,997.67,S2
2024-12-15 03:00:00,16.76,76.59,1023.34,S3
2024-12-15 04:00:00,16.8,76.7,1009.25,S2
2024-12-15 05:00:00,18.22,77.83,1012.56,S2
2024-12-15 06:00:00,16.04,76.57,1017.27,S2
2024-12-15 07:00:00,17.68,85.34,1005.28,S2
2024-12-15 08:00:00,15.56,78.99,1005.59,S2
2024-12-15 09:00:00,13.04,69.29,1016.9,S1
2024-12-15 10:00:00,18.58,74.64,1017.36,S2
2024-12-15 11:00:00,22.23,68.82,1035.88,S2
2024-12-15 12:00:00,18.5,74.58,1015.44,S2
2024-12-15 13:00:00,17.28,67.44,1018.35,S1
2024-12-15 14:00:00,16.58,73.31,1036.25,S3
2024-12-15 15:00:00,16.65,73.94,1016.46,S2
2024-12-15 16:00:00,16.6,67.76,1017.33,S1
2024-12-15 17:00:00,17.8,74.56,983.87,S1
2024-12-15 18:00:00,12.63,72.62,1009.13,S1
2024-12-15 19:00:00,12.29,69.02,1015.04,S3
2024-12-15 20:00:00,18.32,79.11,1005.38,S1
2024-12-15 21:00:00,17.03,72.76,1015.13,S2
2024-12-15 22:00:00,15.46,80.13,1020.19,S2
2024-12-15 23:00:00,15.41,75.53,1022.24,S2
2024-12-16 00:00:00,16.33,72.55,1011.91,S3
2024-12-16 01:00:00,16.62,69.67,997.42,S1
2024-12-16 02:00:00,20.31,68.64,1013.86,S2
2024-12-16 03:00:00,15.33,75.45,1008.8,S2
2024-12-16 04:00:00,19.0,76.34,1005.33,S2
2024-12-16 05:00:00,18.66,70.32,1010.18,S3
2024-12-16 06:00:00,17.07,68.48,1009.53,S2
2024-12-16 07:00:00,19.03,78.02,1010.82,S1
2024-12-16 08:00:00,18.39,78.24,1008.43,S1
2024-12-16 09:00:00,15.0,70.39,1027.38,S3
2024-12-16 10:00:00,16.33,73.61,1015.66,S3
2024-12-16 11:00:00,18.3,77.12,1015.7,S3
2024-12-16 12:00:00,16.33,69.02,1017.16,S1
2024-12-16 13:00:00,18.76,70.15,999.26,S3
2024-12-16 14:00:00,19.87,78.63,1023.14,S3
2024-12-16 15:00:00,17.5,70.09,1045.52,S1
2024-12-16 16:00:00,16.35,74.89,1003.38,S2
2024-12-16 17:00:00,16.13,75.04,1006.25,S3
2024-12-16 18:00:00,16.84,68.56,1007.51,S2
2024-12-16 19:00:00,16.71,79.46,1015.99,S2
2024-12-16 20:00:00,19.31,66.76,1011.64,S2
2024-12-16 21:00:00,16.42,75.95,1007.85,S2
2024-12-16 22:00:00,17.25,72.26,1018.86,S3
2024-12-16 23:00:00,19.17,75.08,1016.88,S3
2024-12-17 00:00:00,16.95,73.39,1025.23,S3
2024-12-17 01:00:00,16.73,68.91,1014.44,S1
2024-12-17 02:00:00,19.37,73.07,1012.59,S1
2024-12-17 03:00:00,19.95,76.96,1008.66,S2
2024-12-17 04:00:00,17.72,73.36,1015.35,S1
2024-12-17 05:00:00,20.97,72.2,1002.58,S2
2024-12-17 06:00:00,17.99,64.66,1023.88,S2
2024-12-17 07:00:00,19.41,70.14,1019.26,S3
2024-12-17 08:00:00,21.58,70.88,1015.24,S3
2024-12-17 09:00:00,16.42,78.78,1008.97,S1
2024-12-17 10:00:00,16.64,72.65,1029.38,S3
2024-12-17 11:00:00,19.29,77.13,1007.52,S1
2024-12-17 12:00:00,17.38,70.71,1004.5,S3
2024-12-17 13:00:00,15.82,64.28,1009.91,S3
2024-12-17 14:00:00,17.01,79.52,1021.27,S1
2024-12-17 15:00:00,14.89,70.75,1027.33,S2
2024-12-17 16:00:00,17.77,79.27,1023.6,S1
2024-12-17 17:00:00,18.06,73.52,999.91,S3
2024-12-17 18:00:00,19.91,81.51,1012.41,S2
2024-12-17 19:00:00,20.11,90.53,1008.19,S3
2024-12-17 20:00:00,17.12,76.83,1016.97,S3
2024-12-17 21:00:00,21.97,67.79,1010.08,S3
2024-12-17 22:00:00,15.62,77.37,1020.75,S2
2024-12-17 23:00:00,14.97,76.5,1008.45,S3
2024-12-18 00:00:00,15.3,68.45,1004.56,S1
2024-12-18 01:00:00,15.45,71.33,1026.08,S1
2024-12-18 02:00:00,19.31,72.43,1012.68,S1
2024-12-18 03:00:00,21.17,76.4,1021.85,S2
2024-12-18 04:00:00,21.26,70.06,1001.48,S1
2024-12-18 05:00:00,14.05,69.44,1003.47,S3
2024-12-18 06:00:00,19.54,68.78,1000.32,S2
2024-12-18 07:00:00,20.88,65.28,1005.26,S3
2024-12-18 08:00:00,19.83,77.79,1006.23,S3
2024-12-18 09:00:00,16.58,75.06,1005.36,S3
2024-12-18 10:00:00,18.19,78.6,1012.61,S1
2024-12-18 11:00:00,15.95,71.08,1003.0,S1
2024-12-18 12:00:00,19.36,70.93,1005.43,S2
2024-12-18 13:00:00,14.94,76.37,1015.17,S2
2024-12-18 14:00:00,19.25,79.11,1032.61,S1
2024-12-18 15:00:00,16.47,79.58,1017.77,S1
2024-12-18 16:00:00,18.62,69.08,1016.84,S3
2024-12-18 17:00:00,17.39,79.4,1010.32,S1
2024-12-18 18:00:00,17.19,82.19,993.19,S3
2024-12-18 19:00:00,19.81,76.78,1011.0,S1
2024-12-18 20:00:00,20.97,80.46,1002.78,S3
2024-12-18 21:00:00,16.2,77.29,1023.23,S1
2024-12-18 22:00:00,18.31,69.07,1028.72,S1
2024-12-18 23:00:00,15.77,79.35,1003.9,S2
2024-12-19 00:00:00,17.03,76.62,1012.79,S2
2024-12-19 01:00:00,16.5,69.58,999.4,S3
2024-12-19 02:00:00,15.44,71.85,1021.28,S2
2024-12-19 03:00:00,20.09,76.75,1025.48,S2
2024-12-19 04:00:00,18.18,86.68,1018.7,S1
2024-12-19 05:00:00,16.89,83.69,1016.2,S3
2024-12-19 06:00:00,17.87,64.7,1012.56,S2
2024-12-19 07:00:00,20.39,74.7,1017.94,S2
2024-12-19 08:00:00,20.06,82.14,1010.26,S1
2024-12-19 09:00:00,19.13,72.68,1009.27,S1
2024-12-19 10:00:00,16.68,72.18,1025.54,S1
2024-12-19 11:00:00,18.26,72.01,1020.82,S3
2024-12-19 12:00:00,15.85,78.93,1007.3,S1
2024-12-19 13:00:00,17.87,76.63,1031.05,S3
2024-12-19 14:00:00,20.0,77.38,1006.04,S1
2024-12-19 15:00:00,20.38,73.73,1032.34,S2
2024-12-19 16:00:00,16.78,83.46,1000.0,S3
2024-12-19 17:00:00,19.73,73.15,1011.55,S1
2024-12-19 18:00:00,19.33,79.12,1017.55,S1
2024-12-19 19:00:00,17.6,64.34,1016.48,S2
2024-12-19 20:00:00,19.58,74.53,1014.83,S2
2024-12-19 21:00:00,20.55,72.38,1025.73,S2
2024-12-19 22:00:00,19.8,75.24,1017.42,S1
2024-12-19 23:00:00,16.0,66.61,1018.15,S2
2024-12-20 00:00:00,17.56,82.91,1006.94,S2
2024-12-20 01:00:00,18.92,75.57,1021.2,S3
2024-12-20 02:00:00,16.52,85.98,1008.58,S3
2024-12-20 03:00:00,21.25,78.66,1024.4,S3
2024-12-20 04:00:00,18.77,76.06,1027.42,S1
2024-12-20 05:00:00,17.25,74.82,1013.79,S3
2024-12-20 06:00:00,17.13,78.07,1018.24,S1
2024-12-20 07:00:00,16.78,78.54,1015.84,S2
2024-12-20 08:00:00,19.59,77.27,1012.3,S1
2024-12-20 09:00:00,19.83,86.07,1010.8,S1
2024-12-20 10:00:00,16.86,80.54,1001.67,S2
2024-12-20 11:00:00,21.13,71.59,1006.39,S3
2024-12-20 12:00:00,17.43,70.79,1013.97,S3
2024-12-20 13:00:00,16.62,76.97,1027.33,S3
2024-12-20 14:00:00,19.17,75.69,1016.43,S2
2024-12-20 15:00:00,15.82,76.15,1024.38,S1
2024-12-20 16:00:00,15.5,66.65,995.57,S2
2024-12-20 17:00:00,16.33,79.22,1026.63,S2
2024-12-20 18:00:00,16.67,72.9,1019.57,S2
2024-12-20 19:00:00,19.75,85.9,1023.39,S2
2024-12-20 20:00:00,15.67,75.95,993.57,S1
2024-12-20 21:00:00,19.0,74.22,1009.06,S3
2024-12-20 22:00:00,19.96,77.24,1002.51,S3
2024-12-20 23:00:00,21.17,71.49,1020.1,S2
2024-12-21 00:00:00,17.3,83.16,1018.1,S1
2024-12-21 01:00:00,17.47,86.65,1022.35,S2
2024-12-21 02:00:00,22.37,78.44,1009.21,S1
2024-12-21 03:00:00,21.01,78.12,1021.2,S2
2024-12-21 04:00:00,17.77,71.85,1013.03,S3
2024-12-21 05:00:00,20.62,74.74,1024.73,S3
2024-12-21 06:00:00,18.82,77.51,1019.89,S2
2024-12-21 07:00:00,18.37,69.05,1005.74,S3
2024-12-21 08:00:00,23.31,82.68,1015.89,S2
2024-12-21 09:00:00,20.5,67.12,999.16,S1
2024-12-21 10:00:00,22.13,64.45,1024.94,S1
2024-12-21 11:00:00,16.24,83.51,1019.65,S1
2024-12-21 12:00:00,21.97,78.69,1020.04,S1
2024-12-21 13:00:00,18.07,70.08,1022.19,S2
2024-12-21 14:00:00,18.05,75.58,1015.21,S3
2024-12-21 15:00:00,19.17,75.99,998.41,S1
2024-12-21 16:00:00,19.42,75.32,1022.65,S3
2024-12-21 17:00:00,20.52,69.64,1005.64,S2
2024-12-21 18:00:00,20.18,76.39,1004.8,S3
2024-12-21 19:00:00,17.12,80.63,1020.52,S3
2024-12-21 20:00:00,16.44,66.18,1007.77,S3
2024-12-21 21:00:00,18.05,72.39,1014.68,S2
2024-12-21 22:00:00,18.42,69.01,1020.27,S2
2024-12-21 23:00:00,18.63,71.0,1019.97,S2
2024-12-22 00:00:00,21.19,76.71,1024.01,S3
2024-12-22 01:00:00,18.83,68.34,1007.5,S1
2024-12-22 02:00:00,23.75,83.51,1009.96,S1
2024-12-22 03:00:00,21.37,75.17,1016.51,S3
2024-12-22 04:00:00,17.88,72.89,1000.15,S1
2024-12-22 05:00:00,14.94,65.35,1004.98,S1
2024-12-22 06:00:00,23.28,75.54,1004.13,S3
2024-12-22 07:00:00,17.94,75.11,992.0,S2
2024-12-22 08:00:00,20.37,68.21,1007.61,S1
2024-12-22 09:00:00,17.19,69.87,1013.12,S2
2024-12-22 10:00:00,21.73,83.44,1014.61,S1
2024-12-22 11:00:00,20.23,72.89,1008.4,S3
2024-12-22 12:00:00,16.37,75.06,1004.41,S3
2024-12-22 13:00:00,14.64,77.61,1011.8,S2
2024-12-22 14:00:00,18.93,74.07,1007.92,S2
2024-12-22 15:00:00,19.56,81.61,989.39,S2
2024-12-22 16:00:00,20.1,71.19,1004.35,S2
2024-12-22 17:00:00,17.02,72.72,1016.07,S3
2024-12-22 18:00:00,17.3,72.79,1012.9,S3
2024-12-22 19:00:00,14.81,70.88,1014.91,S3
2024-12-22 20:00:00,17.49,70.46,1019.15,S2
2024-12-22 21:00:00,15.34,75.0,1015.73,S3
2024-12-22 22:00:00,17.19,81.6,1013.88,S3
2024-12-22 23:00:00,19.28,68.97,1008.95,S1
2024-12-23 00:00:00,19.25,73.92,1006.16,S1
2024-12-23 01:00:00,17.29,78.68,1013.62,S1
2024-12-23 02:00:00,19.19,84.76,1002.76,S2
2024-12-23 03:00:00,21.6,79.56,1020.08,S2
2024-12-23 04:00:00,18.1,73.83,1003.47,S3
2024-12-23 05:00:00,16.1,72.06,1027.0,S3
2024-12-23 06:00:00,20.24,80.51,1012.45,S2
2024-12-23 07:00:00,20.86,79.28,1024.4,S1
2024-12-23 08:00:00,17.29,74.95,1002.26,S3
2024-12-23 09:00:00,17.31,73.83,1029.46,S1
2024-12-23 10:00:00,14.73,84.96,1002.16,S3
2024-12-23 11:00:00,17.78,84.19,1012.46,S1
2024-12-23 12:00:00,16.87,76.83,999.96,S3
2024-12-23 13:00:00,15.67,75.91,1013.21,S1
2024-12-23 14:00:00,18.0,69.13,1011.6,S1
2024-12-23 15:00:00,18.72,75.1,990.13,S2
2024-12-23 16:00:00,18.37,80.92,1014.45,S3
2024-12-23 17:00:00,18.1,65.23,1018.2,S1
2024-12-23 18:00:00,21.8,77.89,1004.42,S2
2024-12-23 19:00:00,19.38,78.33,1010.16,S3
2024-12-23 20:00:00,20.07,78.34,1010.78,S2
2024-12-23 21:00:00,22.4,71.62,1029.53,S1
2024-12-23 22:00:00,20.76,73.28,1014.99,S3
2024-12-23 23:00:00,18.24,71.79,1007.53,S1
2024-12-24 00:00:00,15.09,84.84,1002.03,S1
2024-12-24 01:00:00,18.06,82.68,995.89,S2
2024-12-24 02:00:00,21.72,76.76,1011.75,S1
2024-12-24 03:00:00,20.78,75.06,1014.17,S3
2024-12-24 04:00:00,18.09,74.86,1000.9,S2
2024-12-24 05:00:00,18.68,73.33,998.83,S1
2024-12-24 06:00:00,19.1,65.5,1017.72,S1
2024-12-24 07:00:00,17.62,75.1,1022.78,S1
2024-12-24 08:00:00,17.74,85.04,1010.11,S2
2024-12-24 09:00:00,17.56,76.37,1018.08,S3
2024-12-24 10:00:00,19.85,71.81,1011.97,S2
2024-12-24 11:00:00,16.76,76.2,1038.99,S1
2024-12-24 12:00:00,21.77,73.8,1012.17,S2
2024-12-24 13:00:00,18.88,69.93,1026.76,S1
2024-12-24 14:00:00,16.69,69.31,1018.66,S2
2024-12-24 15:00:00,20.96,75.09,1007.58,S1
2024-12-24 16:00:00,21.91,67.6,1018.9,S2
2024-12-24 17:00:00,25.2,75.0,1012.42,S1
2024-12-24 18:00:00,21.67,74.49,1002.81,S1
2024-12-24 19:00:00,17.18,78.52,1013.92,S2
2024-12-24 20:00:00,19.36,74.11,1008.7,S2
2024-12-24 21:00:00,24.01,69.66,1012.51,S1
2024-12-24 22:00:00,17.4,75.69,1012.3,S3
2024-12-24 23:00:00,16.42,80.14,1010.78,S1
2024-12-25 00:00:00,18.19,72.28,1003.46,S1
2024-12-25 01:00:00,16.95,82.95,1025.21,S3
2024-12-25 02:00:00,17.77,75.5,1012.27,S1
2024-12-25 03:00:00,17.67,73.14,1015.21,S2
2024-12-25 04:00:00,20.43,71.79,1011.02,S2
2024-12-25 05:00:00,16.41,75.9,1008.94,S3
2024-12-25 06:00:00,19.27,74.46,1014.99,S1
2024-12-25 07:00:00,17.49,68.5,1027.06,S2
2024-12-25 08:00:00,20.13,82.89,997.41,S1
2024-12-25 09:00:00,20.35,73.25,1002.09,S3
2024-12-25 10:00:00,20.83,82.85,1009.71,S2
2024-12-25 11:00:00,20.83,69.47,1005.12,S3
2024-12-25 12:00:00,17.81,79.74,1033.15,S1
2024-12-25 13:00:00,19.05,81.71,1009.52,S1
2024-12-25 14:00:00,22.01,81.3,1017.75,S1
2024-12-25 15:00:00,19.96,76.94,1010.16,S3
2024-12-25 16:00:00,20.86,79.92,987.64,S2
2024-12-25 17:00:00,16.66,77.28,1008.93,S3
2024-12-25 18:00:00,21.0,69.79,1001.29,S2
2024-12-25 19:00:00,15.33,77.0,1016.31,S1
2024-12-25 20:00:00,16.05,69.49,1010.01,S1
2024-12-25 21:00:00,17.32,68.82,1005.34,S3
2024-12-25 22:00:00,19.98,76.34,1011.86,S2
2024-12-25 23:00:00,20.33,71.99,1008.72,S1
2024-12-26 00:00:00,17.51,82.89,1023.21,S1
2024-12-26 01:00:00,15.3,83.37,1018.61,S3
2024-12-26 02:00:00,21.06,88.64,1030.32,S3
2024-12-26 03:00:00,20.34,68.13,1020.22,S2
2024-12-26 04:00:00,20.02,69.3,1017.89,S1
2024-12-26 05:00:00,23.03,79.29,1018.97,S2
2024-12-26 06:00:00,19.48,73.37,1020.34,S2
2024-12-26 07:00:00,17.21,71.33,995.0,S2
2024-12-26 08:00:00,21.86,73.04,1018.18,S3
2024-12-26 09:00:00,18.39,74.59,997.04,S2
2024-12-26 10:00:00,19.0,78.26,993.88,S2
2024-12-26 11:00:00,18.15,65.89,1001.88,S2
2024-12-26 12:00:00,17.56,77.0,1015.54,S3
2024-12-26 13:00:00,18.39,74.0,1000.0,S3
2024-12-26 14:00:00,22.28,70.99,1018.08,S1
2024-12-26 15:00:00,17.11,81.9,1029.36,S3
2024-12-26 16:00:00,21.39,72.81,1009.92,S3
2024-12-26 17:00:00,15.56,73.24,1015.03,S2
2024-12-26 18:00:00,22.47,73.56,1005.98,S1
2024-12-26 19:00:00,22.69,82.77,1000.75,S3
2024-12-26 20:00:00,17.24,75.5,1011.05,S1
2024-12-26 21:00:00,19.45,74.62,1005.21,S2
2024-12-26 22:00:00,20.59,79.38,1008.38,S3
2024-12-26 23:00:00,18.1,63.8,1005.69,S2
2024-12-27 00:00:00,23.08,75.98,999.6,S2
2024-12-27 01:00:00,19.36,76.05,1011.82,S1
2024-12-27 02:00:00,18.29,79.1,993.73,S3
2024-12-27 03:00:00,19.49,76.43,1018.05,S1
2024-12-27 04:00:00,17.87,69.32,996.1,S2
2024-12-27 05:00:00,19.39,66.67,1007.07,S3
2024-12-27 06:00:00,18.46,78.16,1024.68,S2
2024-12-27 07:00:00,17.8,72.51,1020.15,S1
2024-12-27 08:00:00,20.96,73.33,1012.98,S1
2024-12-27 09:00:00,15.99,70.68,1034.92,S2
2024-12-27 10:00:00,22.91,75.04,1013.94,S1
2024-12-27 11:00:00,19.85,74.61,1023.58,S1
2024-12-27 12:00:00,23.09,68.87,1006.74,S2
2024-12-27 13:00:00,21.33,78.83,984.14,S3
2024-12-27 14:00:00,16.73,71.41,1015.27,S3
2024-12-27 15:00:00,19.56,82.11,1017.44,S3
2024-12-27 16:00:00,15.84,76.03,1017.12,S2
2024-12-27 17:00:00,17.63,74.54,998.58,S2
2024-12-27 18:00:00,19.17,67.43,1042.78,S1
2024-12-27 19:00:00,18.04,77.68,1001.95,S3
2024-12-27 20:00:00,18.5,74.78,1014.02,S1
2024-12-27 21:00:00,18.13,75.83,1015.51,S2
2024-12-27 22:00:00,23.93,81.56,1021.19,S3
2024-12-27 23:00:00,19.71,79.33,1006.1,S2
2024-12-28 00:00:00,20.73,80.55,1018.23,S1
2024-12-28 01:00:00,19.39,62.92,1029.18,S1
2024-12-28 02:00:00,20.17,73.94,1008.42,S2
2024-12-28 03:00:00,15.39,67.02,1007.94,S2
2024-12-28 04:00:00,22.85,77.34,1002.9,S3
2024-12-28 05:00:00,18.08,65.57,1015.43,S2
2024-12-28 06:00:00,21.82,80.25,1004.12,S1
2024-12-28 07:00:00,21.9,82.83,1019.92,S1
2024-12-28 08:00:00,15.94,74.06,1008.17,S2
2024-12-28 09:00:00,19.66,76.7,1010.61,S2
2024-12-28 10:00:00,20.37,82.75,1003.04,S3
2024-12-28 11:00:00,19.78,85.43,1034.51,S1
2024-12-28 12:00:00,19.57,83.42,1014.02,S1
2024-12-28 13:00:00,18.71,77.68,1001.47,S1
2024-12-28 14:00:00,18.16,83.06,1015.77,S2
2024-12-28 15:00:00,21.71,70.16,996.05,S1
2024-12-28 16:00:00,20.39,71.57,1006.42,S2
2024-12-28 17:00:00,19.98,79.67,1017.26,S3
2024-12-28 18:00:00,16.41,75.13,1018.2,S2
2024-12-28 19:00:00,19.11,78.36,1021.95,S3
2024-12-28 20:00:00,19.52,79.57,1026.03,S3
2024-12-28 21:00:00,21.32,79.64,1011.24,S2
2024-12-28 22:00:00,16.15,65.73,1021.93,S3
2024-12-28 23:00:00,17.46,78.4,1021.03,S2
2024-12-29 00:00:00,23.25,71.83,1021.44,S1
2024-12-29 01:00:00,18.07,76.27,998.17,S2
2024-12-29 02:00:00,15.97,72.77,1015.59,S3
2024-12-29 03:00:00,18.28,72.88,1010.1,S3
2024-12-29 04:00:00,18.1,71.89,1026.04,S1
2024-12-29 05:00:00,20.99,78.79,1014.07,S2
2024-12-29 06:00:00,20.98,74.15,1009.02,S1
2024-12-29 07:00:00,17.77,73.75,1009.89,S3
2024-12-29 08:00:00,18.96,73.33,1009.32,S2
2024-12-29 09:00:00,20.79,77.93,1014.58,S3
2024-12-29 10:00:00,20.87,70.72,1016.22,S2
2024-12-29 11:00:00,17.67,82.94,1010.98,S1
2024-12-29 12:00:00,17.89,71.72,1009.76,S1
2024-12-29 13:00:00,23.98,72.81,1003.45,S3
2024-12-29 14:00:00,19.24,75.1,1027.42,S1
2024-12-29 15:00:00,22.75,77.36,1010.25,S1
2024-12-29 16:00:00,20.23,74.08,1015.4,S3
2024-12-29 17:00:00,21.97,73.82,1017.16,S3
2024-12-29 18:00:00,21.04,80.41,1015.73,S3
2024-12-29 19:00:00,20.13,63.64,1008.4,S2
2024-12-29 20:00:00,20.12,72.12,1018.95,S3
2024-12-29 21:00:00,17.32,70.87,1027.31,S2
2024-12-29 22:00:00,19.48,72.97,1019.75,S3
2024-12-29 23:00:00,18.78,81.96,1017.34,S2
2024-12-30 00:00:00,19.17,71.59,1019.48,S3
2024-12-30 01:00:00,19.1,74.53,1013.66,S2
2024-12-30 02:00:00,20.17,77.74,1010.24,S1
2024-12-30 03:00:00,21.13,71.08,1032.14,S3
2024-12-30 04:00:00,19.58,63.56,1028.33,S3
2024-12-30 05:00:00,21.77,62.21,1008.19,S2
2024-12-30 06:00:00,19.04,81.66,1024.35,S1
2024-12-30 07:00:00,20.05,77.27,1017.66,S1
2024-12-30 08:00:00,24.93,73.36,1014.3,S2
2024-12-30 09:00:00,17.49,73.29,1028.08,S3
2024-12-30 10:00:00,19.06,70.75,1014.17,S1
2024-12-30 11:00:00,16.28,75.81,1015.55,S3
2024-12-30 12:00:00,20.37,78.61,1017.89,S2
2024-12-30 13:00:00,19.95,70.52,1000.65,S3
2024-12-30 14:00:00,20.18,76.29,1015.73,S1
2024-12-30 15:00:00,18.11,70.68,999.16,S2
2024-12-30 16:00:00,18.42,74.54,1018.86,S1
2024-12-30 17:00:00,20.06,72.19,1018.43,S3
2024-12-30 18:00:00,17.15,79.55,1024.75,S3
2024-12-30 19:00:00,21.73,75.04,1019.26,S2
2024-12-30 20:00:00,17.19,69.24,1038.77,S1
2024-12-30 21:00:00,19.68,74.59,998.88,S1
2024-12-30 22:00:00,19.11,79.94,1012.81,S1
2024-12-30 23:00:00,18.99,68.96,1023.49,S2
